artist,weekly_streams,songs_charting,best_rank,average_rank,median_rank,top_10_songs,top_50_songs,week
adele,3159136.0,8,29,116.91836734693878,107.5,0,1,2016-12-26/2017-01-01
adele,27400768.0,9,21,124.24659231722428,125.0,0,1,2017-01-02/2017-01-08
adele,25786499.0,9,21,126.66851595006935,131.0,0,1,2017-01-09/2017-01-15
adele,24896079.0,8,23,126.02071005917159,131.5,0,1,2017-01-16/2017-01-22
adele,23983997.0,8,25,128.40740740740742,137.5,0,1,2017-01-23/2017-01-29
adele,23264610.0,8,26,130.71475409836066,138.0,0,1,2017-01-30/2017-02-05
adele,22331999.0,9,28,129.1137521222411,136.0,0,1,2017-02-06/2017-02-12
adele,36309370.0,9,18,119.49129989764586,122.0,0,3,2017-02-13/2017-02-19
adele,23955353.0,9,28,128.75564971751413,135.0,0,1,2017-02-20/2017-02-26
adele,21764118.0,9,27,131.08652246256239,137.0,0,1,2017-02-27/2017-03-05
adele,21921048.0,11,22,131.41652021089632,139.0,0,1,2017-03-06/2017-03-12
adele,14866426.0,9,26,139.1822033898305,146.0,0,1,2017-03-13/2017-03-19
adele,9529133.0,19,15,147.95238095238096,160.0,0,4,2017-03-20/2017-03-26
adele,8381252.0,14,18,149.2326203208556,157.0,0,3,2017-03-27/2017-04-02
adele,7512748.0,7,33,153.3404255319149,162.0,0,1,2017-04-03/2017-04-09
adele,6705247.0,7,41,151.1940789473684,157.5,0,1,2017-04-10/2017-04-16
adele,5980892.0,7,57,150.4927536231884,155.0,0,0,2017-04-17/2017-04-23
adele,4109431.0,7,62,152.31674208144796,154.0,0,0,2017-04-24/2017-04-30
adele,1594581.0,7,65,150.66871165644173,156.0,0,0,2017-05-01/2017-05-07
adele,1508798.0,7,69,154.19607843137254,159.0,0,0,2017-05-08/2017-05-14
adele,1062597.0,7,83,157.45689655172413,163.0,0,0,2017-05-15/2017-05-21
adele,873168.0,8,87,158.73529411764707,162.0,0,0,2017-05-22/2017-05-28
adele,868658.0,7,91,161.09803921568627,166.0,0,0,2017-05-29/2017-06-04
adele,584361.0,7,110,164.57647058823528,169.0,0,0,2017-06-05/2017-06-11
adele,512699.0,6,122,169.21052631578948,173.0,0,0,2017-06-12/2017-06-18
adele,475529.0,6,129,174.23611111111111,177.0,0,0,2017-06-19/2017-06-25
adele,1349846.0,7,119,168.47663551401868,174.0,0,0,2017-06-26/2017-07-02
adele,625356.0,6,112,168.95294117647057,173.0,0,0,2017-07-03/2017-07-09
adele,596659.0,7,111,168.3896103896104,173.0,0,0,2017-07-10/2017-07-16
adele,538752.0,8,121,171.953125,172.0,0,0,2017-07-17/2017-07-23
adele,545462.0,9,105,170.1551724137931,171.0,0,0,2017-07-24/2017-07-30
adele,583947.0,8,110,163.55172413793105,166.5,0,0,2017-07-31/2017-08-06
adele,537416.0,8,110,157.61818181818182,157.0,0,0,2017-08-07/2017-08-13
adele,531081.0,6,94,153.50980392156862,155.0,0,0,2017-08-14/2017-08-20
adele,481242.0,6,102,151.38636363636363,143.5,0,0,2017-08-21/2017-08-27
adele,550427.0,6,95,149.8409090909091,140.0,0,0,2017-08-28/2017-09-03
adele,631205.0,8,78,145.16981132075472,136.0,0,0,2017-09-04/2017-09-10
adele,504050.0,5,96,142.075,134.0,0,0,2017-09-11/2017-09-17
adele,572323.0,6,83,145.5,138.0,0,0,2017-09-18/2017-09-24
adele,506557.0,5,83,139.05714285714285,135.0,0,0,2017-09-25/2017-10-01
adele,524839.0,7,66,133.05714285714285,138.0,0,0,2017-10-02/2017-10-08
adele,505552.0,6,73,135.42857142857142,139.0,0,0,2017-10-09/2017-10-15
adele,476058.0,6,82,140.83333333333334,150.5,0,0,2017-10-16/2017-10-22
adele,485098.0,6,88,144.97297297297297,150.0,0,0,2017-10-23/2017-10-29
adele,547463.0,6,63,148.1219512195122,152.0,0,0,2017-10-30/2017-11-05
adele,480246.0,6,61,145.64864864864865,148.0,0,0,2017-11-06/2017-11-12
adele,476986.0,6,87,147.72222222222223,149.0,0,0,2017-11-13/2017-11-19
adele,540336.0,6,60,145.37142857142857,147.0,0,0,2017-11-20/2017-11-26
adele,324956.0,5,105,151.91304347826087,153.0,0,0,2017-11-27/2017-12-03
adele,236166.0,5,127,157.0,153.0,0,0,2017-12-04/2017-12-10
adele,195336.0,4,129,159.07142857142858,155.0,0,0,2017-12-11/2017-12-17
adele,39152.0,2,125,155.85714285714286,153.0,0,0,2017-12-18/2017-12-24
adele,438451.0,3,71,142.6,148.0,0,0,2017-12-25/2017-12-31
adele,704217.0,5,53,131.9607843137255,123.0,0,0,2018-01-01/2018-01-07
adele,721170.0,5,60,125.23913043478261,117.0,0,0,2018-01-08/2018-01-14
adele,574087.0,4,61,122.6923076923077,114.0,0,0,2018-01-15/2018-01-21
adele,525202.0,3,75,126.94594594594595,120.0,0,0,2018-01-22/2018-01-28
adele,408676.0,2,88,128.73333333333332,117.0,0,0,2018-01-29/2018-02-04
adele,459963.0,3,87,132.34375,124.0,0,0,2018-02-05/2018-02-11
adele,2297084.0,5,29,130.22222222222223,134.0,0,2,2018-02-12/2018-02-18
adele,436961.0,3,84,137.22857142857143,127.0,0,0,2018-02-19/2018-02-25
adele,259623.0,3,103,133.25,125.0,0,0,2018-02-26/2018-03-04
adele,353178.0,4,109,141.10714285714286,134.0,0,0,2018-03-05/2018-03-11
adele,289244.0,5,66,132.4,138.0,0,0,2018-03-12/2018-03-18
adele,291064.0,6,81,136.609756097561,138.0,0,0,2018-03-19/2018-03-25
adele,335145.0,5,73,138.5952380952381,138.5,0,0,2018-03-26/2018-04-01
adele,328502.0,3,76,133.5,138.0,0,0,2018-04-02/2018-04-08
adele,321154.0,3,75,137.6578947368421,126.5,0,0,2018-04-09/2018-04-15
adele,247758.0,4,59,140.03225806451613,153.0,0,0,2018-04-16/2018-04-22
adele,212244.0,4,83,149.76,156.0,0,0,2018-04-23/2018-04-29
adele,149487.0,4,76,158.8421052631579,159.0,0,0,2018-04-30/2018-05-06
adele,165817.0,4,80,165.4375,175.5,0,0,2018-05-07/2018-05-13
adele,123570.0,4,129,166.0,167.0,0,0,2018-05-14/2018-05-20
adele,46984.0,3,146,176.11111111111111,171.0,0,0,2018-05-21/2018-05-27
adele,41560.0,1,68,162.625,173.5,0,0,2018-05-28/2018-06-03
adele,90941.0,2,91,162.22222222222223,170.0,0,0,2018-06-04/2018-06-10
adele,24191.0,1,157,176.4,176.0,0,0,2018-06-11/2018-06-17
adele,35997.0,1,128,148.0,151.0,0,0,2018-06-18/2018-06-24
adele,32271.0,1,124,149.83333333333334,142.5,0,0,2018-06-25/2018-07-01
adele,40682.0,2,109,132.0,125.0,0,0,2018-07-02/2018-07-08
adele,43275.0,2,125,150.625,147.0,0,0,2018-07-09/2018-07-15
adele,86399.0,3,118,149.8,144.5,0,0,2018-07-16/2018-07-22
adele,79450.0,4,95,139.8,135.0,0,0,2018-07-23/2018-07-29
adele,57462.0,2,101,131.5,118.0,0,0,2018-07-30/2018-08-05
adele,112969.0,3,103,149.0,153.0,0,0,2018-08-06/2018-08-12
adele,124689.0,4,99,153.78571428571428,159.0,0,0,2018-08-13/2018-08-19
adele,74781.0,2,110,149.2,142.5,0,0,2018-08-20/2018-08-26
adele,87350.0,3,108,155.23076923076923,160.0,0,0,2018-08-27/2018-09-02
adele,86922.0,5,105,157.07692307692307,166.0,0,0,2018-09-03/2018-09-09
adele,120559.0,4,106,146.5,137.5,0,0,2018-09-10/2018-09-16
adele,123178.0,6,85,145.25,141.5,0,0,2018-09-17/2018-09-23
adele,127553.0,3,95,140.73333333333332,129.0,0,0,2018-09-24/2018-09-30
adele,84985.0,3,84,144.23076923076923,144.0,0,0,2018-10-01/2018-10-07
adele,83605.0,3,88,140.72727272727272,132.0,0,0,2018-10-08/2018-10-14
adele,82673.0,3,88,139.83333333333334,130.0,0,0,2018-10-15/2018-10-21
adele,85094.0,3,85,142.33333333333334,136.0,0,0,2018-10-22/2018-10-28
adele,75905.0,3,109,141.6,139.5,0,0,2018-10-29/2018-11-04
adele,73437.0,3,120,148.55555555555554,149.0,0,0,2018-11-05/2018-11-11
adele,138630.0,3,104,150.92307692307693,147.0,0,0,2018-11-12/2018-11-18
adele,90889.0,4,113,147.16666666666666,139.5,0,0,2018-11-19/2018-11-25
adele,160640.0,4,111,157.53333333333333,160.0,0,0,2018-11-26/2018-12-02
adele,79714.0,3,116,162.72727272727272,165.0,0,0,2018-12-03/2018-12-09
adele,59002.0,3,142,177.375,180.5,0,0,2018-12-10/2018-12-16
adele,22052.0,1,157,184.75,192.0,0,0,2018-12-17/2018-12-23
adele,90903.0,3,166,188.0,187.5,0,0,2018-12-24/2018-12-30
adele,195043.0,5,84,162.54166666666666,162.5,0,0,2018-12-31/2019-01-06
adele,248587.0,5,118,165.1290322580645,164.0,0,0,2019-01-07/2019-01-13
adele,134219.0,4,117,156.24,151.0,0,0,2019-01-14/2019-01-20
adele,100756.0,3,110,152.65,158.5,0,0,2019-01-21/2019-01-27
adele,93336.0,4,106,160.45,166.0,0,0,2019-01-28/2019-02-03
adele,61814.0,3,139,173.8181818181818,182.0,0,0,2019-02-04/2019-02-10
adele,1542515.0,4,35,132.20454545454547,151.0,0,1,2019-02-11/2019-02-17
adele,158855.0,3,117,161.43478260869566,159.0,0,0,2019-02-18/2019-02-24
adele,106346.0,4,106,161.0,158.0,0,0,2019-02-25/2019-03-03
adele,128284.0,4,120,165.6206896551724,171.0,0,0,2019-03-04/2019-03-10
adele,123871.0,4,118,161.66666666666666,159.0,0,0,2019-03-11/2019-03-17
adele,91774.0,4,115,162.08333333333334,159.0,0,0,2019-03-18/2019-03-24
adele,79417.0,3,138,169.1904761904762,171.0,0,0,2019-03-25/2019-03-31
adele,61791.0,2,140,170.14285714285714,163.0,0,0,2019-04-01/2019-04-07
adele,57172.0,2,146,171.58823529411765,172.0,0,0,2019-04-08/2019-04-14
adele,65550.0,3,145,164.57142857142858,164.0,0,0,2019-04-15/2019-04-21
adele,59152.0,2,144,170.57894736842104,165.0,0,0,2019-04-22/2019-04-28
adele,49522.0,2,139,170.5,168.0,0,0,2019-04-29/2019-05-05
adele,61763.0,2,139,170.11111111111111,171.0,0,0,2019-05-06/2019-05-12
adele,49948.0,3,138,166.25,166.0,0,0,2019-05-13/2019-05-19
adele,46135.0,2,150,175.66666666666666,179.0,0,0,2019-05-20/2019-05-26
adele,35335.0,2,168,185.3846153846154,189.0,0,0,2019-05-27/2019-06-02
adele,61568.0,2,169,184.0,184.0,0,0,2019-06-03/2019-06-09
adele,80359.0,2,155,182.7058823529412,187.0,0,0,2019-06-10/2019-06-16
adele,52852.0,2,166,181.13333333333333,183.0,0,0,2019-06-17/2019-06-23
adele,24184.0,2,186,194.16666666666666,195.0,0,0,2019-06-24/2019-06-30
adele,1683.0,1,200,200.0,200.0,0,0,2019-07-01/2019-07-07
adele,50489.0,1,175,186.8,189.0,0,0,2019-07-08/2019-07-14
adele,7905.0,2,193,196.5,196.5,0,0,2019-07-15/2019-07-21
adele,6033.0,1,192,192.0,192.0,0,0,2019-07-22/2019-07-28
adele,6070.0,1,182,182.0,182.0,0,0,2019-08-05/2019-08-11
adele,7859.0,2,189,191.5,191.5,0,0,2019-08-19/2019-08-25
adele,5793.0,1,196,196.0,196.0,0,0,2019-08-26/2019-09-01
adele,161311.0,1,92,119.83333333333333,128.0,0,0,2019-09-09/2019-09-15
adele,104018.0,2,148,169.0,167.5,0,0,2019-09-16/2019-09-22
adele,7746.0,1,195,196.66666666666666,196.0,0,0,2019-09-23/2019-09-29
adele,3911.0,1,191,193.5,193.5,0,0,2019-09-30/2019-10-06
adele,3814.0,1,198,199.0,199.0,0,0,2019-10-07/2019-10-13
adele,2921.0,1,198,198.0,198.0,0,0,2019-10-28/2019-11-03
adele,10632.0,1,183,184.5,184.5,0,0,2019-12-30/2020-01-05
adele,5722.0,1,185,185.0,185.0,0,0,2020-01-06/2020-01-12
adele,3293.0,1,200,200.0,200.0,0,0,2020-02-03/2020-02-09
adele,221669.0,3,113,153.5,150.5,0,0,2020-02-10/2020-02-16
adele,58759.0,1,191,195.5,195.5,0,0,2020-02-17/2020-02-23
adele,1427971.0,3,145,180.61904761904762,185.0,0,0,2020-05-04/2020-05-10
adele,57977.0,2,180,193.66666666666666,197.5,0,0,2020-05-11/2020-05-17
adele,6238.0,1,194,195.5,195.5,0,0,2020-05-18/2020-05-24
adele,57690.0,1,190,192.0,192.0,0,0,2020-06-01/2020-06-07
adele,86457.0,1,182,188.33333333333334,186.0,0,0,2020-06-08/2020-06-14
adele,143055.0,3,117,175.5,193.5,0,0,2020-06-22/2020-06-28
adele,140426.0,1,159,175.33333333333334,173.0,0,0,2020-06-29/2020-07-05
adele,6303.0,1,169,182.5,182.5,0,0,2020-09-21/2020-09-27
adele,64224.0,1,178,187.0,189.0,0,0,2020-10-12/2020-10-18
adele,725446.0,1,143,167.5,166.5,0,0,2020-10-19/2020-10-25
adele,3071136.0,1,152,178.0,181.0,0,0,2020-10-26/2020-11-01
adele,14759.0,1,168,186.8,193.0,0,0,2020-11-02/2020-11-08
adele,6452.0,1,173,182.0,182.0,0,0,2020-11-09/2020-11-15
adele,8659.0,1,191,194.33333333333334,193.0,0,0,2020-11-16/2020-11-22
adele,5812.0,1,190,190.0,190.0,0,0,2020-12-28/2021-01-03
adele,118955.0,1,134,158.8,170.0,0,0,2021-01-04/2021-01-10
adele,416974.0,1,142,179.42105263157896,182.0,0,0,2021-01-11/2021-01-17
adele,404210.0,2,117,179.57142857142858,187.0,0,0,2021-01-18/2021-01-24
adele,382788.0,1,131,168.95,174.0,0,0,2021-01-25/2021-01-31
adele,393312.0,3,130,175.45,184.5,0,0,2021-02-01/2021-02-07
adele,776649.0,3,43,150.7,162.0,0,1,2021-02-08/2021-02-14
adele,297732.0,1,160,179.78571428571428,180.0,0,0,2021-02-15/2021-02-21
adele,22937.0,1,180,183.5,182.5,0,0,2021-02-22/2021-02-28
adele,28550.0,1,178,187.4,185.0,0,0,2021-03-01/2021-03-07
adele,90977.0,2,136,174.875,183.5,0,0,2021-03-08/2021-03-14
adele,16677.0,1,168,181.66666666666666,185.0,0,0,2021-03-15/2021-03-21
adele,34122.0,1,167,190.33333333333334,195.0,0,0,2021-03-22/2021-03-28
adele,6461.0,1,198,198.0,198.0,0,0,2021-03-29/2021-04-04
adele,27092.0,1,171,182.5,186.0,0,0,2021-04-05/2021-04-11
adele,24257.0,1,155,185.6,197.0,0,0,2021-04-12/2021-04-18
adele,23510.0,1,176,182.0,178.0,0,0,2021-04-19/2021-04-25
adele,5060.0,1,199,199.0,199.0,0,0,2021-04-26/2021-05-02
adele,96646.0,1,153,180.4,183.0,0,0,2021-05-03/2021-05-09
adele,26171.0,1,187,195.2,196.0,0,0,2021-05-10/2021-05-16
adele,1299593.0,1,112,158.33333333333334,158.0,0,0,2021-08-23/2021-08-29
adele,2768753.0,1,111,160.94285714285715,167.0,0,0,2021-08-30/2021-09-05
adele,232783.0,3,122,169.14285714285714,168.0,0,0,2021-09-06/2021-09-12
adele,193541.0,3,121,169.7826086956522,170.0,0,0,2021-09-13/2021-09-19
adele,330129.0,3,111,171.75,173.0,0,0,2021-09-20/2021-09-26
adele,1456671.0,6,86,162.4,171.5,0,0,2021-09-27/2021-10-03
adele,23044772.0,13,25,136.37223974763407,146.0,0,4,2021-10-04/2021-10-10
adele,193604363.0,19,1,97.33149509803921,97.0,3,13,2021-10-11/2021-10-17
adele,267429481.0,18,1,87.41688311688311,82.0,2,12,2021-10-18/2021-10-24
adele,187915129.0,15,1,85.44031668696711,80.0,1,9,2021-10-25/2021-10-31
adele,142106892.0,14,1,81.51775848460932,82.0,1,5,2021-11-01/2021-11-07
adele,122626250.0,12,1,84.21931407942239,89.5,1,5,2021-11-08/2021-11-14
adele,377487165.0,24,1,74.95178335535006,66.0,12,17,2021-11-15/2021-11-21
adele,415794586.0,27,1,81.74951124144673,75.0,10,16,2021-11-22/2021-11-28
adele,207731727.0,23,1,92.39463601532567,94.0,4,9,2021-11-29/2021-12-05
adele,129131087.0,17,1,93.24635568513119,94.0,2,4,2021-12-06/2021-12-12
adele,103234516.0,15,1,89.00370713623725,72.0,2,4,2021-12-13/2021-12-19
adele,75778149.0,11,1,85.34716981132075,72.0,2,3,2021-12-20/2021-12-26
adele,86649463.0,14,1,82.25243664717348,63.5,2,4,2021-12-27/2022-01-02
adele,85747164.0,12,1,82.10536585365854,65.0,2,4,2022-01-03/2022-01-09
adele,81677435.0,11,1,76.78571428571429,58.0,2,4,2022-01-10/2022-01-16
adele,79393525.0,10,2,75.83567567567567,55.0,2,3,2022-01-17/2022-01-23
adele,75410686.0,9,3,69.66947115384616,50.0,2,3,2022-01-24/2022-01-30
adele,71634443.0,7,4,72.4219512195122,55.5,2,3,2022-01-31/2022-02-06
adele,71389608.0,9,3,73.3398773006135,57.0,1,4,2022-02-07/2022-02-13
adele,64302849.0,8,4,74.99601063829788,60.0,2,3,2022-02-14/2022-02-20
adele,57993785.0,6,6,77.11048158640227,62.0,2,3,2022-02-21/2022-02-27
adele,53228335.0,6,6,79.53393665158372,66.0,1,3,2022-02-28/2022-03-06
adele,50043462.0,6,7,83.44923076923077,72.0,2,3,2022-03-07/2022-03-13
adele,45917386.0,4,7,82.57095709570957,73.5,1,3,2022-03-14/2022-03-20
adele,41245086.0,5,8,84.48877374784111,76.0,1,3,2022-03-21/2022-03-27
adele,40676248.0,5,9,87.2787979966611,78.0,1,3,2022-03-28/2022-04-03
adele,38233605.0,4,11,90.02348993288591,80.0,0,3,2022-04-04/2022-04-10
adele,36266833.0,4,12,90.35623869801086,79.0,0,3,2022-04-11/2022-04-17
adele,35617848.0,4,12,89.8768656716418,78.0,0,2,2022-04-18/2022-04-24
adele,34653243.0,5,11,95.55598455598455,85.0,0,2,2022-04-25/2022-05-01
adele,32354781.0,5,13,99.15975103734439,92.0,0,2,2022-05-02/2022-05-08
adele,24673514.0,5,17,103.3922077922078,96.0,0,2,2022-05-09/2022-05-15
adele,20743678.0,4,17,105.90855457227138,103.0,0,2,2022-05-16/2022-05-22
adele,19945600.0,5,17,104.221875,92.5,0,2,2022-05-23/2022-05-29
adele,19299463.0,5,18,106.50160771704181,97.0,0,2,2022-05-30/2022-06-05
adele,19049591.0,5,23,109.37133550488599,105.0,0,2,2022-06-06/2022-06-12
adele,16601183.0,5,28,106.18326693227091,105.0,0,2,2022-06-13/2022-06-19
adele,14446510.0,4,30,103.72300469483568,98.0,0,2,2022-06-20/2022-06-26
adele,14408527.0,5,29,104.39555555555556,96.0,0,3,2022-06-27/2022-07-03
adele,14669129.0,5,29,106.70038910505836,102.0,0,3,2022-07-04/2022-07-10
adele,12717676.0,5,31,101.7378640776699,95.5,0,3,2022-07-11/2022-07-17
adele,12037142.0,4,30,102.89005235602095,96.0,0,3,2022-07-18/2022-07-24
adele,11430708.0,4,32,102.75824175824175,100.5,0,3,2022-07-25/2022-07-31
adele,11091400.0,4,32,105.30337078651685,102.0,0,3,2022-08-01/2022-08-07
adele,11038612.0,3,29,105.30508474576271,109.0,0,3,2022-08-08/2022-08-14
adele,10914093.0,4,33,106.9659090909091,106.0,0,3,2022-08-15/2022-08-21
adele,10930554.0,4,33,109.09941520467837,110.0,0,3,2022-08-22/2022-08-28
adele,10794032.0,3,32,107.93413173652695,114.0,0,2,2022-08-29/2022-09-04
adele,10836633.0,4,31,109.72254335260115,112.0,0,1,2022-09-05/2022-09-11
adele,10862835.0,4,34,112.3699421965318,112.0,0,1,2022-09-12/2022-09-18
adele,11097940.0,4,27,115.41340782122904,113.0,0,1,2022-09-19/2022-09-25
adele,11192354.0,4,34,118.25906735751295,112.0,0,1,2022-09-26/2022-10-02
adele,11203284.0,4,30,120.98453608247422,112.0,0,1,2022-10-03/2022-10-09
adele,11254649.0,4,28,119.97311827956989,112.5,0,1,2022-10-10/2022-10-16
adele,11181644.0,4,34,121.8103448275862,118.0,0,1,2022-10-17/2022-10-23
adele,11015731.0,4,38,129.52631578947367,125.0,0,1,2022-10-24/2022-10-30
adele,10973637.0,4,30,130.53179190751445,129.0,0,1,2022-10-31/2022-11-06
adele,11304751.0,4,29,127.85142857142857,124.0,0,1,2022-11-07/2022-11-13
adele,11738823.0,4,21,130.03125,128.5,0,1,2022-11-14/2022-11-20
adele,11161750.0,4,17,130.85,126.5,0,1,2022-11-21/2022-11-27
adele,11807291.0,4,18,128.70987654320987,127.0,0,1,2022-11-28/2022-12-04
adele,9637233.0,4,5,135.98591549295776,143.5,1,1,2022-12-05/2022-12-11
adele,10503806.0,5,4,141.53103448275863,147.0,1,2,2022-12-12/2022-12-18
adele,6319766.0,5,5,140.0097087378641,150.0,1,1,2022-12-19/2022-12-25
adele,11752466.0,6,4,135.05479452054794,133.0,1,1,2022-12-26/2023-01-01
adele,13593321.0,5,2,125.9446366782007,123.0,1,3,2023-01-02/2023-01-08
adele,14263971.0,5,2,125.3,122.0,1,2,2023-01-09/2023-01-15
adele,19225510.0,6,3,125.5141065830721,123.0,1,1,2023-01-16/2023-01-22
adele,23550554.0,6,3,128.63888888888889,130.0,1,2,2023-01-23/2023-01-29
adele,25372561.0,6,3,128.3840206185567,128.0,1,2,2023-01-30/2023-02-05
adele,27804131.0,7,2,128.01502145922746,128.5,1,3,2023-02-06/2023-02-12
adele,24940332.0,7,4,139.31105398457584,145.0,1,2,2023-02-13/2023-02-19
adele,23382123.0,5,4,138.5887323943662,141.0,1,2,2023-02-20/2023-02-26
adele,23515992.0,6,4,133.49847094801223,137.0,1,2,2023-02-27/2023-03-05
adele,24096324.0,6,3,131.57267441860466,129.0,1,2,2023-03-06/2023-03-12
adele,24820362.0,5,3,133.55714285714285,136.5,1,2,2023-03-13/2023-03-19
adele,25165119.0,6,2,128.09722222222223,128.0,1,2,2023-03-20/2023-03-26
adele,26916077.0,6,4,129.89124668435014,131.0,1,2,2023-03-27/2023-04-02
adele,23869312.0,5,1,132.83231707317074,137.0,1,2,2023-04-03/2023-04-09
adele,24141499.0,5,1,132.37388724035608,136.0,1,2,2023-04-10/2023-04-16
adele,22728307.0,5,1,132.9935691318328,140.0,1,2,2023-04-17/2023-04-23
adele,31701443.0,7,1,126.1712158808933,127.0,1,2,2023-04-24/2023-04-30
adele,28137530.0,6,2,122.99466666666666,121.0,1,2,2023-05-01/2023-05-07
adele,30105586.0,5,2,122.98655913978494,126.0,1,2,2023-05-08/2023-05-14
adele,29327906.0,5,1,124.97971014492754,129.0,1,2,2023-05-15/2023-05-21
adele,27990776.0,5,1,130.33018867924528,130.5,1,2,2023-05-22/2023-05-28
adele,24225997.0,5,1,133.11221122112212,139.0,1,2,2023-05-29/2023-06-04
adele,25428748.0,5,1,135.58450704225353,141.0,1,2,2023-06-05/2023-06-11
adele,23175385.0,5,1,131.90733590733592,139.0,1,2,2023-06-12/2023-06-18
adele,20659068.0,5,1,137.50980392156862,146.0,1,2,2023-06-19/2023-06-25
adele,20834862.0,5,1,139.67307692307693,147.0,1,2,2023-06-26/2023-07-02
adele,19640909.0,5,1,132.1726907630522,137.0,1,2,2023-07-03/2023-07-09
adele,16911816.0,5,1,134.02777777777777,139.5,1,2,2023-07-10/2023-07-16
adele,16828218.0,5,2,139.80408163265307,151.0,1,2,2023-07-17/2023-07-23
adele,15114567.0,5,2,140.5275229357798,146.5,1,2,2023-07-24/2023-07-30
adele,15653205.0,5,2,142.9430894308943,153.5,1,2,2023-07-31/2023-08-06
adele,15303628.0,6,2,138.83690987124464,142.0,1,2,2023-08-07/2023-08-13
adele,14920911.0,6,3,141.85152838427948,147.0,1,1,2023-08-14/2023-08-20
adele,14987766.0,6,2,139.3531914893617,143.0,1,1,2023-08-21/2023-08-27
adele,15964844.0,6,2,139.74806201550388,147.5,1,1,2023-08-28/2023-09-03
adele,14983960.0,6,4,137.08677685950414,146.5,1,1,2023-09-04/2023-09-10
adele,21363117.0,6,6,135.9237804878049,143.0,1,1,2023-09-11/2023-09-17
adele,20685497.0,6,6,135.7774193548387,141.0,1,1,2023-09-18/2023-09-24
adele,17977817.0,6,6,135.6135593220339,139.0,1,1,2023-09-25/2023-10-01
adele,19413063.0,6,7,137.62093862815885,142.0,1,1,2023-10-02/2023-10-08
adele,16071645.0,6,5,137.20848056537102,143.0,1,1,2023-10-09/2023-10-15
adele,16155079.0,6,7,132.32871972318338,136.0,1,2,2023-10-16/2023-10-22
adele,18895418.0,7,5,135.45220588235293,143.5,1,2,2023-10-23/2023-10-29
adele,20089994.0,6,4,136.02739726027397,143.0,1,2,2023-10-30/2023-11-05
adele,20118436.0,6,8,135.03886925795052,144.0,1,1,2023-11-06/2023-11-12
adele,23045989.0,6,5,133.19540229885058,135.0,1,1,2023-11-13/2023-11-19
adele,22395646.0,6,5,127.49785407725322,127.0,1,2,2023-11-20/2023-11-26
adele,15847122.0,6,7,135.0388888888889,142.5,1,2,2023-11-27/2023-12-03
adele,12368755.0,6,11,142.89795918367346,156.0,0,1,2023-12-04/2023-12-10
adele,11158119.0,6,9,138.96453900709218,151.0,1,2,2023-12-11/2023-12-17
adele,8112281.0,6,11,140.34074074074073,153.0,0,2,2023-12-18/2023-12-24
adele,15653431.0,6,9,141.01149425287358,150.0,1,2,2023-12-25/2023-12-31
adele,21515631.0,6,9,143.11811023622047,150.0,1,2,2024-01-01/2024-01-07
adele,24268426.0,6,7,143.1715481171548,151.0,1,2,2024-01-08/2024-01-14
adele,20722138.0,6,10,144.75943396226415,154.5,1,2,2024-01-15/2024-01-21
adele,18316074.0,6,10,143.5497382198953,153.0,1,2,2024-01-22/2024-01-28
adele,16040032.0,6,11,137.65625,144.5,0,2,2024-01-29/2024-02-04
adele,16629976.0,6,10,134.76153846153846,137.5,1,2,2024-02-05/2024-02-11
adele,16474888.0,7,12,131.5625,134.0,0,2,2024-02-12/2024-02-18
adele,15203251.0,6,10,134.94350282485877,142.0,1,2,2024-02-19/2024-02-25
adele,14402951.0,5,13,133.1939393939394,137.0,0,2,2024-02-26/2024-03-03
adele,13550332.0,5,18,140.69402985074626,147.5,0,2,2024-03-04/2024-03-10
adele,11936681.0,5,26,145.63106796116506,155.0,0,1,2024-03-11/2024-03-17
adele,9238369.0,4,26,143.9718309859155,163.0,0,1,2024-03-18/2024-03-24
adele,6203676.0,3,32,141.41379310344828,154.0,0,1,2024-03-25/2024-03-31
adele,215333.0,3,34,124.44827586206897,141.0,0,1,2024-04-01/2024-04-07
adele,169341.0,3,24,117.32,102.0,0,1,2024-04-08/2024-04-14
adele,1438536.0,3,24,137.9375,174.0,0,1,2024-04-15/2024-04-21
adele,1627116.0,3,30,138.83333333333334,161.0,0,1,2024-04-22/2024-04-28
adele,133065.0,3,31,105.94736842105263,125.0,0,1,2024-04-29/2024-05-05
adele,129899.0,3,35,115.0,139.0,0,1,2024-05-06/2024-05-12
adele,137639.0,3,32,109.21052631578948,139.0,0,1,2024-05-13/2024-05-19
adele,322512.0,3,39,126.70370370370371,141.0,0,1,2024-05-20/2024-05-26
adele,367393.0,4,33,128.6451612903226,140.0,0,1,2024-05-27/2024-06-02
adele,219600.0,4,39,108.30434782608695,93.0,0,1,2024-06-03/2024-06-09
adele,435451.0,4,38,137.3658536585366,146.0,0,1,2024-06-10/2024-06-16
adele,197144.0,4,38,119.03703703703704,97.0,0,1,2024-06-17/2024-06-23
adele,97440.0,3,36,104.57142857142857,91.0,0,1,2024-06-24/2024-06-30
adele,208144.0,4,38,128.93103448275863,142.0,0,1,2024-07-01/2024-07-07
adele,209514.0,3,37,136.93548387096774,151.0,0,1,2024-07-08/2024-07-14
adele,213362.0,4,37,140.32258064516128,155.0,0,1,2024-07-15/2024-07-21
adele,229721.0,4,39,135.96875,154.5,0,1,2024-07-22/2024-07-28
adele,7097192.0,6,39,140.33,148.0,0,1,2024-07-29/2024-08-04
adele,41448704.0,6,32,137.41237113402062,138.0,0,1,2024-08-05/2024-08-11
adele,40658603.0,6,31,138.40100250626566,141.0,0,1,2024-08-12/2024-08-18
adele,48396067.0,6,31,129.23140495867767,127.0,0,2,2024-08-19/2024-08-25
adele,50813467.0,6,36,129.86278586278587,131.0,0,3,2024-08-26/2024-09-01
adele,66951247.0,8,33,128.8222891566265,130.5,0,3,2024-09-02/2024-09-08
adele,58001071.0,7,31,127.32352941176471,123.0,0,3,2024-09-09/2024-09-15
adele,46592930.0,6,40,135.04444444444445,139.0,0,3,2024-09-16/2024-09-22
adele,44703955.0,6,41,138.56382978723406,142.0,0,3,2024-09-23/2024-09-29
adele,36163360.0,6,36,139.48837209302326,144.0,0,3,2024-09-30/2024-10-06
adele,31914241.0,6,36,140.0,148.0,0,2,2024-10-07/2024-10-13
adele,22809419.0,6,40,142.93916349809885,150.0,0,2,2024-10-14/2024-10-20
adele,15734955.0,6,48,144.93073593073592,151.0,0,1,2024-10-21/2024-10-27
adele,20427178.0,5,48,147.8110599078341,155.0,0,2,2024-10-28/2024-11-03
adele,22834593.0,5,48,144.88732394366198,151.0,0,1,2024-11-04/2024-11-10
adele,17559122.0,5,51,148.74358974358975,156.0,0,0,2024-11-11/2024-11-17
adele,8878097.0,5,46,148.264,161.0,0,1,2024-11-18/2024-11-24
adele,3779595.0,4,64,142.88888888888889,158.0,0,0,2024-11-25/2024-12-01
adele,717378.0,4,68,141.9591836734694,154.0,0,0,2024-12-02/2024-12-08
adele,1202095.0,5,73,144.75471698113208,154.0,0,0,2024-12-09/2024-12-15
adele,4412178.0,5,75,157.56666666666666,171.0,0,0,2024-12-16/2024-12-22
adele,2942533.0,4,75,151.81967213114754,162.0,0,0,2024-12-23/2024-12-29
adele,7685863.0,6,71,148.22429906542055,155.0,0,0,2024-12-30/2025-01-05
adele,10527257.0,6,72,149.80620155038758,156.0,0,0,2025-01-06/2025-01-12
adele,12889222.0,6,72,148.5562913907285,153.0,0,0,2025-01-13/2025-01-19
adele,12672314.0,6,65,151.12413793103448,157.0,0,0,2025-01-20/2025-01-26
adele,12187658.0,6,55,151.1448275862069,160.0,0,0,2025-01-27/2025-02-02
adele,10760184.0,6,70,154.25352112676057,156.0,0,0,2025-02-03/2025-02-09
adele,10932904.0,6,65,149.35915492957747,156.0,0,0,2025-02-10/2025-02-16
adele,13229058.0,5,85,150.5734265734266,157.0,0,0,2025-02-17/2025-02-23
adele,11172237.0,5,78,150.68103448275863,158.5,0,0,2025-02-24/2025-03-02
adele,10901935.0,5,98,154.06756756756758,159.0,0,0,2025-03-03/2025-03-09
adele,11582611.0,5,67,144.3450704225352,147.0,0,0,2025-03-10/2025-03-16
adele,7768895.0,5,68,139.29090909090908,141.0,0,0,2025-03-17/2025-03-23
adele,7457525.0,6,68,130.09574468085106,123.5,0,0,2025-03-24/2025-03-30
adele,5615449.0,6,70,133.3448275862069,134.0,0,0,2025-03-31/2025-04-06
adele,2991158.0,6,78,143.33802816901408,144.0,0,0,2025-04-07/2025-04-13
adele,2826810.0,5,108,151.28813559322035,151.0,0,0,2025-04-14/2025-04-20
adele,2561640.0,6,105,149.67857142857142,145.0,0,0,2025-04-21/2025-04-27
adele,1670176.0,6,106,158.5,155.5,0,0,2025-04-28/2025-05-04
adele,1805004.0,4,109,161.65625,169.0,0,0,2025-05-05/2025-05-11
adele,1107372.0,5,101,162.96,175.0,0,0,2025-05-12/2025-05-18
adele,1019973.0,6,105,158.4375,167.0,0,0,2025-05-19/2025-05-25
adele,766383.0,5,104,160.10714285714286,175.0,0,0,2025-05-26/2025-06-01
adele,123691.0,3,115,151.2,152.0,0,0,2025-06-02/2025-06-08
adele,123209.0,2,115,147.0,139.0,0,0,2025-06-09/2025-06-15
adele,76355.0,3,118,161.46153846153845,167.0,0,0,2025-06-16/2025-06-22
adele,55163.0,2,136,158.22222222222223,153.0,0,0,2025-06-23/2025-06-29
adele,54908.0,2,132,167.5,171.0,0,0,2025-06-30/2025-07-06
adele,48060.0,2,141,169.41666666666666,170.0,0,0,2025-07-07/2025-07-13
adele,39634.0,2,149,163.625,160.0,0,0,2025-07-14/2025-07-20
adele,91159.0,3,145,171.78571428571428,175.0,0,0,2025-07-21/2025-07-27
adele,99209.0,3,142,168.92857142857142,166.0,0,0,2025-07-28/2025-08-03
adele,37717.0,2,146,166.0,162.0,0,0,2025-08-04/2025-08-10
adele,96194.0,2,159,175.25,170.5,0,0,2025-08-11/2025-08-17
adele,138510.0,2,140,163.0,163.0,0,0,2025-08-18/2025-08-24
adele,326600.0,2,121,162.2173913043478,164.0,0,0,2025-08-25/2025-08-31
adele,242715.0,3,118,156.54166666666666,159.0,0,0,2025-09-01/2025-09-07
adele,258651.0,3,121,166.4,172.0,0,0,2025-09-08/2025-09-14
adele,266619.0,3,136,166.56,168.0,0,0,2025-09-15/2025-09-21
adele,248083.0,3,115,169.24,172.0,0,0,2025-09-22/2025-09-28
adele,1371106.0,4,107,159.67857142857142,162.0,0,0,2025-09-29/2025-10-05
adele,269771.0,5,120,163.5,166.5,0,0,2025-10-06/2025-10-12
adele,251013.0,3,113,157.32142857142858,170.0,0,0,2025-10-13/2025-10-19
adele,233512.0,3,112,156.96774193548387,156.0,0,0,2025-10-20/2025-10-26
adele,1555298.0,3,112,161.41666666666666,158.0,0,0,2025-10-27/2025-11-02
adele,162551.0,3,116,162.76190476190476,156.0,0,0,2025-11-03/2025-11-09
adele,321404.0,3,118,164.625,167.0,0,0,2025-11-10/2025-11-16
adele,310157.0,3,103,169.5151515151515,173.0,0,0,2025-11-17/2025-11-23
adele,235976.0,3,131,172.96,181.0,0,0,2025-11-24/2025-11-30
adele,237482.0,3,124,168.82758620689654,172.0,0,0,2025-12-01/2025-12-07
adele,114650.0,3,123,166.5625,165.0,0,0,2025-12-08/2025-12-14
adele,72894.0,3,138,170.73333333333332,171.0,0,0,2025-12-15/2025-12-21
adele,40927.0,3,147,171.55555555555554,171.0,0,0,2025-12-22/2025-12-28
adele,146925.0,4,142,176.5,176.5,0,0,2025-12-29/2026-01-04
adele,34409.0,3,136,174.28571428571428,167.0,0,0,2026-01-05/2026-01-11
adele,40414.0,2,157,174.0,173.0,0,0,2026-01-12/2026-01-18
adele,44415.0,3,159,181.1,181.0,0,0,2026-01-19/2026-01-25
adele,70130.0,3,155,180.23076923076923,184.0,0,0,2026-01-26/2026-02-01
adele,34094.0,2,124,161.66666666666666,166.0,0,0,2026-02-02/2026-02-08
adele,58180.0,4,149,170.55555555555554,169.0,0,0,2026-02-09/2026-02-15
adele,209545.0,4,154,184.8,189.0,0,0,2026-02-16/2026-02-22
adele,1613963.0,2,100,130.3,112.5,0,0,2026-02-23/2026-03-01
adele,1658094.0,2,104,141.76470588235293,123.0,0,0,2026-03-02/2026-03-08
adele,1604537.0,2,111,151.91666666666666,131.0,0,0,2026-03-09/2026-03-15
adele,1413822.0,1,118,131.85714285714286,134.0,0,0,2026-03-16/2026-03-22
adele,1466007.0,2,117,138.625,130.5,0,0,2026-03-23/2026-03-29
adele,1619854.0,2,114,136.4,120.5,0,0,2026-03-30/2026-04-05
adele,1690877.0,2,111,131.66666666666666,117.0,0,0,2026-04-06/2026-04-12
adele,1756489.0,2,113,148.58333333333334,128.5,0,0,2026-04-13/2026-04-19
adele,1853195.0,2,104,133.78571428571428,130.5,0,0,2026-04-20/2026-04-26
adele,1861565.0,2,108,142.42857142857142,138.5,0,0,2026-04-27/2026-05-03
adele,1873963.0,2,97,135.78571428571428,134.0,0,0,2026-05-04/2026-05-10
adele,1823839.0,3,98,144.13333333333333,149.0,0,0,2026-05-11/2026-05-17
adele,1740876.0,3,101,153.75,167.0,0,0,2026-05-18/2026-05-24
adele,880354.0,2,123,143.5,127.0,0,0,2026-05-25/2026-05-31
beyonce,54264.0,3,176,184.66666666666666,189.0,0,0,2016-12-26/2017-01-01
beyonce,115364.0,4,143,176.4,175.0,0,0,2017-01-02/2017-01-08
beyonce,181368.0,4,146,180.11111111111111,192.0,0,0,2017-01-09/2017-01-15
beyonce,215981.0,4,114,168.54545454545453,175.0,0,0,2017-01-16/2017-01-22
beyonce,898633.0,3,84,170.35,186.5,0,0,2017-01-23/2017-01-29
beyonce,297174.0,3,72,170.9,184.0,0,0,2017-01-30/2017-02-05
beyonce,1619606.0,4,74,168.24137931034483,184.0,0,0,2017-02-06/2017-02-12
beyonce,7356057.0,4,49,139.8074074074074,145.0,0,1,2017-02-13/2017-02-19
beyonce,2180756.0,5,80,150.57142857142858,166.0,0,0,2017-02-20/2017-02-26
beyonce,2065927.0,6,79,156.22,164.5,0,0,2017-02-27/2017-03-05
beyonce,1923347.0,3,79,149.56410256410257,155.0,0,0,2017-03-06/2017-03-12
beyonce,1595214.0,3,81,146.93103448275863,160.0,0,0,2017-03-13/2017-03-19
beyonce,1016091.0,2,102,143.3,133.5,0,0,2017-03-20/2017-03-26
beyonce,541168.0,2,106,157.875,165.0,0,0,2017-03-27/2017-04-02
beyonce,179845.0,1,152,167.5,167.5,0,0,2017-04-03/2017-04-09
beyonce,65155.0,2,117,131.33333333333334,121.0,0,0,2017-04-17/2017-04-23
beyonce,217247.0,2,165,177.25,172.0,0,0,2017-04-24/2017-04-30
beyonce,114314.0,3,86,135.75,129.5,0,0,2017-05-01/2017-05-07
beyonce,53358.0,2,109,173.8,191.0,0,0,2017-05-08/2017-05-14
beyonce,2533.0,1,183,183.0,183.0,0,0,2017-05-22/2017-05-28
beyonce,31955.0,1,199,199.5,199.5,0,0,2017-05-29/2017-06-04
beyonce,60775.0,1,108,114.5,114.5,0,0,2017-06-05/2017-06-11
beyonce,2765088.0,1,61,137.21052631578948,128.0,0,0,2017-06-19/2017-06-25
beyonce,2354126.0,2,118,154.55555555555554,144.5,0,0,2017-06-26/2017-07-02
beyonce,81216.0,2,128,171.0,180.5,0,0,2017-07-03/2017-07-09
beyonce,2754.0,1,199,199.0,199.0,0,0,2017-07-24/2017-07-30
beyonce,21764.0,1,182,190.0,194.0,0,0,2017-07-31/2017-08-06
beyonce,5884.0,1,162,176.0,176.0,0,0,2017-08-07/2017-08-13
beyonce,39149.0,1,172,188.25,191.0,0,0,2017-08-14/2017-08-20
beyonce,24563.0,1,165,182.33333333333334,184.0,0,0,2017-08-21/2017-08-27
beyonce,38603.0,1,160,173.0,172.0,0,0,2017-08-28/2017-09-03
beyonce,75132.0,1,156,180.75,185.0,0,0,2017-09-04/2017-09-10
beyonce,80281.0,2,162,180.0,179.5,0,0,2017-09-11/2017-09-17
beyonce,39890.0,1,183,189.0,187.0,0,0,2017-09-18/2017-09-24
beyonce,13823518.0,2,5,40.517857142857146,36.0,1,1,2017-09-25/2017-10-01
beyonce,30410236.0,2,7,37.46373056994819,37.0,1,1,2017-10-02/2017-10-08
beyonce,28474832.0,2,12,47.146153846153844,41.5,0,1,2017-10-09/2017-10-15
beyonce,25690500.0,3,15,55.28756476683938,45.0,0,1,2017-10-16/2017-10-22
beyonce,23599619.0,2,19,59.780748663101605,48.5,0,1,2017-10-23/2017-10-29
beyonce,22095566.0,2,20,63.68817204301075,49.0,0,1,2017-10-30/2017-11-05
beyonce,33728295.0,4,2,66.26611226611226,52.0,2,3,2017-11-06/2017-11-12
beyonce,50834503.0,4,3,60.71253822629969,45.0,1,2,2017-11-13/2017-11-19
beyonce,38499493.0,5,6,71.2686308492201,52.0,1,2,2017-11-20/2017-11-26
beyonce,51429808.0,4,1,66.19426751592357,56.0,1,3,2017-11-27/2017-12-03
beyonce,65188445.0,4,1,58.983122362869196,54.0,1,3,2017-12-04/2017-12-10
beyonce,62751511.0,5,1,57.574585635359114,47.0,2,2,2017-12-11/2017-12-17
beyonce,55301897.0,5,3,70.2753209700428,58.0,1,2,2017-12-18/2017-12-24
beyonce,44424185.0,8,3,76.04458598726114,70.0,1,4,2017-12-25/2017-12-31
beyonce,40135614.0,7,3,72.95637583892618,66.0,1,2,2018-01-01/2018-01-07
beyonce,37647339.0,4,3,72.54954954954955,60.0,1,1,2018-01-08/2018-01-14
beyonce,30240992.0,5,3,73.78988326848248,61.5,1,1,2018-01-15/2018-01-21
beyonce,26722205.0,6,5,75.23931623931624,62.0,1,1,2018-01-22/2018-01-28
beyonce,23002390.0,5,10,81.77262180974478,71.0,1,1,2018-01-29/2018-02-04
beyonce,20436957.0,5,13,88.17733990147784,78.0,0,1,2018-02-05/2018-02-11
beyonce,23137696.0,5,14,86.24586288416076,77.0,0,2,2018-02-12/2018-02-18
beyonce,15130552.0,3,23,103.46175637393767,97.0,0,1,2018-02-19/2018-02-25
beyonce,20581790.0,5,16,109.17543859649123,103.0,0,2,2018-02-26/2018-03-04
beyonce,24700405.0,5,26,108.36141906873614,107.0,0,2,2018-03-05/2018-03-11
beyonce,19402890.0,4,29,113.91,112.5,0,1,2018-03-12/2018-03-18
beyonce,17137668.0,4,27,120.77837837837838,123.0,0,1,2018-03-19/2018-03-25
beyonce,15298995.0,4,25,123.61864406779661,124.0,0,1,2018-03-26/2018-04-01
beyonce,13231300.0,4,39,125.29780564263324,130.0,0,1,2018-04-02/2018-04-08
beyonce,10935913.0,6,38,125.9967845659164,127.0,0,1,2018-04-09/2018-04-15
beyonce,11643675.0,5,28,128.92567567567568,135.0,0,1,2018-04-16/2018-04-22
beyonce,8797880.0,4,38,136.0423076923077,143.5,0,1,2018-04-23/2018-04-29
beyonce,8561201.0,4,36,137.0551181102362,140.5,0,1,2018-04-30/2018-05-06
beyonce,7993141.0,2,57,139.04583333333332,139.5,0,0,2018-05-07/2018-05-13
beyonce,7881091.0,4,54,140.2340425531915,141.0,0,0,2018-05-14/2018-05-20
beyonce,7757165.0,3,73,140.73417721518987,141.0,0,0,2018-05-21/2018-05-27
beyonce,7403356.0,2,77,143.13698630136986,140.0,0,0,2018-05-28/2018-06-03
beyonce,7323272.0,2,78,147.5068493150685,148.0,0,0,2018-06-04/2018-06-10
beyonce,7972289.0,2,68,145.1949152542373,146.0,0,0,2018-06-11/2018-06-17
beyonce,12292736.0,3,74,146.46619217081852,146.0,0,0,2018-06-18/2018-06-24
beyonce,10878041.0,2,75,145.28057553956833,147.0,0,0,2018-06-25/2018-07-01
beyonce,8225241.0,2,75,150.5,155.0,0,0,2018-07-02/2018-07-08
beyonce,13222099.0,2,55,139.38343558282207,142.0,0,0,2018-07-09/2018-07-15
beyonce,11092787.0,3,77,141.26609442060087,140.0,0,0,2018-07-16/2018-07-22
beyonce,10370683.0,3,81,144.0095238095238,138.5,0,0,2018-07-23/2018-07-29
beyonce,8926707.0,2,70,146.05376344086022,144.5,0,0,2018-07-30/2018-08-05
beyonce,8555528.0,3,78,152.0099502487562,151.0,0,0,2018-08-06/2018-08-12
beyonce,8336192.0,3,82,149.22043010752688,147.0,0,0,2018-08-13/2018-08-19
beyonce,8800673.0,2,85,150.52083333333334,146.5,0,0,2018-08-20/2018-08-26
beyonce,9424808.0,3,88,149.71505376344086,150.0,0,0,2018-08-27/2018-09-02
beyonce,8934621.0,2,75,151.30927835051546,150.0,0,0,2018-09-03/2018-09-09
beyonce,9542212.0,2,84,153.9076086956522,154.0,0,0,2018-09-10/2018-09-16
beyonce,6200609.0,4,52,155.2051282051282,160.0,0,0,2018-09-17/2018-09-23
beyonce,4775504.0,4,22,148.54320987654322,151.5,0,1,2018-09-24/2018-09-30
beyonce,4189272.0,3,56,152.73026315789474,156.5,0,0,2018-10-01/2018-10-07
beyonce,2984993.0,3,62,154.2108843537415,158.0,0,0,2018-10-08/2018-10-14
beyonce,4073578.0,3,70,154.45652173913044,157.5,0,0,2018-10-15/2018-10-21
beyonce,1679443.0,2,93,161.272,163.0,0,0,2018-10-22/2018-10-28
beyonce,1259843.0,2,95,165.09259259259258,168.0,0,0,2018-10-29/2018-11-04
beyonce,1134775.0,3,73,171.69135802469137,174.0,0,0,2018-11-05/2018-11-11
beyonce,865923.0,2,74,172.88135593220338,179.0,0,0,2018-11-12/2018-11-18
beyonce,596898.0,2,65,176.3111111111111,185.0,0,0,2018-11-19/2018-11-25
beyonce,228265.0,2,81,172.5625,178.0,0,0,2018-11-26/2018-12-02
beyonce,171778.0,2,77,159.83870967741936,165.0,0,0,2018-12-03/2018-12-09
beyonce,185667.0,2,142,176.33333333333334,186.0,0,0,2018-12-10/2018-12-16
beyonce,49709.0,2,117,172.75,181.0,0,0,2018-12-17/2018-12-23
beyonce,413558.0,4,105,172.8,179.0,0,0,2018-12-24/2018-12-30
beyonce,687444.0,3,106,172.50943396226415,182.0,0,0,2018-12-31/2019-01-06
beyonce,641455.0,3,112,169.26,171.0,0,0,2019-01-07/2019-01-13
beyonce,588180.0,2,104,165.56,168.5,0,0,2019-01-14/2019-01-20
beyonce,455686.0,2,110,168.76315789473685,174.0,0,0,2019-01-21/2019-01-27
beyonce,124115.0,2,152,177.11111111111111,183.0,0,0,2019-01-28/2019-02-03
beyonce,44757.0,2,167,186.83333333333334,190.5,0,0,2019-02-04/2019-02-10
beyonce,1662621.0,4,50,133.63888888888889,142.5,0,1,2019-02-11/2019-02-17
beyonce,22357.0,2,87,158.25,165.5,0,0,2019-02-18/2019-02-24
beyonce,15253.0,2,162,188.33333333333334,192.0,0,0,2019-02-25/2019-03-03
beyonce,1139.0,1,195,195.0,195.0,0,0,2019-03-04/2019-03-10
beyonce,3250.0,1,166,179.0,178.0,0,0,2019-03-25/2019-03-31
beyonce,4311688.0,5,30,133.484375,138.5,0,1,2019-04-15/2019-04-21
beyonce,79234310.0,19,5,105.90679304897314,105.0,2,19,2019-04-22/2019-04-28
beyonce,5640201.0,13,31,117.55384615384615,116.0,0,6,2019-04-29/2019-05-05
beyonce,249598.0,6,78,130.88571428571427,131.0,0,0,2019-05-06/2019-05-12
beyonce,569027.0,1,71,133.4,127.0,0,0,2019-05-13/2019-05-19
beyonce,1207.0,1,128,128.0,128.0,0,0,2019-05-20/2019-05-26
beyonce,5175125.0,2,43,125.23809523809524,124.0,0,2,2019-07-08/2019-07-14
beyonce,18699737.0,13,5,110.84210526315789,107.0,2,8,2019-07-15/2019-07-21
beyonce,24248704.0,11,6,115.29573934837093,114.0,1,5,2019-07-22/2019-07-28
beyonce,7637180.0,4,11,129.65068493150685,137.5,0,1,2019-07-29/2019-08-04
beyonce,993454.0,4,24,120.4888888888889,120.0,0,1,2019-08-05/2019-08-11
beyonce,653236.0,2,23,106.33333333333333,101.0,0,1,2019-08-12/2019-08-18
beyonce,436366.0,3,54,119.04761904761905,109.0,0,0,2019-08-19/2019-08-25
beyonce,201927.0,2,56,111.71428571428571,106.0,0,0,2019-08-26/2019-09-01
beyonce,115615.0,2,71,116.81818181818181,88.0,0,0,2019-09-02/2019-09-08
beyonce,14929.0,1,78,84.0,83.0,0,0,2019-09-09/2019-09-15
beyonce,19729.0,2,74,94.125,79.5,0,0,2019-09-16/2019-09-22
beyonce,12972.0,1,82,108.85714285714286,103.0,0,0,2019-09-23/2019-09-29
beyonce,12183.0,1,115,125.85714285714286,121.0,0,0,2019-09-30/2019-10-06
beyonce,11839.0,1,120,134.57142857142858,137.0,0,0,2019-10-07/2019-10-13
beyonce,11268.0,1,130,147.85714285714286,153.0,0,0,2019-10-14/2019-10-20
beyonce,10598.0,1,142,160.71428571428572,164.0,0,0,2019-10-21/2019-10-27
beyonce,6958.0,1,163,175.2,179.0,0,0,2019-10-28/2019-11-03
beyonce,5696.0,1,187,191.5,192.0,0,0,2019-11-04/2019-11-10
beyonce,5459.0,1,163,179.0,180.5,0,0,2019-11-11/2019-11-17
beyonce,1421.0,1,182,182.0,182.0,0,0,2019-11-18/2019-11-24
beyonce,3263.0,1,128,162.5,162.5,0,0,2019-12-09/2019-12-15
beyonce,21656.0,1,132,132.0,132.0,0,0,2019-12-23/2019-12-29
beyonce,91996.0,1,191,191.0,191.0,0,0,2019-12-30/2020-01-05
beyonce,128921.0,1,144,177.0,184.0,0,0,2020-02-10/2020-02-16
beyonce,54073.0,1,151,151.0,151.0,0,0,2020-03-30/2020-04-05
beyonce,53431.0,1,164,164.0,164.0,0,0,2020-04-06/2020-04-12
beyonce,24606518.0,1,2,56.99476439790576,48.0,1,1,2020-04-27/2020-05-03
beyonce,31659228.0,1,6,61.484756097560975,49.0,1,1,2020-05-04/2020-05-10
beyonce,28148041.0,1,8,68.59294871794872,58.0,1,1,2020-05-11/2020-05-17
beyonce,27796747.0,1,10,73.81877022653721,70.0,1,1,2020-05-18/2020-05-24
beyonce,28431837.0,1,9,71.28481012658227,66.0,1,1,2020-05-25/2020-05-31
beyonce,27124415.0,2,9,80.5078369905956,71.0,1,1,2020-06-01/2020-06-07
beyonce,25703988.0,1,10,82.57615894039735,69.5,1,1,2020-06-08/2020-06-14
beyonce,29696519.0,2,10,81.68238993710692,68.0,1,2,2020-06-15/2020-06-21
beyonce,34910092.0,2,12,86.24242424242425,78.0,0,2,2020-06-22/2020-06-28
beyonce,26345966.0,2,14,91.10545454545455,92.0,0,1,2020-06-29/2020-07-05
beyonce,19146931.0,2,18,90.78048780487805,95.0,0,1,2020-07-06/2020-07-12
beyonce,17117615.0,1,24,96.55113636363636,80.0,0,1,2020-07-13/2020-07-19
beyonce,14838325.0,1,25,93.92307692307692,71.5,0,1,2020-07-20/2020-07-26
beyonce,12611156.0,6,51,98.06422018348624,77.0,0,0,2020-07-27/2020-08-02
beyonce,11613244.0,6,38,97.65625,80.5,0,1,2020-08-03/2020-08-09
beyonce,10971609.0,2,45,91.3972602739726,76.0,0,1,2020-08-10/2020-08-16
beyonce,9778744.0,2,55,95.67692307692307,87.0,0,0,2020-08-17/2020-08-23
beyonce,9316331.0,2,60,103.61904761904762,97.0,0,0,2020-08-24/2020-08-30
beyonce,8918593.0,2,64,111.76190476190476,112.0,0,0,2020-08-31/2020-09-06
beyonce,7962511.0,2,79,132.5079365079365,130.0,0,0,2020-09-07/2020-09-13
beyonce,3639874.0,2,91,144.73214285714286,144.0,0,0,2020-09-14/2020-09-20
beyonce,2614605.0,2,107,155.0222222222222,161.0,0,0,2020-09-21/2020-09-27
beyonce,2152914.0,2,120,168.53125,172.5,0,0,2020-09-28/2020-10-04
beyonce,1663088.0,2,120,162.58333333333334,165.5,0,0,2020-10-05/2020-10-11
beyonce,1590680.0,2,122,164.91666666666666,164.5,0,0,2020-10-12/2020-10-18
beyonce,1250173.0,3,95,163.85714285714286,178.0,0,0,2020-10-19/2020-10-25
beyonce,605478.0,3,133,170.75,166.0,0,0,2020-10-26/2020-11-01
beyonce,12929.0,1,189,194.0,194.0,0,0,2020-11-02/2020-11-08
beyonce,46249.0,1,178,187.85714285714286,190.0,0,0,2020-11-09/2020-11-15
beyonce,972807.0,2,85,141.75,153.0,0,0,2020-11-16/2020-11-22
beyonce,1004129.0,2,142,174.375,182.0,0,0,2020-11-23/2020-11-29
beyonce,518717.0,2,179,187.5,188.0,0,0,2020-11-30/2020-12-06
beyonce,6901.0,1,200,200.0,200.0,0,0,2020-12-07/2020-12-13
beyonce,1649773.0,3,55,157.0625,175.0,0,0,2020-12-28/2021-01-03
beyonce,37415.0,1,175,184.33333333333334,182.0,0,0,2021-01-04/2021-01-10
beyonce,46186.0,1,171,182.71428571428572,182.0,0,0,2021-01-11/2021-01-17
beyonce,40229.0,1,171,179.0,176.5,0,0,2021-01-18/2021-01-24
beyonce,48344.0,1,164,171.57142857142858,169.0,0,0,2021-01-25/2021-01-31
beyonce,48865.0,1,153,170.57142857142858,170.0,0,0,2021-02-01/2021-02-07
beyonce,279232.0,1,60,145.68421052631578,165.0,0,0,2021-02-08/2021-02-14
beyonce,53106.0,1,144,160.85714285714286,162.0,0,0,2021-02-15/2021-02-21
beyonce,42576.0,1,156,173.83333333333334,175.5,0,0,2021-02-22/2021-02-28
beyonce,42386.0,1,154,177.83333333333334,178.0,0,0,2021-03-01/2021-03-07
beyonce,35297.0,1,180,187.4,185.0,0,0,2021-03-08/2021-03-14
beyonce,53576.0,1,148,171.57142857142858,171.0,0,0,2021-03-15/2021-03-21
beyonce,55118.0,1,147,171.14285714285714,182.0,0,0,2021-03-22/2021-03-28
beyonce,37347.0,1,168,185.0,189.0,0,0,2021-03-29/2021-04-04
beyonce,50821.0,1,171,179.0,176.0,0,0,2021-04-05/2021-04-11
beyonce,51758.0,1,153,165.57142857142858,164.0,0,0,2021-04-12/2021-04-18
beyonce,129703.0,1,140,159.55555555555554,161.0,0,0,2021-04-19/2021-04-25
beyonce,55799.0,1,147,158.57142857142858,158.0,0,0,2021-04-26/2021-05-02
beyonce,94193.0,1,141,167.8,159.5,0,0,2021-05-03/2021-05-09
beyonce,56691.0,1,150,159.71428571428572,158.0,0,0,2021-05-10/2021-05-16
beyonce,67343.0,1,146,170.77777777777777,165.0,0,0,2021-05-17/2021-05-23
beyonce,56840.0,1,174,181.42857142857142,181.0,0,0,2021-05-24/2021-05-30
beyonce,54719.0,1,165,174.85714285714286,176.0,0,0,2021-05-31/2021-06-06
beyonce,36953.0,1,180,186.4,184.0,0,0,2021-06-07/2021-06-13
beyonce,34932.0,1,190,195.8,197.0,0,0,2021-06-14/2021-06-20
beyonce,33652.0,1,176,186.8,185.0,0,0,2021-06-21/2021-06-27
beyonce,47608.0,1,161,175.14285714285714,174.0,0,0,2021-06-28/2021-07-04
beyonce,48340.0,1,154,160.14285714285714,161.0,0,0,2021-07-05/2021-07-11
beyonce,25853.0,1,151,171.5,169.0,0,0,2021-07-12/2021-07-18
beyonce,19113.0,1,193,197.0,199.0,0,0,2021-08-16/2021-08-22
beyonce,2176.0,1,164,164.0,164.0,0,0,2021-08-23/2021-08-29
beyonce,6191.0,1,200,200.0,200.0,0,0,2021-09-06/2021-09-12
beyonce,12549.0,1,197,197.5,197.5,0,0,2021-09-13/2021-09-19
beyonce,6293.0,1,199,199.0,199.0,0,0,2021-09-20/2021-09-26
beyonce,18358.0,1,190,195.66666666666666,198.0,0,0,2021-09-27/2021-10-03
beyonce,13042.0,1,184,187.0,187.0,0,0,2021-10-04/2021-10-10
beyonce,19445.0,1,190,193.66666666666666,195.0,0,0,2021-10-11/2021-10-17
beyonce,42982.0,1,150,176.11111111111111,176.0,0,0,2021-10-18/2021-10-24
beyonce,71713.0,2,156,181.6,187.5,0,0,2021-10-25/2021-10-31
beyonce,46660.0,1,145,177.7,186.0,0,0,2021-11-01/2021-11-07
beyonce,65343.0,2,59,155.4,170.0,0,0,2021-11-08/2021-11-14
beyonce,23011.0,1,157,174.0,172.5,0,0,2021-11-15/2021-11-21
beyonce,28026.0,1,156,176.57142857142858,166.0,0,0,2021-11-22/2021-11-28
beyonce,10124.0,1,182,185.33333333333334,182.0,0,0,2021-11-29/2021-12-05
beyonce,10478.0,1,180,185.33333333333334,181.0,0,0,2021-12-06/2021-12-12
beyonce,3246.0,1,198,198.0,198.0,0,0,2021-12-13/2021-12-19
beyonce,5146.0,1,108,110.0,110.0,0,0,2021-12-20/2021-12-26
beyonce,1443877.0,3,77,150.91666666666666,156.0,0,0,2021-12-27/2022-01-02
beyonce,55701.0,1,168,183.7,185.5,0,0,2022-01-03/2022-01-09
beyonce,51073.0,1,157,183.0,190.0,0,0,2022-01-10/2022-01-16
beyonce,32592.0,1,184,189.4,190.0,0,0,2022-01-17/2022-01-23
beyonce,17275.0,1,193,195.66666666666666,196.0,0,0,2022-01-24/2022-01-30
beyonce,3213.0,1,191,191.0,191.0,0,0,2022-01-31/2022-02-06
beyonce,10818.0,1,179,182.5,182.5,0,0,2022-02-07/2022-02-13
beyonce,83217.0,1,124,164.8,171.0,0,0,2022-02-14/2022-02-20
beyonce,3232.0,1,197,197.0,197.0,0,0,2022-04-04/2022-04-10
beyonce,3386.0,1,197,197.0,197.0,0,0,2022-05-09/2022-05-15
beyonce,43306340.0,2,1,59.454237288135594,47.0,1,1,2022-06-20/2022-06-26
beyonce,32875297.0,1,3,69.69774919614147,55.0,1,1,2022-06-27/2022-07-03
beyonce,26244835.0,1,3,77.34220532319392,78.0,1,1,2022-07-04/2022-07-10
beyonce,22986327.0,1,4,80.44888888888889,78.0,1,1,2022-07-11/2022-07-17
beyonce,20824048.0,1,4,81.71212121212122,71.5,1,1,2022-07-18/2022-07-24
beyonce,184501464.0,21,1,82.34641638225256,72.0,10,21,2022-07-25/2022-07-31
beyonce,179457767.0,16,2,95.33201892744479,90.5,3,13,2022-08-01/2022-08-07
beyonce,75821770.0,13,3,97.19405320813772,94.0,2,3,2022-08-08/2022-08-14
beyonce,50013225.0,11,4,95.35714285714286,93.0,2,3,2022-08-15/2022-08-21
beyonce,36625876.0,8,6,100.28318584070796,104.0,1,2,2022-08-22/2022-08-28
beyonce,33404609.0,4,7,104.55594405594405,104.5,1,2,2022-08-29/2022-09-04
beyonce,26989932.0,4,10,99.46938775510205,89.0,1,3,2022-09-05/2022-09-11
beyonce,31747561.0,5,6,94.32867132867133,79.5,1,3,2022-09-12/2022-09-18
beyonce,34308885.0,4,6,80.61464968152866,72.0,1,3,2022-09-19/2022-09-25
beyonce,39707351.0,4,6,86.22962962962963,78.0,1,2,2022-09-26/2022-10-02
beyonce,44778653.0,3,4,83.38274336283186,75.0,1,2,2022-10-03/2022-10-09
beyonce,48209366.0,4,3,84.93251533742331,82.0,1,2,2022-10-10/2022-10-16
beyonce,43197873.0,3,4,86.42212189616252,78.0,1,2,2022-10-17/2022-10-23
beyonce,38570564.0,3,8,87.31122448979592,73.0,1,1,2022-10-24/2022-10-30
beyonce,34861650.0,2,8,82.59580838323353,72.5,1,1,2022-10-31/2022-11-06
beyonce,33197740.0,2,8,76.82885906040268,65.5,1,1,2022-11-07/2022-11-13
beyonce,32044310.0,2,8,81.0304054054054,84.5,1,1,2022-11-14/2022-11-20
beyonce,30440259.0,2,8,87.58904109589041,83.0,1,1,2022-11-21/2022-11-27
beyonce,28250822.0,2,9,98.109375,95.0,1,1,2022-11-28/2022-12-04
beyonce,25860656.0,2,17,98.12796208530806,85.0,0,1,2022-12-05/2022-12-11
beyonce,23810548.0,2,23,94.50520833333333,80.5,0,1,2022-12-12/2022-12-18
beyonce,21586252.0,3,23,103.64375,95.0,0,1,2022-12-19/2022-12-25
beyonce,31937946.0,4,5,85.05862068965517,68.0,1,3,2022-12-26/2023-01-01
beyonce,24963295.0,2,17,85.09019607843138,63.0,0,1,2023-01-02/2023-01-08
beyonce,23888310.0,3,20,90.03813559322033,68.5,0,1,2023-01-09/2023-01-15
beyonce,24342595.0,2,21,95.00813008130082,78.0,0,1,2023-01-16/2023-01-22
beyonce,25531332.0,2,19,94.18181818181819,81.0,0,1,2023-01-23/2023-01-29
beyonce,26049174.0,3,16,92.672,78.5,0,1,2023-01-30/2023-02-05
beyonce,30565313.0,4,12,91.55194805194805,87.0,0,1,2023-02-06/2023-02-12
beyonce,24703924.0,4,17,97.18852459016394,88.5,0,1,2023-02-13/2023-02-19
beyonce,22007346.0,2,20,90.93467336683418,76.0,0,1,2023-02-20/2023-02-26
beyonce,20349006.0,1,24,90.19428571428571,80.0,0,1,2023-02-27/2023-03-05
beyonce,19127802.0,1,22,94.6969696969697,79.0,0,1,2023-03-06/2023-03-12
beyonce,18210804.0,1,27,89.70068027210884,82.0,0,1,2023-03-13/2023-03-19
beyonce,16625161.0,1,32,90.8731343283582,87.5,0,1,2023-03-20/2023-03-26
beyonce,15864435.0,1,32,96.60606060606061,91.0,0,1,2023-03-27/2023-04-02
beyonce,14574703.0,1,34,99.60330578512396,95.0,0,1,2023-04-03/2023-04-09
beyonce,13215342.0,1,53,116.6788990825688,112.0,0,0,2023-04-10/2023-04-16
beyonce,10696971.0,2,57,116.43617021276596,110.0,0,0,2023-04-17/2023-04-23
beyonce,8860790.0,1,62,124.50617283950618,125.0,0,0,2023-04-24/2023-04-30
beyonce,8152978.0,1,60,121.0909090909091,124.0,0,0,2023-05-01/2023-05-07
beyonce,14345935.0,10,22,118.99310344827586,126.0,0,2,2023-05-08/2023-05-14
beyonce,19277226.0,10,23,119.32530120481928,130.5,0,3,2023-05-15/2023-05-21
beyonce,34197692.0,7,12,98.2410071942446,91.5,0,2,2023-05-22/2023-05-28
beyonce,29530218.0,8,17,106.42436974789916,107.5,0,2,2023-05-29/2023-06-04
beyonce,21897651.0,5,34,121.96373056994818,131.0,0,2,2023-06-05/2023-06-11
beyonce,12604280.0,10,55,132.52592592592592,133.0,0,0,2023-06-12/2023-06-18
beyonce,7514887.0,4,65,145.20689655172413,152.0,0,0,2023-06-19/2023-06-25
beyonce,3138312.0,5,44,143.97530864197532,155.0,0,1,2023-06-26/2023-07-02
beyonce,1676986.0,1,86,147.87272727272727,156.0,0,0,2023-07-03/2023-07-09
beyonce,1347632.0,1,87,152.26,157.5,0,0,2023-07-10/2023-07-16
beyonce,870907.0,1,96,153.46153846153845,162.0,0,0,2023-07-17/2023-07-23
beyonce,26723087.0,2,8,70.13793103448276,44.5,1,1,2023-07-24/2023-07-30
beyonce,23040916.0,2,16,97.58928571428571,91.0,0,1,2023-07-31/2023-08-06
beyonce,2266187.0,2,83,157.36507936507937,159.0,0,0,2023-08-07/2023-08-13
beyonce,1944468.0,2,118,160.7826086956522,164.0,0,0,2023-08-14/2023-08-20
beyonce,424625.0,1,128,165.0,165.0,0,0,2023-08-21/2023-08-27
beyonce,68192.0,1,177,177.0,177.0,0,0,2023-08-28/2023-09-03
beyonce,423380.0,2,153,175.42857142857142,188.0,0,0,2023-09-04/2023-09-10
beyonce,69650.0,1,189,189.0,189.0,0,0,2023-09-18/2023-09-24
beyonce,68335.0,1,194,194.0,194.0,0,0,2023-09-25/2023-10-01
beyonce,66491.0,1,200,200.0,200.0,0,0,2023-10-09/2023-10-15
beyonce,137090.0,2,165,184.75,187.5,0,0,2023-10-23/2023-10-29
beyonce,82771.0,2,162,175.22222222222223,173.0,0,0,2023-10-30/2023-11-05
beyonce,71779.0,2,168,183.125,183.5,0,0,2023-11-06/2023-11-12
beyonce,64418.0,1,166,183.0,185.0,0,0,2023-11-13/2023-11-19
beyonce,66189.0,1,167,179.85714285714286,181.0,0,0,2023-11-20/2023-11-26
beyonce,8141517.0,3,40,133.28205128205127,128.0,0,1,2023-11-27/2023-12-03
beyonce,10258422.0,1,47,136.47058823529412,137.0,0,1,2023-12-04/2023-12-10
beyonce,285276.0,1,74,124.6,108.0,0,0,2023-12-11/2023-12-17
beyonce,258837.0,4,168,181.75,181.5,0,0,2023-12-18/2023-12-24
beyonce,4665595.0,3,23,103.84,99.5,0,2,2023-12-25/2023-12-31
beyonce,684570.0,2,74,149.8125,161.0,0,0,2024-01-01/2024-01-07
beyonce,10592.0,1,189,189.0,189.0,0,0,2024-01-08/2024-01-14
beyonce,11309.0,1,190,190.0,190.0,0,0,2024-01-22/2024-01-28
beyonce,11602.0,1,174,174.0,174.0,0,0,2024-01-29/2024-02-04
beyonce,11551.0,1,195,195.0,195.0,0,0,2024-02-05/2024-02-11
beyonce,77055609.0,5,1,65.07142857142857,52.5,2,3,2024-02-12/2024-02-18
beyonce,78012213.0,3,1,53.319298245614036,26.0,1,1,2024-02-19/2024-02-25
beyonce,75978324.0,3,1,58.436708860759495,28.0,1,1,2024-02-26/2024-03-03
beyonce,65968932.0,3,1,72.92397660818713,41.5,1,1,2024-03-04/2024-03-10
beyonce,56887639.0,3,3,74.12424242424242,39.0,1,1,2024-03-11/2024-03-17
beyonce,51370799.0,3,3,70.10033444816054,41.0,1,1,2024-03-18/2024-03-24
beyonce,342528515.0,27,1,82.18546555639666,72.0,8,25,2024-03-25/2024-03-31
beyonce,273324404.0,25,3,89.44610281923715,84.5,2,15,2024-04-01/2024-04-07
beyonce,89710489.0,9,3,74.79787234042553,62.0,1,3,2024-04-08/2024-04-14
beyonce,48606904.0,4,3,77.01298701298701,75.0,1,1,2024-04-15/2024-04-21
beyonce,36575566.0,3,7,67.93777777777778,48.0,1,1,2024-04-22/2024-04-28
beyonce,32318393.0,1,10,65.71859296482413,41.0,1,1,2024-04-29/2024-05-05
beyonce,29596844.0,1,11,69.47513812154696,43.0,0,1,2024-05-06/2024-05-12
beyonce,26809377.0,1,21,69.03846153846153,48.5,0,1,2024-05-13/2024-05-19
beyonce,25459915.0,10,15,71.625,53.0,0,9,2024-05-20/2024-05-26
beyonce,22960412.0,2,26,66.16058394160584,55.0,0,1,2024-05-27/2024-06-02
beyonce,21331018.0,3,30,72.79850746268657,60.5,0,1,2024-06-03/2024-06-09
beyonce,19020355.0,2,32,71.9921875,62.0,0,1,2024-06-10/2024-06-16
beyonce,16419692.0,2,30,74.768,65.0,0,1,2024-06-17/2024-06-23
beyonce,15084764.0,2,33,84.95121951219512,78.0,0,1,2024-06-24/2024-06-30
beyonce,12936878.0,3,36,97.75384615384615,87.5,0,1,2024-07-01/2024-07-07
beyonce,4730568.0,3,42,104.36134453781513,98.0,0,1,2024-07-08/2024-07-14
beyonce,4321531.0,3,49,106.625,100.5,0,1,2024-07-15/2024-07-21
beyonce,4522025.0,3,60,114.7603305785124,106.0,0,0,2024-07-22/2024-07-28
beyonce,4558110.0,3,63,126.95867768595042,126.0,0,0,2024-07-29/2024-08-04
beyonce,4175400.0,2,61,133.0275229357798,134.0,0,0,2024-08-05/2024-08-11
beyonce,4920545.0,2,82,146.72072072072072,149.0,0,0,2024-08-12/2024-08-18
beyonce,3877729.0,2,89,149.8170731707317,147.0,0,0,2024-08-19/2024-08-25
beyonce,1447830.0,2,105,161.77777777777777,165.5,0,0,2024-08-26/2024-09-01
beyonce,1413405.0,2,108,166.65454545454546,171.0,0,0,2024-09-02/2024-09-08
beyonce,1534964.0,2,96,162.75,164.0,0,0,2024-09-09/2024-09-15
beyonce,2635539.0,2,89,166.98,172.5,0,0,2024-09-16/2024-09-22
beyonce,1185523.0,2,99,166.0487804878049,173.0,0,0,2024-09-23/2024-09-29
beyonce,1051822.0,3,114,173.41379310344828,185.0,0,0,2024-09-30/2024-10-06
beyonce,326129.0,3,148,174.875,174.0,0,0,2024-10-07/2024-10-13
beyonce,130354.0,3,179,187.2,184.0,0,0,2024-10-14/2024-10-20
beyonce,144284.0,3,177,183.57142857142858,182.0,0,0,2024-10-21/2024-10-27
beyonce,350534.0,4,96,165.1304347826087,172.0,0,0,2024-10-28/2024-11-03
beyonce,1006626.0,4,79,157.43333333333334,169.0,0,0,2024-11-04/2024-11-10
beyonce,671418.0,3,78,152.23076923076923,155.0,0,0,2024-11-11/2024-11-17
beyonce,112778.0,2,112,152.34615384615384,153.5,0,0,2024-11-18/2024-11-24
beyonce,80129.0,1,88,154.0,160.0,0,0,2024-11-25/2024-12-01
beyonce,132943.0,2,117,160.5,154.0,0,0,2024-12-02/2024-12-08
beyonce,49484.0,1,111,153.69230769230768,161.0,0,0,2024-12-09/2024-12-15
beyonce,2816.0,1,198,198.0,198.0,0,0,2024-12-16/2024-12-22
beyonce,196514.0,4,124,171.45454545454547,169.0,0,0,2024-12-23/2024-12-29
beyonce,6520618.0,3,28,140.72535211267606,146.0,0,1,2024-12-30/2025-01-05
beyonce,745646.0,3,80,163.75862068965517,171.5,0,0,2025-01-06/2025-01-12
beyonce,517676.0,2,100,164.42857142857142,176.0,0,0,2025-01-13/2025-01-19
beyonce,522141.0,2,120,165.65217391304347,176.0,0,0,2025-01-20/2025-01-26
beyonce,321128.0,2,129,169.5909090909091,173.0,0,0,2025-01-27/2025-02-02
beyonce,1621767.0,3,107,169.26923076923077,170.0,0,0,2025-02-03/2025-02-09
beyonce,872493.0,3,113,162.13793103448276,161.0,0,0,2025-02-10/2025-02-16
beyonce,844236.0,2,99,173.71428571428572,188.0,0,0,2025-02-17/2025-02-23
beyonce,860882.0,2,87,164.47826086956522,174.0,0,0,2025-02-24/2025-03-02
beyonce,798591.0,2,105,160.0,161.0,0,0,2025-03-03/2025-03-09
beyonce,564426.0,1,127,172.45454545454547,171.0,0,0,2025-03-10/2025-03-16
beyonce,542853.0,1,119,173.6,186.5,0,0,2025-03-17/2025-03-23
beyonce,600975.0,1,131,159.25,159.0,0,0,2025-03-24/2025-03-30
beyonce,617037.0,1,124,168.44444444444446,170.0,0,0,2025-03-31/2025-04-06
beyonce,516434.0,1,138,167.28571428571428,158.0,0,0,2025-04-07/2025-04-13
beyonce,513472.0,1,131,168.77777777777777,166.0,0,0,2025-04-14/2025-04-20
beyonce,481849.0,1,142,169.0,171.0,0,0,2025-04-21/2025-04-27
beyonce,1055320.0,2,119,161.42857142857142,169.0,0,0,2025-04-28/2025-05-04
beyonce,1200192.0,2,101,154.16666666666666,154.0,0,0,2025-05-05/2025-05-11
beyonce,441071.0,3,145,171.42857142857142,167.0,0,0,2025-05-12/2025-05-18
beyonce,597329.0,3,113,154.52941176470588,159.0,0,0,2025-05-19/2025-05-25
beyonce,670987.0,2,109,159.46153846153845,172.0,0,0,2025-05-26/2025-06-01
beyonce,540267.0,1,112,167.14285714285714,171.0,0,0,2025-06-02/2025-06-08
beyonce,587154.0,1,115,143.0,138.0,0,0,2025-06-09/2025-06-15
beyonce,594974.0,1,141,173.22222222222223,173.0,0,0,2025-06-16/2025-06-22
beyonce,32014.0,1,181,189.0,189.0,0,0,2025-06-23/2025-06-29
beyonce,145994.0,3,165,180.6,178.0,0,0,2025-06-30/2025-07-06
beyonce,170041.0,2,122,168.06666666666666,175.0,0,0,2025-07-07/2025-07-13
beyonce,141636.0,2,104,157.93333333333334,166.0,0,0,2025-07-14/2025-07-20
beyonce,104469.0,2,173,181.42857142857142,181.0,0,0,2025-07-21/2025-07-27
beyonce,157234.0,1,162,182.33333333333334,184.0,0,0,2025-07-28/2025-08-03
beyonce,86987.0,1,169,177.0,173.0,0,0,2025-08-04/2025-08-10
beyonce,7831.0,1,138,138.0,138.0,0,0,2025-08-11/2025-08-17
beyonce,59054.0,1,115,134.28571428571428,126.0,0,0,2025-08-18/2025-08-24
beyonce,76321.0,1,126,165.77777777777777,167.0,0,0,2025-08-25/2025-08-31
beyonce,57489.0,1,139,160.14285714285714,148.0,0,0,2025-09-01/2025-09-07
beyonce,41000.0,1,165,184.2,186.0,0,0,2025-09-08/2025-09-14
beyonce,15578.0,1,186,190.5,190.5,0,0,2025-09-15/2025-09-21
beyonce,33144.0,1,163,178.66666666666666,177.0,0,0,2025-10-20/2025-10-26
beyonce,34866.0,1,181,184.33333333333334,183.0,0,0,2025-10-27/2025-11-02
beyonce,2673609.0,2,28,125.375,125.5,0,1,2025-12-29/2026-01-04
beyonce,10938.0,1,189,189.0,189.0,0,0,2026-02-09/2026-02-15
beyonce,20456.0,2,194,196.5,196.5,0,0,2026-02-16/2026-02-22
beyonce,12893.0,1,195,195.0,195.0,0,0,2026-04-27/2026-05-03
beyonce,248546.0,1,155,172.63636363636363,169.0,0,0,2026-05-04/2026-05-10
beyonce,336967.0,1,162,184.30769230769232,190.0,0,0,2026-05-11/2026-05-17
beyonce,165601.0,1,156,183.28571428571428,190.0,0,0,2026-05-18/2026-05-24
beyonce,125100.0,1,156,172.8,176.0,0,0,2026-05-25/2026-05-31
bruno mars,6207269.0,9,1,72.23232323232324,33.0,2,2,2016-12-26/2017-01-01
bruno mars,46692399.0,13,1,78.35349462365592,42.5,2,3,2017-01-02/2017-01-08
bruno mars,45668396.0,14,1,73.51166180758017,38.0,2,3,2017-01-09/2017-01-15
bruno mars,44785268.0,23,1,74.38154269972452,49.0,2,3,2017-01-16/2017-01-22
bruno mars,44109609.0,27,1,76.44931506849315,54.0,2,3,2017-01-23/2017-01-29
bruno mars,42794437.0,17,1,76.36053412462908,48.5,3,3,2017-01-30/2017-02-05
bruno mars,41966223.0,16,1,76.82930513595166,53.0,3,3,2017-02-06/2017-02-12
bruno mars,55120460.0,16,1,82.96324324324324,68.0,3,3,2017-02-13/2017-02-19
bruno mars,58420430.0,17,2,73.84550264550265,60.0,3,3,2017-02-20/2017-02-26
bruno mars,63223925.0,14,2,74.19978969505783,58.0,3,3,2017-02-27/2017-03-05
bruno mars,67126624.0,15,2,77.8205666316894,59.0,2,3,2017-03-06/2017-03-12
bruno mars,67328788.0,17,2,75.06086044071354,57.0,2,3,2017-03-13/2017-03-19
bruno mars,65353244.0,17,2,70.8536312849162,54.0,2,3,2017-03-20/2017-03-26
bruno mars,66788050.0,15,2,68.97162315550511,51.0,2,3,2017-03-27/2017-04-02
bruno mars,65976649.0,14,2,67.48413631022326,48.0,2,3,2017-04-03/2017-04-09
bruno mars,62789962.0,14,3,69.22572815533981,46.0,2,3,2017-04-10/2017-04-16
bruno mars,61076194.0,14,2,67.07672955974843,41.0,2,3,2017-04-17/2017-04-23
bruno mars,58701475.0,13,3,72.2150803461063,50.0,2,3,2017-04-24/2017-04-30
bruno mars,58534653.0,17,2,78.25316455696202,67.0,2,3,2017-05-01/2017-05-07
bruno mars,55478518.0,14,3,78.75148632580262,68.0,2,3,2017-05-08/2017-05-14
bruno mars,52146751.0,12,3,79.44680851063829,65.0,1,3,2017-05-15/2017-05-21
bruno mars,55174590.0,12,3,82.58965102286402,72.0,2,3,2017-05-22/2017-05-28
bruno mars,49791335.0,11,3,81.32390745501286,72.5,1,3,2017-05-29/2017-06-04
bruno mars,44099873.0,10,5,82.42428376534788,72.0,1,3,2017-06-05/2017-06-11
bruno mars,41813903.0,10,4,85.4160789844852,78.0,1,2,2017-06-12/2017-06-18
bruno mars,39304552.0,9,7,88.98837209302326,81.0,1,2,2017-06-19/2017-06-25
bruno mars,38495873.0,10,7,93.61711079943899,92.0,1,2,2017-06-26/2017-07-02
bruno mars,37019804.0,10,10,96.90509915014164,100.0,1,2,2017-07-03/2017-07-09
bruno mars,33273896.0,10,14,97.16771159874608,90.5,0,2,2017-07-10/2017-07-16
bruno mars,30820918.0,8,17,100.72390572390573,94.0,0,2,2017-07-17/2017-07-23
bruno mars,29849809.0,9,18,105.41940789473684,98.0,0,2,2017-07-24/2017-07-30
bruno mars,28547226.0,9,19,107.29769736842105,102.0,0,2,2017-07-31/2017-08-06
bruno mars,27745823.0,9,19,107.58474576271186,102.0,0,2,2017-08-07/2017-08-13
bruno mars,31435465.0,8,21,110.55339805825243,107.5,0,2,2017-08-14/2017-08-20
bruno mars,27803827.0,7,25,114.3236797274276,111.0,0,2,2017-08-21/2017-08-27
bruno mars,21064126.0,7,30,118.9959266802444,115.0,0,2,2017-08-28/2017-09-03
bruno mars,18358213.0,8,32,119.40825688073394,116.5,0,1,2017-09-04/2017-09-10
bruno mars,17598429.0,8,35,121.46774193548387,120.0,0,1,2017-09-11/2017-09-17
bruno mars,17125899.0,9,39,126.55233853006682,122.0,0,1,2017-09-18/2017-09-24
bruno mars,16289200.0,9,41,127.96724890829694,124.0,0,1,2017-09-25/2017-10-01
bruno mars,13851427.0,8,56,126.8978622327791,121.0,0,0,2017-10-02/2017-10-08
bruno mars,15191185.0,8,57,126.29555555555555,120.0,0,0,2017-10-09/2017-10-15
bruno mars,15059807.0,13,40,122.33069306930693,119.0,0,3,2017-10-16/2017-10-22
bruno mars,14949537.0,10,41,126.17763157894737,122.0,0,2,2017-10-23/2017-10-29
bruno mars,11627170.0,8,49,128.56692913385828,124.0,0,1,2017-10-30/2017-11-05
bruno mars,10588028.0,7,52,132.2292817679558,128.0,0,0,2017-11-06/2017-11-12
bruno mars,11233733.0,7,54,133.00797872340425,128.0,0,0,2017-11-13/2017-11-19
bruno mars,14259139.0,7,49,131.77397260273972,127.0,0,1,2017-11-20/2017-11-26
bruno mars,13983517.0,22,37,124.1780303030303,122.0,0,2,2017-11-27/2017-12-03
bruno mars,13556896.0,23,8,112.59963436928702,109.0,2,10,2017-12-04/2017-12-10
bruno mars,11805110.0,11,37,117.38755980861244,117.0,0,3,2017-12-11/2017-12-17
bruno mars,11144975.0,8,47,122.6900269541779,124.0,0,1,2017-12-18/2017-12-24
bruno mars,16400160.0,10,14,122.19759036144578,118.0,0,2,2017-12-25/2017-12-31
bruno mars,31833014.0,8,2,109.57192982456141,108.0,1,2,2018-01-01/2018-01-07
bruno mars,56959678.0,8,2,86.5296343001261,92.0,1,1,2018-01-08/2018-01-14
bruno mars,50838239.0,7,3,84.56,86.0,1,1,2018-01-15/2018-01-21
bruno mars,48109267.0,7,3,88.19298245614036,90.0,1,1,2018-01-22/2018-01-28
bruno mars,61713210.0,12,2,88.71348940914159,91.0,1,3,2018-01-29/2018-02-04
bruno mars,54702734.0,8,2,92.92298716452743,98.0,1,1,2018-02-05/2018-02-11
bruno mars,46882450.0,7,3,94.08015267175573,99.0,1,1,2018-02-12/2018-02-18
bruno mars,41850772.0,7,7,98.21448087431693,103.0,1,1,2018-02-19/2018-02-25
bruno mars,39382626.0,9,7,104.02578018995929,110.0,1,1,2018-02-26/2018-03-04
bruno mars,36294045.0,8,10,104.13119533527697,110.5,1,1,2018-03-05/2018-03-11
bruno mars,34030102.0,7,13,105.22137404580153,109.0,0,1,2018-03-12/2018-03-18
bruno mars,31653116.0,7,15,110.59571209800919,113.0,0,1,2018-03-19/2018-03-25
bruno mars,28481749.0,8,18,111.51883561643835,117.0,0,1,2018-03-26/2018-04-01
bruno mars,23852165.0,7,21,123.88627450980393,128.5,0,1,2018-04-02/2018-04-08
bruno mars,21817653.0,18,24,126.10586011342156,127.0,0,3,2018-04-09/2018-04-15
bruno mars,20521433.0,24,29,128.32629558541268,130.0,0,3,2018-04-16/2018-04-22
bruno mars,17869480.0,17,33,135.72767857142858,140.0,0,3,2018-04-23/2018-04-29
bruno mars,18641220.0,17,25,130.1907756813417,129.0,0,4,2018-04-30/2018-05-06
bruno mars,17635609.0,21,8,122.4933628318584,119.0,1,7,2018-05-07/2018-05-13
bruno mars,14855158.0,18,17,131.56578947368422,130.0,0,6,2018-05-14/2018-05-20
bruno mars,12210189.0,8,63,148.1559633027523,149.0,0,0,2018-05-21/2018-05-27
bruno mars,11445584.0,8,65,148.28571428571428,150.0,0,0,2018-05-28/2018-06-03
bruno mars,9625156.0,8,72,152.81060606060606,152.5,0,0,2018-06-04/2018-06-10
bruno mars,9712908.0,9,59,153.61867704280155,156.0,0,0,2018-06-11/2018-06-17
bruno mars,9261294.0,7,57,159.2155172413793,165.0,0,0,2018-06-18/2018-06-24
bruno mars,11116419.0,12,57,153.8706896551724,161.0,0,0,2018-06-25/2018-07-01
bruno mars,14270195.0,8,60,159.5929203539823,163.0,0,0,2018-07-02/2018-07-08
bruno mars,7016847.0,8,68,161.84615384615384,164.0,0,0,2018-07-09/2018-07-15
bruno mars,5544912.0,6,98,164.84126984126985,169.0,0,0,2018-07-16/2018-07-22
bruno mars,5849730.0,6,85,164.54444444444445,172.0,0,0,2018-07-23/2018-07-29
bruno mars,4664551.0,6,76,164.3216374269006,168.0,0,0,2018-07-30/2018-08-05
bruno mars,3850469.0,6,78,163.71612903225807,170.0,0,0,2018-08-06/2018-08-12
bruno mars,1711026.0,6,67,167.39344262295083,173.5,0,0,2018-08-13/2018-08-19
bruno mars,1109449.0,6,78,170.78899082568807,178.0,0,0,2018-08-20/2018-08-26
bruno mars,930600.0,6,89,172.46391752577318,178.0,0,0,2018-08-27/2018-09-02
bruno mars,987477.0,6,69,171.57731958762886,177.0,0,0,2018-09-03/2018-09-09
bruno mars,11060345.0,7,4,112.18181818181819,123.0,1,1,2018-09-10/2018-09-16
bruno mars,26037804.0,6,6,87.48205128205129,70.0,1,1,2018-09-17/2018-09-23
bruno mars,23057611.0,6,8,94.00259067357513,75.5,1,1,2018-09-24/2018-09-30
bruno mars,20503320.0,5,10,102.91379310344827,91.5,1,1,2018-10-01/2018-10-07
bruno mars,18259412.0,7,17,111.88235294117646,117.0,0,1,2018-10-08/2018-10-14
bruno mars,16810463.0,6,20,120.14801444043322,126.0,0,1,2018-10-15/2018-10-21
bruno mars,16136140.0,5,21,124.04743083003953,136.0,0,1,2018-10-22/2018-10-28
bruno mars,17025084.0,5,14,123.92363636363636,140.0,0,1,2018-10-29/2018-11-04
bruno mars,19447023.0,5,13,117.33333333333333,126.0,0,1,2018-11-05/2018-11-11
bruno mars,20479677.0,5,10,119.74792243767313,130.0,1,1,2018-11-12/2018-11-18
bruno mars,20315517.0,5,10,119.12359550561797,127.0,1,1,2018-11-19/2018-11-25
bruno mars,19315417.0,4,10,121.66006600660066,129.0,1,1,2018-11-26/2018-12-02
bruno mars,19079580.0,6,12,123.8030303030303,133.5,0,2,2018-12-03/2018-12-09
bruno mars,19723621.0,5,11,124.7298245614035,139.0,0,1,2018-12-10/2018-12-16
bruno mars,18878308.0,5,12,125.98031496062993,133.5,0,1,2018-12-17/2018-12-23
bruno mars,16531933.0,6,13,130.42986425339367,141.0,0,1,2018-12-24/2018-12-30
bruno mars,20456051.0,8,12,125.4983388704319,134.0,0,1,2018-12-31/2019-01-06
bruno mars,19427852.0,5,14,122.32558139534883,134.0,0,1,2019-01-07/2019-01-13
bruno mars,19834967.0,5,15,118.18518518518519,124.0,0,1,2019-01-14/2019-01-20
bruno mars,19668972.0,5,16,112.63701067615658,115.0,0,1,2019-01-21/2019-01-27
bruno mars,19034771.0,5,17,117.41281138790036,120.0,0,1,2019-01-28/2019-02-03
bruno mars,18185626.0,6,22,121.84269662921348,128.0,0,1,2019-02-04/2019-02-10
bruno mars,30633349.0,6,6,98.01036269430051,92.0,1,3,2019-02-11/2019-02-17
bruno mars,42264676.0,6,4,84.39619047619047,72.0,1,2,2019-02-18/2019-02-24
bruno mars,36444319.0,6,8,90.50535331905782,76.0,1,2,2019-02-25/2019-03-03
bruno mars,40331888.0,5,11,90.3234126984127,82.0,0,2,2019-03-04/2019-03-10
bruno mars,39534868.0,6,9,89.49899799599199,76.0,1,2,2019-03-11/2019-03-17
bruno mars,35938070.0,5,12,89.52527472527473,76.0,0,2,2019-03-18/2019-03-24
bruno mars,32457927.0,5,14,97.18854415274463,87.0,0,2,2019-03-25/2019-03-31
bruno mars,29071974.0,5,28,108.22252010723861,103.0,0,2,2019-04-01/2019-04-07
bruno mars,25430748.0,6,32,117.88643533123029,118.0,0,1,2019-04-08/2019-04-14
bruno mars,22856318.0,5,33,123.23703703703704,124.0,0,1,2019-04-15/2019-04-21
bruno mars,20435184.0,5,35,136.31950207468878,143.0,0,1,2019-04-22/2019-04-28
bruno mars,18796313.0,5,43,138.90954773869348,145.0,0,1,2019-04-29/2019-05-05
bruno mars,17196760.0,5,45,144.32142857142858,154.5,0,1,2019-05-06/2019-05-12
bruno mars,15734905.0,5,46,151.28662420382165,164.0,0,1,2019-05-13/2019-05-19
bruno mars,14775554.0,5,49,154.12408759124088,168.0,0,1,2019-05-20/2019-05-26
bruno mars,11592771.0,5,50,154.83962264150944,162.5,0,1,2019-05-27/2019-06-02
bruno mars,6005912.0,5,100,162.41237113402062,168.0,0,0,2019-06-03/2019-06-09
bruno mars,4597002.0,5,102,160.6547619047619,167.5,0,0,2019-06-10/2019-06-16
bruno mars,4456505.0,5,112,165.126582278481,174.0,0,0,2019-06-17/2019-06-23
bruno mars,2975374.0,5,119,168.89285714285714,171.5,0,0,2019-06-24/2019-06-30
bruno mars,7342297.0,6,33,126.5798319327731,134.0,0,1,2019-07-01/2019-07-07
bruno mars,16132976.0,6,16,102.5125,96.5,0,2,2019-07-08/2019-07-14
bruno mars,12788017.0,5,33,118.50568181818181,118.0,0,1,2019-07-15/2019-07-21
bruno mars,4132369.0,4,56,149.85897435897436,155.5,0,0,2019-07-22/2019-07-28
bruno mars,2135407.0,5,126,166.12244897959184,168.0,0,0,2019-07-29/2019-08-04
bruno mars,1979976.0,5,57,159.84782608695653,169.5,0,0,2019-08-05/2019-08-11
bruno mars,1827664.0,5,76,166.975,172.5,0,0,2019-08-12/2019-08-18
bruno mars,1076736.0,4,121,167.31034482758622,174.0,0,0,2019-08-19/2019-08-25
bruno mars,452145.0,3,140,175.0,170.5,0,0,2019-08-26/2019-09-01
bruno mars,276015.0,2,137,170.93333333333334,169.0,0,0,2019-09-02/2019-09-08
bruno mars,630318.0,2,140,176.13333333333333,179.0,0,0,2019-09-09/2019-09-15
bruno mars,261138.0,1,157,175.8235294117647,175.0,0,0,2019-09-16/2019-09-22
bruno mars,283858.0,1,147,170.52631578947367,162.0,0,0,2019-09-23/2019-09-29
bruno mars,284446.0,1,129,163.55555555555554,160.0,0,0,2019-09-30/2019-10-06
bruno mars,298662.0,1,133,164.55,161.0,0,0,2019-10-07/2019-10-13
bruno mars,374984.0,2,127,159.7391304347826,157.0,0,0,2019-10-14/2019-10-20
bruno mars,314480.0,1,133,159.0,158.0,0,0,2019-10-21/2019-10-27
bruno mars,290428.0,1,140,161.0,157.0,0,0,2019-10-28/2019-11-03
bruno mars,327999.0,1,124,151.57142857142858,147.0,0,0,2019-11-04/2019-11-10
bruno mars,327861.0,1,125,152.0,146.0,0,0,2019-11-11/2019-11-17
bruno mars,339155.0,1,116,150.66666666666666,146.0,0,0,2019-11-18/2019-11-24
bruno mars,330940.0,1,127,158.38095238095238,156.0,0,0,2019-11-25/2019-12-01
bruno mars,338397.0,1,137,166.22727272727272,170.0,0,0,2019-12-02/2019-12-08
bruno mars,308537.0,1,143,166.47368421052633,160.0,0,0,2019-12-09/2019-12-15
bruno mars,270441.0,1,154,164.73333333333332,158.0,0,0,2019-12-16/2019-12-22
bruno mars,196867.0,1,148,166.53846153846155,162.0,0,0,2019-12-23/2019-12-29
bruno mars,2359203.0,6,54,153.16666666666666,156.5,0,0,2019-12-30/2020-01-05
bruno mars,266671.0,1,142,157.4,154.0,0,0,2020-01-06/2020-01-12
bruno mars,269421.0,1,131,154.26666666666668,152.0,0,0,2020-01-13/2020-01-19
bruno mars,301708.0,1,129,161.38888888888889,152.5,0,0,2020-01-20/2020-01-26
bruno mars,308441.0,1,120,160.21052631578948,156.0,0,0,2020-01-27/2020-02-02
bruno mars,336351.0,1,117,151.21052631578948,140.0,0,0,2020-02-03/2020-02-09
bruno mars,1253384.0,1,117,158.16666666666666,158.0,0,0,2020-02-10/2020-02-16
bruno mars,327203.0,1,120,157.0,157.0,0,0,2020-02-17/2020-02-23
bruno mars,298531.0,1,134,154.85714285714286,155.5,0,0,2020-02-24/2020-03-01
bruno mars,302037.0,1,124,153.5,148.5,0,0,2020-03-02/2020-03-08
bruno mars,285616.0,1,120,145.42857142857142,145.5,0,0,2020-03-09/2020-03-15
bruno mars,219525.0,1,126,157.16666666666666,159.0,0,0,2020-03-16/2020-03-22
bruno mars,184591.0,2,126,158.77777777777777,160.0,0,0,2020-03-23/2020-03-29
bruno mars,225175.0,1,117,165.4,187.0,0,0,2020-03-30/2020-04-05
bruno mars,228553.0,1,123,164.05882352941177,179.0,0,0,2020-04-06/2020-04-12
bruno mars,254063.0,1,120,167.25,181.5,0,0,2020-04-13/2020-04-19
bruno mars,263487.0,1,109,164.23809523809524,182.0,0,0,2020-04-20/2020-04-26
bruno mars,258399.0,1,94,155.0,181.0,0,0,2020-04-27/2020-05-03
bruno mars,258493.0,1,98,153.05882352941177,178.0,0,0,2020-05-04/2020-05-10
bruno mars,243085.0,1,110,151.93333333333334,169.0,0,0,2020-05-11/2020-05-17
bruno mars,231601.0,1,108,139.0909090909091,121.0,0,0,2020-05-18/2020-05-24
bruno mars,249748.0,1,104,155.26666666666668,176.0,0,0,2020-05-25/2020-05-31
bruno mars,285937.0,1,101,157.52631578947367,179.0,0,0,2020-06-01/2020-06-07
bruno mars,265372.0,1,99,152.625,175.0,0,0,2020-06-08/2020-06-14
bruno mars,231080.0,1,102,144.63636363636363,128.0,0,0,2020-06-15/2020-06-21
bruno mars,292240.0,2,94,162.85,187.0,0,0,2020-06-22/2020-06-28
bruno mars,268634.0,1,103,154.5,175.5,0,0,2020-06-29/2020-07-05
bruno mars,268642.0,1,102,143.0,135.0,0,0,2020-07-06/2020-07-12
bruno mars,311789.0,1,98,151.10526315789474,164.0,0,0,2020-07-13/2020-07-19
bruno mars,333377.0,1,91,146.3,145.0,0,0,2020-07-20/2020-07-26
bruno mars,314788.0,1,104,157.15,164.0,0,0,2020-07-27/2020-08-02
bruno mars,295909.0,1,117,158.10526315789474,161.0,0,0,2020-08-03/2020-08-09
bruno mars,299629.0,1,113,155.31578947368422,162.0,0,0,2020-08-10/2020-08-16
bruno mars,305141.0,1,112,156.35,160.5,0,0,2020-08-17/2020-08-23
bruno mars,308238.0,1,109,155.89473684210526,166.0,0,0,2020-08-24/2020-08-30
bruno mars,317831.0,2,114,163.04761904761904,178.0,0,0,2020-08-31/2020-09-06
bruno mars,460608.0,2,114,167.10256410256412,173.0,0,0,2020-09-07/2020-09-13
bruno mars,534096.0,2,110,168.32608695652175,174.5,0,0,2020-09-14/2020-09-20
bruno mars,473187.0,2,99,167.1081081081081,181.0,0,0,2020-09-21/2020-09-27
bruno mars,454840.0,2,91,162.83783783783784,174.0,0,0,2020-09-28/2020-10-04
bruno mars,1156244.0,2,103,153.28205128205127,150.0,0,0,2020-10-05/2020-10-11
bruno mars,415943.0,2,96,146.8709677419355,154.0,0,0,2020-10-12/2020-10-18
bruno mars,398196.0,2,97,145.20689655172413,151.0,0,0,2020-10-19/2020-10-25
bruno mars,343123.0,1,115,162.96428571428572,165.5,0,0,2020-10-26/2020-11-01
bruno mars,353139.0,1,107,155.31034482758622,158.0,0,0,2020-11-02/2020-11-08
bruno mars,343125.0,1,102,142.85185185185185,144.0,0,0,2020-11-09/2020-11-15
bruno mars,378936.0,1,95,141.28571428571428,139.5,0,0,2020-11-16/2020-11-22
bruno mars,380603.0,1,102,137.875,141.5,0,0,2020-11-23/2020-11-29
bruno mars,369757.0,1,109,152.7391304347826,155.0,0,0,2020-11-30/2020-12-06
bruno mars,354627.0,1,112,156.9047619047619,158.0,0,0,2020-12-07/2020-12-13
bruno mars,332314.0,1,127,165.5,168.0,0,0,2020-12-14/2020-12-20
bruno mars,234233.0,1,134,162.07142857142858,165.5,0,0,2020-12-21/2020-12-27
bruno mars,3882879.0,4,66,137.88235294117646,135.0,0,0,2020-12-28/2021-01-03
bruno mars,399105.0,1,98,134.44,132.0,0,0,2021-01-04/2021-01-10
bruno mars,381730.0,1,94,136.96153846153845,131.0,0,0,2021-01-11/2021-01-17
bruno mars,391285.0,1,87,137.10714285714286,136.5,0,0,2021-01-18/2021-01-24
bruno mars,417609.0,3,89,138.83870967741936,137.0,0,0,2021-01-25/2021-01-31
bruno mars,492612.0,2,83,134.08823529411765,131.0,0,0,2021-02-01/2021-02-07
bruno mars,6714277.0,4,78,141.77215189873417,146.0,0,0,2021-02-08/2021-02-14
bruno mars,6176199.0,4,81,143.18571428571428,151.5,0,0,2021-02-15/2021-02-21
bruno mars,6781210.0,4,71,139.67777777777778,149.0,0,0,2021-02-22/2021-02-28
bruno mars,28292538.0,6,1,94.61619718309859,89.0,1,1,2021-03-01/2021-03-07
bruno mars,54400089.0,8,1,82.44891122278057,73.0,1,1,2021-03-08/2021-03-14
bruno mars,58250819.0,7,1,80.7936,72.0,1,1,2021-03-15/2021-03-21
bruno mars,63109952.0,8,1,85.49621785173979,75.0,1,2,2021-03-22/2021-03-28
bruno mars,64519678.0,9,1,83.26111908177906,72.0,1,2,2021-03-29/2021-04-04
bruno mars,69573888.0,8,1,85.8504326328801,74.0,1,2,2021-04-05/2021-04-11
bruno mars,74380209.0,8,1,80.90877598152424,68.0,1,3,2021-04-12/2021-04-18
bruno mars,79475501.0,9,1,80.4805615550756,66.0,1,3,2021-04-19/2021-04-25
bruno mars,81910309.0,9,1,78.28418803418803,65.0,2,3,2021-04-26/2021-05-02
bruno mars,79169225.0,8,1,78.41499472016895,63.0,2,3,2021-05-03/2021-05-09
bruno mars,75282318.0,7,1,80.22466960352423,66.0,2,3,2021-05-10/2021-05-16
bruno mars,72811044.0,7,2,83.43356643356644,70.0,2,3,2021-05-17/2021-05-23
bruno mars,68428067.0,7,4,83.67133757961784,68.0,2,3,2021-05-24/2021-05-30
bruno mars,64757411.0,6,5,82.06377204884667,67.0,2,3,2021-05-31/2021-06-06
bruno mars,58390981.0,5,5,81.33574529667149,70.0,1,3,2021-06-07/2021-06-13
bruno mars,56346949.0,6,5,84.55057803468208,71.5,1,3,2021-06-14/2021-06-20
bruno mars,52500404.0,7,5,87.91047040971168,76.0,1,3,2021-06-21/2021-06-27
bruno mars,50287970.0,9,8,89.11263318112633,80.0,1,3,2021-06-28/2021-07-04
bruno mars,47969534.0,7,10,89.87220447284345,84.0,1,3,2021-07-05/2021-07-11
bruno mars,42656924.0,7,12,92.47285464098074,90.0,0,3,2021-07-12/2021-07-18
bruno mars,38976691.0,7,13,93.94280442804428,95.0,0,3,2021-07-19/2021-07-25
bruno mars,50870135.0,7,7,96.68872180451127,97.0,1,4,2021-07-26/2021-08-01
bruno mars,57917902.0,7,12,93.39024390243902,91.0,0,4,2021-08-02/2021-08-08
bruno mars,50417617.0,7,14,97.27674750356633,95.0,0,4,2021-08-09/2021-08-15
bruno mars,45642700.0,7,19,101.1592356687898,99.0,0,3,2021-08-16/2021-08-22
bruno mars,40315401.0,6,19,106.47027972027972,109.0,0,2,2021-08-23/2021-08-29
bruno mars,27655119.0,7,19,115.46543778801843,117.5,0,1,2021-08-30/2021-09-05
bruno mars,25286108.0,6,20,114.36856368563686,115.0,0,1,2021-09-06/2021-09-12
bruno mars,24205002.0,6,26,114.29498525073747,112.0,0,1,2021-09-13/2021-09-19
bruno mars,23810344.0,6,32,115.578125,115.5,0,1,2021-09-20/2021-09-26
bruno mars,22907605.0,6,35,119.04658385093168,121.0,0,1,2021-09-27/2021-10-03
bruno mars,23645578.0,6,37,123.69971671388102,129.0,0,1,2021-10-04/2021-10-10
bruno mars,22521748.0,7,37,124.06122448979592,131.0,0,1,2021-10-11/2021-10-17
bruno mars,22719929.0,5,38,122.25217391304348,130.0,0,1,2021-10-18/2021-10-24
bruno mars,21029807.0,5,40,124.79629629629629,134.5,0,1,2021-10-25/2021-10-31
bruno mars,32147576.0,10,8,121.2,128.0,1,2,2021-11-01/2021-11-07
bruno mars,126623955.0,18,1,100.31449407474932,101.0,2,11,2021-11-08/2021-11-14
bruno mars,99783646.0,14,2,104.34319526627219,108.0,1,3,2021-11-15/2021-11-21
bruno mars,58631299.0,8,3,100.92846715328467,105.0,1,2,2021-11-22/2021-11-28
bruno mars,50295802.0,7,5,104.60103626943005,110.0,1,2,2021-11-29/2021-12-05
bruno mars,41665488.0,6,12,106.27754237288136,101.0,0,2,2021-12-06/2021-12-12
bruno mars,36823048.0,6,15,108.23006833712984,107.0,0,2,2021-12-13/2021-12-19
bruno mars,26545780.0,7,20,113.10277777777777,112.0,0,1,2021-12-20/2021-12-26
bruno mars,45788781.0,12,17,106.66068222621185,106.0,0,2,2021-12-27/2022-01-02
bruno mars,43414937.0,9,23,113.8158379373849,112.0,0,1,2022-01-03/2022-01-09
bruno mars,40607780.0,7,28,120.44877049180327,122.5,0,1,2022-01-10/2022-01-16
bruno mars,39442835.0,7,31,122.70758928571429,123.0,0,1,2022-01-17/2022-01-23
bruno mars,39023618.0,8,34,125.65258215962442,128.0,0,1,2022-01-24/2022-01-30
bruno mars,37401008.0,7,41,128.37531486146096,129.0,0,1,2022-01-31/2022-02-06
bruno mars,37172375.0,7,43,130.88918205804748,133.0,0,1,2022-02-07/2022-02-13
bruno mars,40380386.0,9,50,139.65420560747663,143.0,0,1,2022-02-14/2022-02-20
bruno mars,29741743.0,9,56,143.18694362017803,148.0,0,0,2022-02-21/2022-02-27
bruno mars,25151970.0,8,66,144.75838926174498,144.0,0,0,2022-02-28/2022-03-06
bruno mars,23458119.0,9,67,144.51601423487546,144.0,0,0,2022-03-07/2022-03-13
bruno mars,22723508.0,10,68,154.0886524822695,157.5,0,0,2022-03-14/2022-03-20
bruno mars,19400653.0,9,67,160.53846153846155,169.0,0,0,2022-03-21/2022-03-27
bruno mars,27227350.0,10,64,158.51104100946372,167.0,0,0,2022-03-28/2022-04-03
bruno mars,42751275.0,10,30,143.97840172786178,154.0,0,1,2022-04-04/2022-04-10
bruno mars,37539422.0,10,60,144.53296703296704,152.0,0,0,2022-04-11/2022-04-17
bruno mars,37336024.0,9,60,141.0970588235294,142.0,0,0,2022-04-18/2022-04-24
bruno mars,28941372.0,7,74,143.20377358490566,139.0,0,0,2022-04-25/2022-05-01
bruno mars,24098681.0,6,79,149.62025316455697,153.0,0,0,2022-05-02/2022-05-08
bruno mars,13291364.0,6,71,154.78604651162792,158.0,0,0,2022-05-09/2022-05-15
bruno mars,11246226.0,6,77,158.51030927835052,163.0,0,0,2022-05-16/2022-05-22
bruno mars,9579133.0,6,67,163.41624365482232,169.0,0,0,2022-05-23/2022-05-29
bruno mars,8962033.0,6,69,158.06091370558374,163.0,0,0,2022-05-30/2022-06-05
bruno mars,8983357.0,6,74,161.17368421052632,163.5,0,0,2022-06-06/2022-06-12
bruno mars,8875167.0,6,72,162.49197860962568,167.0,0,0,2022-06-13/2022-06-19
bruno mars,8740424.0,6,74,162.64673913043478,166.0,0,0,2022-06-20/2022-06-26
bruno mars,8435302.0,6,71,161.76704545454547,165.0,0,0,2022-06-27/2022-07-03
bruno mars,8505966.0,7,70,163.54437869822485,168.0,0,0,2022-07-04/2022-07-10
bruno mars,8174159.0,6,71,164.42307692307693,169.0,0,0,2022-07-11/2022-07-17
bruno mars,7673384.0,4,80,165.2406015037594,165.0,0,0,2022-07-18/2022-07-24
bruno mars,6852810.0,5,78,165.59848484848484,173.0,0,0,2022-07-25/2022-07-31
bruno mars,6925828.0,5,82,162.88188976377953,170.0,0,0,2022-08-01/2022-08-07
bruno mars,8411384.0,5,80,161.30935251798562,167.0,0,0,2022-08-08/2022-08-14
bruno mars,7776691.0,5,81,161.54954954954954,167.0,0,0,2022-08-15/2022-08-21
bruno mars,6005408.0,6,76,163.03773584905662,165.5,0,0,2022-08-22/2022-08-28
bruno mars,5913665.0,5,83,163.50485436893203,170.0,0,0,2022-08-29/2022-09-04
bruno mars,7581922.0,5,81,161.47368421052633,170.0,0,0,2022-09-05/2022-09-11
bruno mars,5851696.0,5,84,167.9578947368421,176.0,0,0,2022-09-12/2022-09-18
bruno mars,10287001.0,5,92,169.74468085106383,180.0,0,0,2022-09-19/2022-09-25
bruno mars,12165921.0,5,92,165.41739130434783,171.0,0,0,2022-09-26/2022-10-02
bruno mars,13838876.0,6,85,167.76612903225808,174.5,0,0,2022-10-03/2022-10-09
bruno mars,16385041.0,9,71,164.18620689655174,173.0,0,0,2022-10-10/2022-10-16
bruno mars,13548258.0,6,93,164.03521126760563,168.0,0,0,2022-10-17/2022-10-23
bruno mars,14598017.0,9,106,174.67586206896553,177.0,0,0,2022-10-24/2022-10-30
bruno mars,11476351.0,6,86,170.82481751824818,176.0,0,0,2022-10-31/2022-11-06
bruno mars,9912728.0,7,89,164.75735294117646,173.0,0,0,2022-11-07/2022-11-13
bruno mars,12709722.0,5,93,156.23026315789474,162.0,0,0,2022-11-14/2022-11-20
bruno mars,11172652.0,6,83,157.03623188405797,161.0,0,0,2022-11-21/2022-11-27
bruno mars,8865474.0,6,80,150.93548387096774,155.5,0,0,2022-11-28/2022-12-04
bruno mars,11731947.0,7,77,144.75,153.0,0,0,2022-12-05/2022-12-11
bruno mars,11827552.0,6,87,148.2396694214876,160.0,0,0,2022-12-12/2022-12-18
bruno mars,9327037.0,6,84,145.01030927835052,156.0,0,0,2022-12-19/2022-12-25
bruno mars,17814111.0,11,59,146.02051282051283,148.0,0,0,2022-12-26/2023-01-01
bruno mars,23809797.0,8,85,151.25446428571428,153.0,0,0,2023-01-02/2023-01-08
bruno mars,24222231.0,8,52,144.95945945945945,143.0,0,0,2023-01-09/2023-01-15
bruno mars,27632314.0,8,36,129.4602510460251,123.0,0,1,2023-01-16/2023-01-22
bruno mars,28592730.0,8,39,130.05859375,130.0,0,1,2023-01-23/2023-01-29
bruno mars,31489488.0,5,38,126.4980694980695,127.0,0,1,2023-01-30/2023-02-05
bruno mars,31729529.0,6,43,130.22222222222223,130.0,0,1,2023-02-06/2023-02-12
bruno mars,25891612.0,6,51,134.38222222222223,134.0,0,0,2023-02-13/2023-02-19
bruno mars,19331277.0,6,62,138.66486486486485,141.0,0,0,2023-02-20/2023-02-26
bruno mars,17301270.0,5,68,141.80368098159508,143.0,0,0,2023-02-27/2023-03-05
bruno mars,15216941.0,6,51,143.69411764705882,149.0,0,0,2023-03-06/2023-03-12
bruno mars,15370765.0,6,65,148.89032258064515,155.0,0,0,2023-03-13/2023-03-19
bruno mars,13667972.0,5,73,149.8860759493671,156.5,0,0,2023-03-20/2023-03-26
bruno mars,18081519.0,5,68,149.00671140939596,153.0,0,0,2023-03-27/2023-04-02
bruno mars,12295645.0,6,77,158.29166666666666,165.0,0,0,2023-04-03/2023-04-09
bruno mars,15177077.0,5,75,163.91056910569105,173.0,0,0,2023-04-10/2023-04-16
bruno mars,16684045.0,7,75,163.4765625,175.0,0,0,2023-04-17/2023-04-23
bruno mars,20554462.0,7,83,158.06976744186048,162.0,0,0,2023-04-24/2023-04-30
bruno mars,13259668.0,7,90,156.89908256880733,159.0,0,0,2023-05-01/2023-05-07
bruno mars,12703915.0,6,88,156.99074074074073,158.5,0,0,2023-05-08/2023-05-14
bruno mars,12974060.0,5,83,156.44144144144144,161.0,0,0,2023-05-15/2023-05-21
bruno mars,10955489.0,5,102,157.45454545454547,155.0,0,0,2023-05-22/2023-05-28
bruno mars,8719308.0,5,106,158.61904761904762,161.0,0,0,2023-05-29/2023-06-04
bruno mars,8642745.0,5,110,161.82142857142858,163.5,0,0,2023-06-05/2023-06-11
bruno mars,16258467.0,14,38,148.94074074074075,148.0,0,1,2023-06-12/2023-06-18
bruno mars,24860143.0,14,43,140.1919191919192,145.5,0,2,2023-06-19/2023-06-25
bruno mars,35851333.0,12,29,135.8230452674897,140.0,0,4,2023-06-26/2023-07-02
bruno mars,31262902.0,8,52,140.3505747126437,146.5,0,0,2023-07-03/2023-07-09
bruno mars,29299087.0,5,82,144.74358974358975,150.0,0,0,2023-07-10/2023-07-16
bruno mars,25549589.0,5,84,147.73880597014926,149.0,0,0,2023-07-17/2023-07-23
bruno mars,22961741.0,5,85,149.8357142857143,148.0,0,0,2023-07-24/2023-07-30
bruno mars,26058373.0,5,81,139.1818181818182,139.0,0,0,2023-07-31/2023-08-06
bruno mars,28964289.0,5,69,142.8581081081081,142.5,0,0,2023-08-07/2023-08-13
bruno mars,36544080.0,5,73,140.72392638036808,144.0,0,0,2023-08-14/2023-08-20
bruno mars,33168292.0,5,67,140.6953642384106,138.0,0,0,2023-08-21/2023-08-27
bruno mars,40732853.0,6,67,139.86607142857142,138.5,0,0,2023-08-28/2023-09-03
bruno mars,57869508.0,9,51,134.40712468193385,134.0,0,0,2023-09-04/2023-09-10
bruno mars,65056069.0,9,47,125.8157894736842,122.0,0,1,2023-09-11/2023-09-17
bruno mars,59602320.0,6,37,120.41137855579869,117.0,0,1,2023-09-18/2023-09-24
bruno mars,56735769.0,7,36,123.48036951501155,122.0,0,1,2023-09-25/2023-10-01
bruno mars,47610997.0,7,65,145.25093632958803,155.0,0,0,2023-10-02/2023-10-08
bruno mars,45195943.0,7,50,142.45922746781116,148.0,0,1,2023-10-09/2023-10-15
bruno mars,44378352.0,8,51,141.37826086956522,147.0,0,0,2023-10-16/2023-10-22
bruno mars,47552553.0,8,58,140.85774058577405,142.0,0,0,2023-10-23/2023-10-29
bruno mars,40998141.0,7,55,137.46226415094338,141.5,0,0,2023-10-30/2023-11-05
bruno mars,43749363.0,7,58,137.23788546255506,139.0,0,0,2023-11-06/2023-11-12
bruno mars,52232623.0,8,55,137.11552346570397,137.0,0,0,2023-11-13/2023-11-19
bruno mars,57417023.0,8,51,136.41297935103245,141.0,0,0,2023-11-20/2023-11-26
bruno mars,52037238.0,8,50,133.0704697986577,131.5,0,1,2023-11-27/2023-12-03
bruno mars,48230436.0,8,44,129.12,125.5,0,1,2023-12-04/2023-12-10
bruno mars,44542579.0,8,42,127.9625,126.0,0,1,2023-12-11/2023-12-17
bruno mars,37479581.0,7,53,126.80851063829788,126.5,0,0,2023-12-18/2023-12-24
bruno mars,38200578.0,9,58,129.6214953271028,132.5,0,0,2023-12-25/2023-12-31
bruno mars,43239288.0,8,61,134.9214876033058,136.5,0,0,2024-01-01/2024-01-07
bruno mars,49759243.0,9,35,131.14191419141915,131.0,0,2,2024-01-08/2024-01-14
bruno mars,58344197.0,12,16,121.65840220385675,118.0,0,6,2024-01-15/2024-01-21
bruno mars,65616329.0,12,29,122.34338747099768,128.0,0,5,2024-01-22/2024-01-28
bruno mars,74681630.0,12,19,123.02941176470588,129.0,0,5,2024-01-29/2024-02-04
bruno mars,82105634.0,9,12,122.30340557275542,125.5,0,3,2024-02-05/2024-02-11
bruno mars,76905863.0,10,10,122.98287671232876,126.0,1,4,2024-02-12/2024-02-18
bruno mars,71618489.0,7,18,125.74656188605108,132.0,0,3,2024-02-19/2024-02-25
bruno mars,73206601.0,8,18,127.01147227533461,129.0,0,4,2024-02-26/2024-03-03
bruno mars,68758818.0,9,38,127.54988399071925,123.0,0,2,2024-03-04/2024-03-10
bruno mars,62497656.0,8,54,132.575682382134,133.0,0,0,2024-03-11/2024-03-17
bruno mars,59509324.0,8,47,130.99248120300751,131.0,0,2,2024-03-18/2024-03-24
bruno mars,58447747.0,20,22,127.75288683602771,128.0,0,3,2024-03-25/2024-03-31
bruno mars,48531722.0,26,4,86.16819571865443,74.0,6,22,2024-04-01/2024-04-07
bruno mars,43677379.0,23,7,102.71527777777777,92.0,3,18,2024-04-08/2024-04-14
bruno mars,43897602.0,15,29,119.30543933054393,124.0,0,6,2024-04-15/2024-04-21
bruno mars,37228110.0,9,55,130.50697674418603,135.0,0,0,2024-04-22/2024-04-28
bruno mars,32033103.0,10,41,128.23728813559322,123.0,0,1,2024-04-29/2024-05-05
bruno mars,54102927.0,7,35,128.35265700483092,130.0,0,1,2024-05-06/2024-05-12
bruno mars,46173230.0,7,32,136.2319587628866,141.5,0,1,2024-05-13/2024-05-19
bruno mars,44515432.0,7,36,135.83977900552486,139.0,0,1,2024-05-20/2024-05-26
bruno mars,44866540.0,7,37,136.30434782608697,147.0,0,3,2024-05-27/2024-06-02
bruno mars,47799749.0,6,35,135.12238805970148,141.0,0,2,2024-06-03/2024-06-09
bruno mars,49439821.0,6,32,134.02535211267605,139.0,0,2,2024-06-10/2024-06-16
bruno mars,51764593.0,6,20,126.11868686868686,130.5,0,2,2024-06-17/2024-06-23
bruno mars,58215067.0,7,17,120.32166301969366,121.0,0,2,2024-06-24/2024-06-30
bruno mars,39079589.0,7,51,147.45731707317074,158.0,0,0,2024-07-01/2024-07-07
bruno mars,34452562.0,6,86,154.79562043795622,158.0,0,0,2024-07-08/2024-07-14
bruno mars,30115136.0,6,78,151.1782945736434,154.0,0,0,2024-07-15/2024-07-21
bruno mars,31573609.0,7,78,154.6153846153846,156.0,0,0,2024-07-22/2024-07-28
bruno mars,45530841.0,7,36,140.98958333333334,151.0,0,1,2024-07-29/2024-08-04
bruno mars,56515319.0,6,27,137.35686274509803,145.0,0,1,2024-08-05/2024-08-11
bruno mars,97160028.0,7,2,113.64510166358595,120.0,1,3,2024-08-12/2024-08-18
bruno mars,181528667.0,7,1,81.58219178082192,67.0,1,3,2024-08-19/2024-08-25
bruno mars,209371392.0,9,1,71.83472057074911,54.0,1,4,2024-08-26/2024-09-01
bruno mars,221403324.0,25,1,64.08845208845209,44.0,1,12,2024-09-02/2024-09-08
bruno mars,236468137.0,22,1,62.65714285714286,43.0,2,11,2024-09-09/2024-09-15
bruno mars,244627878.0,14,1,60.57943925233645,38.5,2,7,2024-09-16/2024-09-22
bruno mars,239004616.0,10,1,57.47303921568628,31.0,2,4,2024-09-23/2024-09-29
bruno mars,235475356.0,9,1,58.71320754716981,30.0,2,5,2024-09-30/2024-10-06
bruno mars,233480624.0,10,1,60.48645320197044,33.0,1,3,2024-10-07/2024-10-13
bruno mars,289124680.0,13,1,58.48119575699132,33.0,2,3,2024-10-14/2024-10-20
bruno mars,446283587.0,13,1,49.51813110181311,23.0,2,5,2024-10-21/2024-10-27
bruno mars,412193107.0,14,1,56.19935064935065,31.0,2,7,2024-10-28/2024-11-03
bruno mars,410764762.0,11,1,62.14245495495496,39.0,2,5,2024-11-04/2024-11-10
bruno mars,391856749.0,10,1,63.95952782462057,41.0,2,5,2024-11-11/2024-11-17
bruno mars,373085101.0,10,1,63.42370892018779,37.0,2,5,2024-11-18/2024-11-24
bruno mars,381397676.0,10,1,59.82090464547677,33.0,2,6,2024-11-25/2024-12-01
bruno mars,358364282.0,11,1,56.92058239576439,31.0,3,7,2024-12-02/2024-12-08
bruno mars,357059968.0,11,1,58.37633689839572,30.5,2,4,2024-12-09/2024-12-15
bruno mars,354063851.0,11,1,61.73565441650548,36.0,2,5,2024-12-16/2024-12-22
bruno mars,326013651.0,11,1,62.608695652173914,40.0,2,5,2024-12-23/2024-12-29
bruno mars,380096359.0,13,1,62.528824833702885,40.0,2,7,2024-12-30/2025-01-05
bruno mars,385844699.0,11,1,66.2998361551065,46.0,2,5,2025-01-06/2025-01-12
bruno mars,379354222.0,11,1,67.27940364439536,46.0,2,5,2025-01-13/2025-01-19
bruno mars,375142103.0,12,1,69.53970826580228,48.0,2,6,2025-01-20/2025-01-26
bruno mars,365660647.0,12,1,68.9736425935688,48.0,2,6,2025-01-27/2025-02-02
bruno mars,373041729.0,11,1,71.38478027867096,53.0,2,4,2025-02-03/2025-02-09
bruno mars,339767904.0,12,1,70.80402298850575,50.0,2,3,2025-02-10/2025-02-16
bruno mars,315019335.0,11,1,68.70930232558139,45.0,2,3,2025-02-17/2025-02-23
bruno mars,297262681.0,12,1,66.03647214854111,38.5,2,3,2025-02-24/2025-03-02
bruno mars,281686248.0,12,1,64.45640326975477,38.0,3,4,2025-03-03/2025-03-09
bruno mars,267843945.0,11,1,69.421875,46.0,2,3,2025-03-10/2025-03-16
bruno mars,254573814.0,10,1,70.00552486187846,47.0,2,3,2025-03-17/2025-03-23
bruno mars,248842362.0,10,1,71.53347578347578,49.0,2,3,2025-03-24/2025-03-30
bruno mars,220687001.0,10,1,70.09021406727828,50.0,2,3,2025-03-31/2025-04-06
bruno mars,207824897.0,8,1,70.19968051118211,49.0,2,2,2025-04-07/2025-04-13
bruno mars,197562793.0,8,1,68.0912078882498,46.0,2,2,2025-04-14/2025-04-20
bruno mars,191790242.0,9,1,69.21310116086235,50.0,2,2,2025-04-21/2025-04-27
bruno mars,171441404.0,10,1,65.30634774609015,46.0,2,3,2025-04-28/2025-05-04
bruno mars,153501897.0,6,1,58.87205731832139,40.0,2,2,2025-05-05/2025-05-11
bruno mars,140490209.0,7,2,62.669133192389005,47.0,2,2,2025-05-12/2025-05-18
bruno mars,135425139.0,6,2,67.18474758324382,52.0,2,2,2025-05-19/2025-05-25
bruno mars,134388459.0,9,3,69.8637339055794,56.0,2,2,2025-05-26/2025-06-01
bruno mars,145602514.0,9,2,81.63015075376885,69.0,2,2,2025-06-02/2025-06-08
bruno mars,127683317.0,8,4,80.81798483206934,71.0,2,2,2025-06-09/2025-06-15
bruno mars,113956156.0,7,4,79.73333333333333,69.0,2,2,2025-06-16/2025-06-22
bruno mars,101003636.0,6,4,78.08585247883917,69.0,2,2,2025-06-23/2025-06-29
bruno mars,106666233.0,8,4,85.50469483568075,76.0,2,2,2025-06-30/2025-07-06
bruno mars,101695728.0,8,7,89.13157894736842,80.5,2,2,2025-07-07/2025-07-13
bruno mars,103627088.0,7,5,88.99878048780488,81.5,2,2,2025-07-14/2025-07-20
bruno mars,98484803.0,7,6,93.70869033047735,88.0,1,2,2025-07-21/2025-07-27
bruno mars,120643463.0,8,7,93.00113250283125,85.0,2,2,2025-07-28/2025-08-03
bruno mars,126758932.0,10,8,93.88715083798883,88.0,2,2,2025-08-04/2025-08-10
bruno mars,122616547.0,8,8,93.1461716937355,89.0,1,2,2025-08-11/2025-08-17
bruno mars,120330291.0,8,8,93.4928400954654,90.0,1,2,2025-08-18/2025-08-24
bruno mars,116030596.0,9,7,97.20689655172414,95.0,1,2,2025-08-25/2025-08-31
bruno mars,117025803.0,9,10,100.80987654320988,99.0,1,2,2025-09-01/2025-09-07
bruno mars,125146237.0,8,9,100.08023952095809,98.0,1,3,2025-09-08/2025-09-14
bruno mars,125843207.0,9,8,102.90505548705302,103.0,1,3,2025-09-15/2025-09-21
bruno mars,128633422.0,9,7,100.3069306930693,101.0,1,3,2025-09-22/2025-09-28
bruno mars,131198524.0,10,7,104.24360535931791,105.0,1,3,2025-09-29/2025-10-05
bruno mars,130210484.0,9,14,110.35808383233532,111.0,0,3,2025-10-06/2025-10-12
bruno mars,131579301.0,10,11,107.31227217496962,110.0,0,3,2025-10-13/2025-10-19
bruno mars,131666015.0,9,8,107.90815154994259,109.0,1,3,2025-10-20/2025-10-26
bruno mars,136347570.0,10,7,108.70620842572062,110.0,1,4,2025-10-27/2025-11-02
bruno mars,132860686.0,9,7,109.94393592677345,111.0,1,3,2025-11-03/2025-11-09
bruno mars,131078737.0,10,10,110.95774647887323,112.0,1,3,2025-11-10/2025-11-16
bruno mars,135612506.0,10,8,110.5743162901308,111.0,1,4,2025-11-17/2025-11-23
bruno mars,133239917.0,9,8,113.77777777777777,116.0,2,4,2025-11-24/2025-11-30
bruno mars,128757224.0,9,12,112.92913385826772,116.0,0,3,2025-12-01/2025-12-07
bruno mars,121967617.0,9,17,113.1432584269663,113.5,0,3,2025-12-08/2025-12-14
bruno mars,105504207.0,10,18,114.1258064516129,115.0,0,3,2025-12-15/2025-12-21
bruno mars,95633124.0,10,11,115.12733446519525,118.0,0,3,2025-12-22/2025-12-28
bruno mars,117980756.0,12,9,104.82415005861665,107.0,1,4,2025-12-29/2026-01-04
bruno mars,188471053.0,18,1,104.34448669201521,104.0,2,10,2026-01-05/2026-01-11
bruno mars,356179767.0,21,1,96.18638925010836,92.0,2,13,2026-01-12/2026-01-18
bruno mars,270602627.0,17,1,101.52449888641425,102.0,1,9,2026-01-19/2026-01-25
bruno mars,236744640.0,16,2,106.04263565891473,107.0,1,7,2026-01-26/2026-02-01
bruno mars,202915613.0,14,2,107.37231680236862,110.0,1,6,2026-02-02/2026-02-08
bruno mars,188252316.0,13,5,107.92913385826772,108.0,1,6,2026-02-09/2026-02-15
bruno mars,172506656.0,13,2,109.36094674556213,113.0,1,5,2026-02-16/2026-02-22
bruno mars,272554207.0,23,1,104.44996729888817,106.0,5,15,2026-02-23/2026-03-01
bruno mars,351971863.0,23,1,102.42652329749104,103.0,2,14,2026-03-02/2026-03-08
bruno mars,264260787.0,18,1,104.6740692357936,106.0,2,7,2026-03-09/2026-03-15
bruno mars,227392709.0,15,1,103.97368421052632,107.0,2,6,2026-03-16/2026-03-22
bruno mars,216813998.0,14,1,107.17766497461929,107.0,2,6,2026-03-23/2026-03-29
bruno mars,218021286.0,14,1,104.8616298811545,106.0,2,7,2026-03-30/2026-04-05
bruno mars,222669237.0,12,1,103.03151618398637,106.0,2,8,2026-04-06/2026-04-12
bruno mars,234576663.0,12,1,107.15531561461793,112.0,2,7,2026-04-13/2026-04-19
bruno mars,216353441.0,12,1,107.24489795918367,112.0,2,8,2026-04-20/2026-04-26
bruno mars,194598477.0,12,1,108.04494382022472,110.5,2,5,2026-04-27/2026-05-03
bruno mars,195200700.0,13,1,108.54688869412796,109.0,2,5,2026-05-04/2026-05-10
bruno mars,183024826.0,12,1,110.5483234714004,114.0,2,6,2026-05-11/2026-05-17
bruno mars,180559008.0,15,1,112.92600205549846,117.0,1,7,2026-05-18/2026-05-24
bruno mars,98301086.0,17,1,113.68123861566484,118.0,1,5,2026-05-25/2026-05-31
elvis presley,40996.0,1,168,180.0,180.0,0,0,2017-02-06/2017-02-12
elvis presley,34773.0,2,175,177.5,177.5,0,0,2017-08-14/2017-08-20
elvis presley,944218.0,1,96,137.375,121.0,0,0,2017-11-20/2017-11-26
elvis presley,3603571.0,1,44,117.54285714285714,121.0,0,1,2017-11-27/2017-12-03
elvis presley,6514473.0,2,48,110.98507462686567,96.0,0,1,2017-12-04/2017-12-10
elvis presley,8252290.0,3,40,116.93333333333334,105.5,0,1,2017-12-11/2017-12-17
elvis presley,14271000.0,9,15,101.3563829787234,96.5,0,1,2017-12-18/2017-12-24
elvis presley,6667263.0,5,12,93.64285714285714,80.5,0,1,2017-12-25/2017-12-31
elvis presley,1267761.0,1,93,116.33333333333333,120.0,0,0,2018-11-19/2018-11-25
elvis presley,4926346.0,1,36,130.94230769230768,131.5,0,1,2018-11-26/2018-12-02
elvis presley,8666338.0,2,35,122.0506329113924,121.0,0,1,2018-12-03/2018-12-09
elvis presley,10473755.0,3,37,120.9375,123.0,0,1,2018-12-10/2018-12-16
elvis presley,13879278.0,5,25,102.12941176470588,93.5,0,1,2018-12-17/2018-12-23
elvis presley,16102197.0,7,16,100.21830985915493,97.5,0,1,2018-12-24/2018-12-30
elvis presley,1710.0,1,107,107.0,107.0,0,0,2018-12-31/2019-01-06
elvis presley,32192.0,1,99,99.0,99.0,0,0,2019-02-11/2019-02-17
elvis presley,60640.0,1,171,183.0,183.0,0,0,2019-11-11/2019-11-17
elvis presley,79807.0,1,97,115.0,115.0,0,0,2019-11-18/2019-11-24
elvis presley,3894488.0,1,38,118.66666666666667,117.5,0,1,2019-11-25/2019-12-01
elvis presley,8040530.0,1,43,122.01041666666667,119.0,0,1,2019-12-02/2019-12-08
elvis presley,9667721.0,1,40,126.77777777777777,122.0,0,1,2019-12-09/2019-12-15
elvis presley,13193943.0,3,32,111.89333333333333,101.5,0,1,2019-12-16/2019-12-22
elvis presley,20853722.0,5,17,93.05521472392638,86.0,0,1,2019-12-23/2019-12-29
elvis presley,4600.0,1,110,154.0,154.0,0,0,2019-12-30/2020-01-05
elvis presley,35997.0,1,133,133.0,133.0,0,0,2020-11-09/2020-11-15
elvis presley,101815.0,1,69,93.5,93.5,0,0,2020-11-16/2020-11-22
elvis presley,3146227.0,1,51,129.13333333333333,132.0,0,0,2020-11-23/2020-11-29
elvis presley,6201816.0,1,33,123.75384615384615,125.0,0,1,2020-11-30/2020-12-06
elvis presley,11266926.0,1,42,121.83720930232558,128.5,0,1,2020-12-07/2020-12-13
elvis presley,13090509.0,1,25,111.80909090909091,112.0,0,1,2020-12-14/2020-12-20
elvis presley,30640622.0,5,20,101.54883720930232,98.0,0,1,2020-12-21/2020-12-27
elvis presley,7228.0,1,106,134.0,134.0,0,0,2020-12-28/2021-01-03
elvis presley,33678.0,1,175,175.0,175.0,0,0,2021-11-08/2021-11-14
elvis presley,96752.0,1,88,102.5,102.5,0,0,2021-11-15/2021-11-21
elvis presley,3306468.0,2,44,127.07692307692308,142.0,0,1,2021-11-22/2021-11-28
elvis presley,6078595.0,2,35,120.94642857142857,113.0,0,1,2021-11-29/2021-12-05
elvis presley,10367014.0,2,37,127.17142857142858,137.5,0,1,2021-12-06/2021-12-12
elvis presley,13147138.0,2,30,122.72093023255815,129.0,0,1,2021-12-13/2021-12-19
elvis presley,33567414.0,5,18,110.3542600896861,108.0,0,1,2021-12-20/2021-12-26
elvis presley,36495.0,2,130,153.0,153.0,0,0,2021-12-27/2022-01-02
elvis presley,37986.0,1,172,183.33333333333334,177.0,0,0,2022-08-15/2022-08-21
elvis presley,37648.0,1,148,148.0,148.0,0,0,2022-11-07/2022-11-13
elvis presley,586542.0,2,62,132.25,137.0,0,0,2022-11-14/2022-11-20
elvis presley,4601534.0,2,38,119.65625,121.5,0,1,2022-11-21/2022-11-27
elvis presley,8486828.0,2,31,118.08064516129032,117.0,0,1,2022-11-28/2022-12-04
elvis presley,9300691.0,2,40,125.0,127.0,0,1,2022-12-05/2022-12-11
elvis presley,15895599.0,2,33,119.77272727272727,115.5,0,1,2022-12-12/2022-12-18
elvis presley,48176975.0,5,22,101.5546875,100.0,0,2,2022-12-19/2022-12-25
elvis presley,2417380.0,2,30,109.89473684210526,104.0,0,2,2022-12-26/2023-01-01
elvis presley,463127.0,1,113,155.0,151.0,0,0,2023-02-13/2023-02-19
elvis presley,455059.0,2,70,138.75,143.0,0,0,2023-11-13/2023-11-19
elvis presley,7495578.0,2,30,116.66666666666667,122.5,0,1,2023-11-20/2023-11-26
elvis presley,13658231.0,2,22,109.62790697674419,108.0,0,1,2023-11-27/2023-12-03
elvis presley,21450793.0,2,22,114.99186991869918,115.0,0,1,2023-12-04/2023-12-10
elvis presley,23609901.0,2,22,108.75187969924812,100.0,0,1,2023-12-11/2023-12-17
elvis presley,54535371.0,6,16,99.74736842105263,95.0,0,2,2023-12-18/2023-12-24
elvis presley,23640913.0,6,14,91.11111111111111,82.0,0,2,2023-12-25/2023-12-31
elvis presley,219474.0,1,102,149.0,152.0,0,0,2024-02-12/2024-02-18
elvis presley,118362.0,1,93,128.5,128.5,0,0,2024-11-11/2024-11-17
elvis presley,1280619.0,1,53,140.57142857142858,148.5,0,0,2024-11-18/2024-11-24
elvis presley,8973039.0,2,30,113.5,107.0,0,1,2024-11-25/2024-12-01
elvis presley,21426252.0,2,27,119.48275862068965,115.5,0,1,2024-12-02/2024-12-08
elvis presley,24113638.0,2,29,114.47692307692307,108.0,0,1,2024-12-09/2024-12-15
elvis presley,33490030.0,2,20,106.51578947368421,103.0,0,1,2024-12-16/2024-12-22
elvis presley,49973292.0,7,15,91.79807692307692,78.5,0,2,2024-12-23/2024-12-29
elvis presley,239564.0,1,142,163.85714285714286,171.0,0,0,2025-02-10/2025-02-16
elvis presley,109229.0,1,100,131.0,131.0,0,0,2025-11-10/2025-11-16
elvis presley,465439.0,1,58,117.5,122.5,0,0,2025-11-17/2025-11-23
elvis presley,7129640.0,2,27,106.56756756756756,99.0,0,1,2025-11-24/2025-11-30
elvis presley,15158776.0,2,25,111.10126582278481,112.0,0,1,2025-12-01/2025-12-07
elvis presley,19625848.0,2,25,103.46315789473684,99.0,0,1,2025-12-08/2025-12-14
elvis presley,23720575.0,2,24,98.28,96.0,0,1,2025-12-15/2025-12-21
elvis presley,46294357.0,6,19,92.85148514851485,87.0,0,2,2025-12-22/2025-12-28
elvis presley,176896.0,1,140,168.75,171.5,0,0,2026-02-09/2026-02-15
eminem,551078.0,4,87,165.68,174.0,0,0,2016-12-26/2017-01-01
eminem,10330461.0,6,72,157.75925925925927,159.0,0,0,2017-01-02/2017-01-08
eminem,11431226.0,6,77,153.30035335689047,151.0,0,0,2017-01-09/2017-01-15
eminem,12012492.0,5,82,152.5777027027027,151.0,0,0,2017-01-16/2017-01-22
eminem,11886037.0,5,86,152.6813186813187,149.0,0,0,2017-01-23/2017-01-29
eminem,18955146.0,6,6,142.88379204892968,144.0,1,1,2017-01-30/2017-02-05
eminem,25649722.0,6,8,135.35645933014354,139.0,1,1,2017-02-06/2017-02-12
eminem,18471181.0,6,21,149.1551724137931,153.0,0,1,2017-02-13/2017-02-19
eminem,17625098.0,6,40,150.92666666666668,149.5,0,1,2017-02-20/2017-02-26
eminem,15169237.0,6,52,153.2661596958175,155.0,0,0,2017-02-27/2017-03-05
eminem,11192011.0,4,76,157.81589958158995,159.0,0,0,2017-03-06/2017-03-12
eminem,8120127.0,4,90,162.11374407582937,161.0,0,0,2017-03-13/2017-03-19
eminem,3786594.0,4,115,166.10759493670886,168.0,0,0,2017-03-20/2017-03-26
eminem,3814524.0,4,105,166.4723926380368,171.0,0,0,2017-03-27/2017-04-02
eminem,4468335.0,4,113,166.7826086956522,169.0,0,0,2017-04-03/2017-04-09
eminem,3301919.0,3,123,166.3125,168.0,0,0,2017-04-10/2017-04-16
eminem,5290829.0,4,104,167.96052631578948,171.0,0,0,2017-04-17/2017-04-23
eminem,3349289.0,2,121,165.64084507042253,169.0,0,0,2017-04-24/2017-04-30
eminem,2912321.0,4,115,164.27659574468086,168.0,0,0,2017-05-01/2017-05-07
eminem,3916183.0,3,121,165.61904761904762,169.0,0,0,2017-05-08/2017-05-14
eminem,3693394.0,3,128,172.328125,176.0,0,0,2017-05-15/2017-05-21
eminem,3021622.0,2,128,175.02777777777777,177.5,0,0,2017-05-22/2017-05-28
eminem,2670638.0,2,119,175.77142857142857,180.0,0,0,2017-05-29/2017-06-04
eminem,2687823.0,3,119,175.63829787234042,180.0,0,0,2017-06-05/2017-06-11
eminem,2380308.0,2,118,174.68478260869566,179.5,0,0,2017-06-12/2017-06-18
eminem,2784273.0,4,85,172.66326530612244,177.0,0,0,2017-06-19/2017-06-25
eminem,2646164.0,3,121,171.93577981651376,175.0,0,0,2017-06-26/2017-07-02
eminem,1454613.0,3,120,172.45098039215685,175.5,0,0,2017-07-03/2017-07-09
eminem,7419309.0,4,113,168.95364238410596,172.0,0,0,2017-07-10/2017-07-16
eminem,4966609.0,2,118,171.06306306306305,176.0,0,0,2017-07-17/2017-07-23
eminem,5923301.0,4,99,166.66433566433565,169.0,0,0,2017-07-24/2017-07-30
eminem,8741216.0,4,111,164.90449438202248,166.5,0,0,2017-07-31/2017-08-06
eminem,8962184.0,5,55,158.80790960451978,160.0,0,0,2017-08-07/2017-08-13
eminem,9821679.0,4,81,158.17989417989418,159.0,0,0,2017-08-14/2017-08-20
eminem,8784955.0,4,105,160.57635467980296,162.0,0,0,2017-08-21/2017-08-27
eminem,9395709.0,5,102,163.0990566037736,166.5,0,0,2017-08-28/2017-09-03
eminem,7610736.0,5,110,163.55789473684212,167.0,0,0,2017-09-04/2017-09-10
eminem,7564700.0,5,109,160.25274725274724,161.0,0,0,2017-09-11/2017-09-17
eminem,6585658.0,3,108,160.07831325301206,160.0,0,0,2017-09-18/2017-09-24
eminem,9784198.0,4,59,153.7659574468085,160.0,0,0,2017-09-25/2017-10-01
eminem,12425767.0,5,63,149.86423841059602,152.0,0,0,2017-10-02/2017-10-08
eminem,17027100.0,7,19,141.93472584856397,147.0,0,1,2017-10-09/2017-10-15
eminem,16827932.0,7,18,141.08616187989557,150.0,0,1,2017-10-16/2017-10-22
eminem,12214697.0,6,28,142.63,146.0,0,1,2017-10-23/2017-10-29
eminem,8126239.0,6,52,151.17672413793105,154.0,0,0,2017-10-30/2017-11-05
eminem,26740296.0,10,2,119.33723653395785,129.0,2,2,2017-11-06/2017-11-12
eminem,45322358.0,8,3,94.34006211180125,99.5,1,1,2017-11-13/2017-11-19
eminem,32367142.0,6,6,101.14575645756457,106.5,1,1,2017-11-20/2017-11-26
eminem,23247391.0,6,17,111.12206572769954,115.5,0,1,2017-11-27/2017-12-03
eminem,18851472.0,7,13,125.825,131.0,0,2,2017-12-04/2017-12-10
eminem,141769827.0,31,1,91.64399763453578,83.0,7,26,2017-12-11/2017-12-17
eminem,151402976.0,20,1,98.72946582423894,97.0,2,15,2017-12-18/2017-12-24
eminem,58587627.0,10,1,93.41269841269842,104.0,1,2,2017-12-25/2017-12-31
eminem,54073910.0,9,1,87.14761215629522,95.0,1,2,2018-01-01/2018-01-07
eminem,59886748.0,10,1,87.5284090909091,96.5,1,1,2018-01-08/2018-01-14
eminem,52533665.0,7,1,86.15179968701095,93.0,1,1,2018-01-15/2018-01-21
eminem,49986072.0,7,1,84.24426229508197,92.0,1,1,2018-01-22/2018-01-28
eminem,51254905.0,7,1,83.8784,91.0,1,1,2018-01-29/2018-02-04
eminem,47190744.0,7,2,83.24496644295301,94.0,1,1,2018-02-05/2018-02-11
eminem,45421757.0,7,2,81.06239168110919,90.0,1,1,2018-02-12/2018-02-18
eminem,44285587.0,4,2,80.5,89.0,1,1,2018-02-19/2018-02-25
eminem,39047933.0,4,4,84.5672191528545,81.0,1,1,2018-02-26/2018-03-04
eminem,33360393.0,4,5,84.66407766990291,79.0,1,1,2018-03-05/2018-03-11
eminem,28141643.0,4,8,86.85390946502058,66.5,1,1,2018-03-12/2018-03-18
eminem,26566938.0,6,12,90.44420600858369,66.0,0,1,2018-03-19/2018-03-25
eminem,23284836.0,5,11,94.79271070615034,76.0,0,1,2018-03-26/2018-04-01
eminem,21657832.0,4,16,99.33962264150944,76.0,0,1,2018-04-02/2018-04-08
eminem,18916784.0,5,20,104.88947368421053,80.0,0,1,2018-04-09/2018-04-15
eminem,14735172.0,5,23,102.26645768025078,82.0,0,1,2018-04-16/2018-04-22
eminem,12032001.0,3,32,105.46712802768167,95.0,0,1,2018-04-23/2018-04-29
eminem,10901417.0,3,46,110.925,102.0,0,1,2018-04-30/2018-05-06
eminem,9651694.0,5,40,115.89494163424125,108.0,0,1,2018-05-07/2018-05-13
eminem,8689082.0,4,48,119.25416666666666,114.0,0,1,2018-05-14/2018-05-20
eminem,8030574.0,3,53,117.17142857142858,108.0,0,0,2018-05-21/2018-05-27
eminem,7359854.0,3,53,117.6,108.0,0,0,2018-05-28/2018-06-03
eminem,6965378.0,3,54,121.01546391752578,115.5,0,0,2018-06-04/2018-06-10
eminem,6484781.0,3,57,125.4559585492228,125.0,0,0,2018-06-11/2018-06-17
eminem,2578723.0,3,58,133.38255033557047,136.0,0,0,2018-06-18/2018-06-24
eminem,4184956.0,8,64,141.54736842105262,144.5,0,0,2018-06-25/2018-07-01
eminem,3001899.0,15,47,138.62272727272727,140.0,0,1,2018-07-02/2018-07-08
eminem,4262538.0,5,70,144.83410138248848,149.0,0,0,2018-07-09/2018-07-15
eminem,4005629.0,4,72,146.1455399061033,149.0,0,0,2018-07-16/2018-07-22
eminem,4024652.0,4,72,151.14,156.5,0,0,2018-07-23/2018-07-29
eminem,4371460.0,3,74,155.6810810810811,163.0,0,0,2018-07-30/2018-08-05
eminem,6499812.0,5,28,142.6231884057971,148.0,0,1,2018-08-06/2018-08-12
eminem,8562325.0,6,31,138.93697478991598,146.0,0,1,2018-08-13/2018-08-19
eminem,2293451.0,5,37,145.63492063492063,152.0,0,1,2018-08-20/2018-08-26
eminem,205978428.0,19,1,63.75458308693081,43.0,10,13,2018-08-27/2018-09-02
eminem,367806532.0,20,1,61.44542936288089,44.0,11,14,2018-09-03/2018-09-09
eminem,212098020.0,19,1,74.93620877129395,64.0,6,13,2018-09-10/2018-09-16
eminem,175453885.0,21,1,84.19991906110886,77.0,7,13,2018-09-17/2018-09-23
eminem,128477822.0,18,2,89.55347871235722,86.0,4,9,2018-09-24/2018-09-30
eminem,93624549.0,19,1,90.34362416107382,86.0,4,9,2018-10-01/2018-10-07
eminem,82782578.0,18,1,87.741643454039,81.0,3,9,2018-10-08/2018-10-14
eminem,74275762.0,19,2,92.53432835820895,89.0,2,7,2018-10-15/2018-10-21
eminem,55994608.0,15,2,98.12900274473925,94.0,2,5,2018-10-22/2018-10-28
eminem,42545089.0,14,5,102.52810304449649,101.0,2,5,2018-10-29/2018-11-04
eminem,34563841.0,12,13,112.18540145985402,116.0,0,3,2018-11-05/2018-11-11
eminem,29036932.0,12,27,120.47350993377484,125.0,0,2,2018-11-12/2018-11-18
eminem,23410414.0,12,27,122.8125,128.0,0,2,2018-11-19/2018-11-25
eminem,16304665.0,12,30,127.25925925925925,130.5,0,2,2018-11-26/2018-12-02
eminem,11786220.0,11,26,132.7876923076923,139.0,0,2,2018-12-03/2018-12-09
eminem,11337519.0,10,25,134.86129032258066,140.5,0,2,2018-12-10/2018-12-16
eminem,9339950.0,8,29,139.41284403669724,147.0,0,1,2018-12-17/2018-12-23
eminem,7638582.0,9,53,138.751968503937,143.0,0,0,2018-12-24/2018-12-30
eminem,10691056.0,8,55,140.7255520504732,141.0,0,0,2018-12-31/2019-01-06
eminem,12083469.0,8,58,147.2531969309463,153.0,0,0,2019-01-07/2019-01-13
eminem,11372998.0,9,67,149.06611570247935,155.0,0,0,2019-01-14/2019-01-20
eminem,10148174.0,9,77,151.22360248447205,156.5,0,0,2019-01-21/2019-01-27
eminem,7775094.0,6,72,153.27675276752768,159.0,0,0,2019-01-28/2019-02-03
eminem,5420604.0,7,80,159.0928270042194,162.0,0,0,2019-02-04/2019-02-10
eminem,3396714.0,7,98,159.07222222222222,162.0,0,0,2019-02-11/2019-02-17
eminem,3902717.0,9,90,157.98536585365855,163.0,0,0,2019-02-18/2019-02-24
eminem,3910037.0,14,57,149.8655462184874,151.5,0,0,2019-02-25/2019-03-03
eminem,4149244.0,8,78,154.64676616915423,156.0,0,0,2019-03-04/2019-03-10
eminem,3118039.0,8,82,160.58823529411765,164.0,0,0,2019-03-11/2019-03-17
eminem,2360827.0,6,115,163.311377245509,165.0,0,0,2019-03-18/2019-03-24
eminem,2423617.0,6,115,166.85034013605443,171.0,0,0,2019-03-25/2019-03-31
eminem,1703854.0,6,127,172.96694214876032,177.0,0,0,2019-04-01/2019-04-07
eminem,992701.0,6,129,168.76470588235293,170.0,0,0,2019-04-08/2019-04-14
eminem,820182.0,6,132,169.76767676767676,172.0,0,0,2019-04-15/2019-04-21
eminem,544736.0,6,138,174.3013698630137,174.0,0,0,2019-04-22/2019-04-28
eminem,25748548.0,6,1,83.23529411764706,56.0,1,1,2019-04-29/2019-05-05
eminem,46201570.0,7,1,64.13801452784503,28.0,2,2,2019-05-06/2019-05-12
eminem,33456604.0,6,4,68.42307692307692,38.5,1,1,2019-05-13/2019-05-19
eminem,23727670.0,6,6,72.78006872852234,51.0,1,1,2019-05-20/2019-05-26
eminem,17390877.0,5,15,98.23938223938224,77.0,0,1,2019-05-27/2019-06-02
eminem,14002723.0,7,28,103.83471074380165,90.0,0,2,2019-06-03/2019-06-09
eminem,11641739.0,8,35,114.33495145631068,108.0,0,1,2019-06-10/2019-06-16
eminem,10126373.0,8,45,130.11702127659575,135.0,0,1,2019-06-17/2019-06-23
eminem,9293475.0,7,58,137.77011494252875,141.5,0,0,2019-06-24/2019-06-30
eminem,9789845.0,7,52,128.29166666666666,132.5,0,0,2019-07-01/2019-07-07
eminem,25692447.0,7,4,98.78964401294499,103.0,1,1,2019-07-08/2019-07-14
eminem,34061247.0,9,6,83.90776699029126,71.0,1,1,2019-07-15/2019-07-21
eminem,20887527.0,7,8,96.11875,86.0,1,1,2019-07-22/2019-07-28
eminem,12994897.0,7,24,111.25581395348837,112.0,0,1,2019-07-29/2019-08-04
eminem,10135695.0,7,19,116.03255813953488,117.0,0,1,2019-08-05/2019-08-11
eminem,7603268.0,5,32,129.66666666666666,140.0,0,1,2019-08-12/2019-08-18
eminem,3744214.0,6,38,141.42045454545453,152.0,0,1,2019-08-19/2019-08-25
eminem,2469628.0,7,52,147.55882352941177,158.0,0,0,2019-08-26/2019-09-01
eminem,1294422.0,5,53,147.70967741935485,153.0,0,0,2019-09-02/2019-09-08
eminem,912589.0,5,72,151.475,158.5,0,0,2019-09-09/2019-09-15
eminem,868944.0,6,71,155.67857142857142,162.0,0,0,2019-09-16/2019-09-22
eminem,805713.0,6,79,152.37179487179486,159.5,0,0,2019-09-23/2019-09-29
eminem,775422.0,6,85,157.53521126760563,167.0,0,0,2019-09-30/2019-10-06
eminem,702246.0,6,92,163.7058823529412,169.5,0,0,2019-10-07/2019-10-13
eminem,580514.0,6,98,158.4923076923077,167.0,0,0,2019-10-14/2019-10-20
eminem,373582.0,8,86,157.22058823529412,158.5,0,0,2019-10-21/2019-10-27
eminem,146339.0,7,102,149.57692307692307,148.5,0,0,2019-10-28/2019-11-03
eminem,140200.0,5,106,155.82,159.0,0,0,2019-11-04/2019-11-10
eminem,246574.0,5,112,159.47368421052633,160.0,0,0,2019-11-11/2019-11-17
eminem,155308.0,5,111,160.84444444444443,165.0,0,0,2019-11-18/2019-11-24
eminem,85501.0,6,83,155.78378378378378,158.0,0,0,2019-11-25/2019-12-01
eminem,49581.0,3,101,162.65217391304347,168.0,0,0,2019-12-02/2019-12-08
eminem,37007.0,3,153,177.125,175.5,0,0,2019-12-09/2019-12-15
eminem,13207.0,1,171,180.83333333333334,180.5,0,0,2019-12-16/2019-12-22
eminem,20164.0,2,171,185.22222222222223,184.0,0,0,2019-12-23/2019-12-29
eminem,23497.0,3,151,180.91666666666666,185.5,0,0,2019-12-30/2020-01-05
eminem,68522.0,4,85,170.55555555555554,180.0,0,0,2020-01-06/2020-01-12
eminem,221981676.0,26,1,64.09960745829244,52.0,8,19,2020-01-13/2020-01-19
eminem,271847993.0,23,1,85.32875876791705,79.0,5,18,2020-01-20/2020-01-26
eminem,113409888.0,21,1,96.81476846057572,98.0,1,6,2020-01-27/2020-02-02
eminem,63456662.0,17,2,90.61138014527845,96.0,1,2,2020-02-03/2020-02-09
eminem,58503270.0,10,2,91.50920245398773,94.0,1,2,2020-02-10/2020-02-16
eminem,44273116.0,8,2,86.84982332155477,81.0,1,1,2020-02-17/2020-02-23
eminem,38946414.0,7,3,81.9896265560166,55.5,1,1,2020-02-24/2020-03-01
eminem,33120481.0,5,4,74.00471698113208,41.0,1,1,2020-03-02/2020-03-08
eminem,37273982.0,5,2,77.00205761316873,48.0,1,1,2020-03-09/2020-03-15
eminem,34632075.0,4,2,77.7172131147541,46.0,1,1,2020-03-16/2020-03-22
eminem,29361761.0,5,5,77.5,51.5,1,1,2020-03-23/2020-03-29
eminem,25191345.0,5,6,82.45913461538461,66.0,1,1,2020-03-30/2020-04-05
eminem,22778314.0,5,8,80.44148936170212,53.5,1,1,2020-04-06/2020-04-12
eminem,21175758.0,5,8,79.58543417366947,55.0,1,1,2020-04-13/2020-04-19
eminem,19764840.0,5,9,81.23823529411764,62.0,1,1,2020-04-20/2020-04-26
eminem,18263725.0,4,14,82.22360248447205,60.0,0,1,2020-04-27/2020-05-03
eminem,17068381.0,4,11,81.54125412541254,59.0,0,1,2020-05-04/2020-05-10
eminem,16203957.0,4,19,84.33680555555556,62.0,0,1,2020-05-11/2020-05-17
eminem,15512737.0,4,19,91.2027972027972,72.0,0,1,2020-05-18/2020-05-24
eminem,14938366.0,4,20,93.14079422382672,76.0,0,1,2020-05-25/2020-05-31
eminem,14356445.0,4,22,91.7910447761194,69.5,0,1,2020-06-01/2020-06-07
eminem,14061026.0,4,26,94.16296296296296,72.5,0,1,2020-06-08/2020-06-14
eminem,13203610.0,4,27,91.92682926829268,74.0,0,1,2020-06-15/2020-06-21
eminem,12718928.0,4,29,93.70175438596492,74.0,0,1,2020-06-22/2020-06-28
eminem,12236157.0,4,35,95.94642857142857,77.5,0,1,2020-06-29/2020-07-05
eminem,21947376.0,5,7,98.00367647058823,86.0,1,2,2020-07-06/2020-07-12
eminem,21348491.0,5,19,106.21476510067114,95.5,0,2,2020-07-13/2020-07-19
eminem,13470257.0,5,41,108.93362831858407,96.0,0,1,2020-07-20/2020-07-26
eminem,11408802.0,5,49,114.12698412698413,102.0,0,1,2020-07-27/2020-08-02
eminem,10090245.0,5,53,113.08620689655173,100.0,0,0,2020-08-03/2020-08-09
eminem,9824626.0,4,56,112.10778443113773,101.0,0,0,2020-08-10/2020-08-16
eminem,9656326.0,4,63,115.11515151515151,106.0,0,0,2020-08-17/2020-08-23
eminem,9382459.0,4,68,123.21301775147928,114.0,0,0,2020-08-24/2020-08-30
eminem,10024872.0,5,69,126.03550295857988,119.0,0,0,2020-08-31/2020-09-06
eminem,8976202.0,4,61,126.61783439490446,121.0,0,0,2020-09-07/2020-09-13
eminem,8910365.0,4,74,128.17567567567568,126.0,0,0,2020-09-14/2020-09-20
eminem,8630496.0,3,78,129.31386861313868,126.0,0,0,2020-09-21/2020-09-27
eminem,8465913.0,3,79,141.86259541984734,141.0,0,0,2020-09-28/2020-10-04
eminem,8421858.0,4,82,148.83333333333334,153.5,0,0,2020-10-05/2020-10-11
eminem,8277549.0,4,82,147.8846153846154,148.5,0,0,2020-10-12/2020-10-18
eminem,8293493.0,4,80,152.63225806451612,156.0,0,0,2020-10-19/2020-10-25
eminem,8262429.0,5,84,148.50675675675674,148.0,0,0,2020-10-26/2020-11-01
eminem,8137286.0,4,92,152.486301369863,151.0,0,0,2020-11-02/2020-11-08
eminem,8082961.0,3,83,153.08270676691728,159.0,0,0,2020-11-09/2020-11-15
eminem,8030955.0,3,88,152.73643410852713,158.0,0,0,2020-11-16/2020-11-22
eminem,4921658.0,3,87,152.2566371681416,161.0,0,0,2020-11-23/2020-11-29
eminem,9373556.0,3,58,131.7687074829932,131.0,0,0,2020-11-30/2020-12-06
eminem,7285349.0,1,69,138.04580152671755,131.0,0,0,2020-12-07/2020-12-13
eminem,38887403.0,16,15,119.58761061946903,122.0,0,8,2020-12-14/2020-12-20
eminem,15741949.0,14,27,126.64872521246458,125.0,0,1,2020-12-21/2020-12-27
eminem,12243825.0,7,40,122.20588235294117,113.0,0,2,2020-12-28/2021-01-03
eminem,10767154.0,5,40,128.46280991735537,122.0,0,1,2021-01-04/2021-01-10
eminem,9873992.0,5,64,134.44444444444446,128.0,0,0,2021-01-11/2021-01-17
eminem,9418286.0,5,73,133.3693181818182,126.5,0,0,2021-01-18/2021-01-24
eminem,9470669.0,5,71,136.78191489361703,132.5,0,0,2021-01-25/2021-01-31
eminem,9005005.0,4,75,140.32386363636363,141.0,0,0,2021-02-01/2021-02-07
eminem,8699490.0,4,71,143.0548780487805,145.5,0,0,2021-02-08/2021-02-14
eminem,8883470.0,4,57,140.2057142857143,141.0,0,0,2021-02-15/2021-02-21
eminem,9021548.0,4,69,142.81714285714287,149.0,0,0,2021-02-22/2021-02-28
eminem,9335994.0,5,71,145.53684210526316,159.0,0,0,2021-03-01/2021-03-07
eminem,9878630.0,5,82,148.36180904522612,156.0,0,0,2021-03-08/2021-03-14
eminem,9122892.0,5,83,153.0904255319149,162.0,0,0,2021-03-15/2021-03-21
eminem,9357117.0,5,83,160.56435643564356,171.0,0,0,2021-03-22/2021-03-28
eminem,8873220.0,5,96,154.28061224489795,159.0,0,0,2021-03-29/2021-04-04
eminem,8260009.0,6,88,151.61764705882354,156.5,0,0,2021-04-05/2021-04-11
eminem,11814105.0,5,74,148.4417808219178,155.0,0,0,2021-04-12/2021-04-18
eminem,15500637.0,5,61,145.69883040935673,150.0,0,0,2021-04-19/2021-04-25
eminem,12665220.0,6,61,148.05079365079365,153.0,0,0,2021-04-26/2021-05-02
eminem,12695308.0,5,61,149.21548821548822,156.0,0,0,2021-05-03/2021-05-09
eminem,11791865.0,6,54,148.55677655677655,155.0,0,0,2021-05-10/2021-05-16
eminem,11860320.0,5,56,150.3490909090909,152.0,0,0,2021-05-17/2021-05-23
eminem,12366780.0,7,33,149.26190476190476,151.0,0,1,2021-05-24/2021-05-30
eminem,19911183.0,7,30,144.831955922865,151.0,0,1,2021-05-31/2021-06-06
eminem,12039853.0,7,47,150.76923076923077,156.5,0,1,2021-06-07/2021-06-13
eminem,10530184.0,7,73,155.69520547945206,165.0,0,0,2021-06-14/2021-06-20
eminem,8223605.0,7,68,156.58762886597938,163.0,0,0,2021-06-21/2021-06-27
eminem,6565737.0,8,73,155.77007299270073,159.5,0,0,2021-06-28/2021-07-04
eminem,6810102.0,7,88,158.75555555555556,164.5,0,0,2021-07-05/2021-07-11
eminem,6090122.0,7,96,160.35802469135803,168.0,0,0,2021-07-12/2021-07-18
eminem,3809900.0,7,94,159.4080717488789,164.0,0,0,2021-07-19/2021-07-25
eminem,7923233.0,7,81,161.5095785440613,169.0,0,0,2021-07-26/2021-08-01
eminem,9903489.0,8,47,161.95806451612904,169.5,0,1,2021-08-02/2021-08-08
eminem,9283906.0,8,74,160.8065573770492,166.0,0,0,2021-08-09/2021-08-15
eminem,7687702.0,8,62,160.83904109589042,170.0,0,0,2021-08-16/2021-08-22
eminem,9276722.0,8,68,160.53395061728395,169.0,0,0,2021-08-23/2021-08-29
eminem,3959742.0,7,59,164.65938864628822,173.0,0,0,2021-08-30/2021-09-05
eminem,6545649.0,7,69,156.3832116788321,164.5,0,0,2021-09-06/2021-09-12
eminem,9963181.0,7,64,152.6,159.0,0,0,2021-09-13/2021-09-19
eminem,11813894.0,7,59,149.0792349726776,158.0,0,0,2021-09-20/2021-09-26
eminem,30168995.0,8,14,130.44901610017888,140.0,0,2,2021-09-27/2021-10-03
eminem,39462822.0,9,20,126.51251840942562,132.0,0,2,2021-10-04/2021-10-10
eminem,36788782.0,9,13,131.4512195121951,138.0,0,3,2021-10-11/2021-10-17
eminem,37309148.0,9,13,129.93827160493828,138.0,0,2,2021-10-18/2021-10-24
eminem,31139339.0,9,28,134.43611584327087,139.0,0,2,2021-10-25/2021-10-31
eminem,18553620.0,8,36,140.4618556701031,147.0,0,2,2021-11-01/2021-11-07
eminem,15770234.0,7,45,146.09345794392524,153.5,0,1,2021-11-08/2021-11-14
eminem,13406766.0,7,49,147.88095238095238,156.5,0,1,2021-11-15/2021-11-21
eminem,12802634.0,7,56,146.23103448275862,146.0,0,0,2021-11-22/2021-11-28
eminem,13027748.0,7,61,151.76868327402136,156.0,0,0,2021-11-29/2021-12-05
eminem,12333647.0,7,74,147.88333333333333,151.0,0,0,2021-12-06/2021-12-12
eminem,12999168.0,8,64,148.72348484848484,151.5,0,0,2021-12-13/2021-12-19
eminem,9335713.0,8,60,146.01470588235293,150.5,0,0,2021-12-20/2021-12-26
eminem,16819445.0,8,50,133.4656862745098,136.0,0,1,2021-12-27/2022-01-02
eminem,23439685.0,8,53,133.47619047619048,133.0,0,0,2022-01-03/2022-01-09
eminem,26223800.0,9,41,129.91438356164383,130.0,0,1,2022-01-10/2022-01-16
eminem,29550978.0,8,32,124.57433489827856,122.0,0,1,2022-01-17/2022-01-23
eminem,33632883.0,8,30,124.15895953757226,123.0,0,1,2022-01-24/2022-01-30
eminem,39123199.0,9,30,126.27272727272727,127.5,0,2,2022-01-31/2022-02-06
eminem,54807564.0,10,29,123.47072599531616,125.0,0,3,2022-02-07/2022-02-13
eminem,106937058.0,11,8,103.15766099185788,100.0,1,6,2022-02-14/2022-02-20
eminem,78528863.0,9,19,108.2846975088968,106.0,0,3,2022-02-21/2022-02-27
eminem,69649594.0,8,24,113.28855721393035,111.0,0,3,2022-02-28/2022-03-06
eminem,65548007.0,8,25,116.74006116207951,116.0,0,3,2022-03-07/2022-03-13
eminem,63854021.0,8,24,118.20020855057352,119.0,0,3,2022-03-14/2022-03-20
eminem,58963022.0,9,23,117.36745689655173,117.0,0,2,2022-03-21/2022-03-27
eminem,60858383.0,8,22,115.54378378378378,113.0,0,2,2022-03-28/2022-04-03
eminem,58928636.0,8,28,116.84304932735427,116.0,0,2,2022-04-04/2022-04-10
eminem,55631223.0,8,24,115.5659008464329,117.0,0,2,2022-04-11/2022-04-17
eminem,49181802.0,7,23,119.6501240694789,121.0,0,3,2022-04-18/2022-04-24
eminem,44861043.0,8,27,122.4390243902439,126.0,0,2,2022-04-25/2022-05-01
eminem,41635682.0,7,24,122.55044510385757,125.0,0,2,2022-05-02/2022-05-08
eminem,37824197.0,7,29,122.91071428571429,122.0,0,2,2022-05-09/2022-05-15
eminem,36460061.0,7,27,128.29173693086003,126.0,0,1,2022-05-16/2022-05-22
eminem,39600683.0,8,26,124.92635024549918,125.0,0,2,2022-05-23/2022-05-29
eminem,35609164.0,6,29,126.29505300353357,127.0,0,2,2022-05-30/2022-06-05
eminem,31643925.0,6,33,128.37524557956777,129.0,0,1,2022-06-06/2022-06-12
eminem,30942355.0,7,31,128.434034416826,131.0,0,2,2022-06-13/2022-06-19
eminem,36165003.0,7,14,130.292817679558,137.0,0,2,2022-06-20/2022-06-26
eminem,37971212.0,7,33,128.42592592592592,130.0,0,2,2022-06-27/2022-07-03
eminem,29057946.0,7,37,130.63473053892216,135.0,0,1,2022-07-04/2022-07-10
eminem,27790981.0,7,38,130.14256198347107,134.0,0,1,2022-07-11/2022-07-17
eminem,27636535.0,7,41,130.21256931608133,129.0,0,1,2022-07-18/2022-07-24
eminem,29593748.0,7,36,125.16666666666667,123.0,0,2,2022-07-25/2022-07-31
eminem,28850003.0,8,36,128.3518821603928,130.0,0,2,2022-08-01/2022-08-07
eminem,31101239.0,10,40,133.22666666666666,134.0,0,1,2022-08-08/2022-08-14
eminem,30460005.0,9,32,130.90865384615384,135.0,0,1,2022-08-15/2022-08-21
eminem,34109005.0,10,7,127.47589424572317,128.0,1,2,2022-08-22/2022-08-28
eminem,29156904.0,10,19,128.99035369774919,131.0,0,2,2022-08-29/2022-09-04
eminem,31407666.0,8,39,132.5533230293663,137.0,0,2,2022-09-05/2022-09-11
eminem,32348011.0,8,32,131.59459459459458,136.0,0,2,2022-09-12/2022-09-18
eminem,32800834.0,7,18,131.63274336283186,133.5,0,2,2022-09-19/2022-09-25
eminem,36233482.0,8,9,131.48595505617976,133.5,1,2,2022-09-26/2022-10-02
eminem,41930063.0,11,9,132.6262886597938,136.0,1,3,2022-10-03/2022-10-09
eminem,48685770.0,9,8,122.12033195020747,125.0,1,3,2022-10-10/2022-10-16
eminem,63504232.0,9,1,107.16319444444444,108.0,2,4,2022-10-17/2022-10-23
eminem,70070357.0,9,1,106.20608108108108,111.0,2,4,2022-10-24/2022-10-30
eminem,68240941.0,10,3,106.41767764298093,113.0,2,3,2022-10-31/2022-11-06
eminem,74089544.0,10,1,104.35875943000838,108.0,1,4,2022-11-07/2022-11-13
eminem,75139574.0,10,1,101.70973154362416,104.0,1,4,2022-11-14/2022-11-20
eminem,75497215.0,9,2,99.55046649703138,103.0,1,3,2022-11-21/2022-11-27
eminem,74808598.0,9,2,106.28443649373882,110.0,1,3,2022-11-28/2022-12-04
eminem,71536904.0,9,2,109.2679282868526,113.0,1,2,2022-12-05/2022-12-11
eminem,66708765.0,8,2,108.84864300626305,112.0,1,2,2022-12-12/2022-12-18
eminem,56905699.0,8,2,109.66410256410256,114.0,1,2,2022-12-19/2022-12-25
eminem,73993062.0,8,2,100.77488372093023,103.0,1,4,2022-12-26/2023-01-01
eminem,80197458.0,8,2,99.01603375527426,100.0,1,3,2023-01-02/2023-01-08
eminem,86969186.0,8,3,101.75752644426363,103.0,1,4,2023-01-09/2023-01-15
eminem,85610407.0,8,4,105.30190239867659,108.0,1,3,2023-01-16/2023-01-22
eminem,82770476.0,8,5,106.91338582677166,107.0,1,3,2023-01-23/2023-01-29
eminem,79325259.0,9,5,109.67707404103479,108.0,1,3,2023-01-30/2023-02-05
eminem,75729834.0,10,5,110.20593692022264,106.5,1,3,2023-02-06/2023-02-12
eminem,80780121.0,10,6,111.81238615664846,110.0,1,3,2023-02-13/2023-02-19
eminem,71577981.0,10,6,111.6873786407767,107.0,1,3,2023-02-20/2023-02-26
eminem,68399922.0,9,7,110.2866108786611,105.0,1,2,2023-02-27/2023-03-05
eminem,66971593.0,9,8,110.06929637526652,105.0,1,2,2023-03-06/2023-03-12
eminem,65697966.0,8,8,109.73869900771776,105.0,1,2,2023-03-13/2023-03-19
eminem,66408416.0,8,3,108.31624863685933,106.0,1,3,2023-03-20/2023-03-26
eminem,69050339.0,8,2,103.9572192513369,98.0,1,4,2023-03-27/2023-04-02
eminem,69804451.0,8,2,101.64620187304891,94.0,1,4,2023-04-03/2023-04-09
eminem,68949807.0,8,2,100.66772823779193,92.0,1,4,2023-04-10/2023-04-16
eminem,63739878.0,8,3,100.74942263279446,97.0,1,3,2023-04-17/2023-04-23
eminem,65116362.0,8,3,102.02850356294537,98.0,1,3,2023-04-24/2023-04-30
eminem,58749127.0,8,4,104.1866501854141,104.0,1,2,2023-05-01/2023-05-07
eminem,55694692.0,8,5,109.32594524119948,112.0,1,3,2023-05-08/2023-05-14
eminem,50550320.0,7,6,110.96533333333333,113.0,1,3,2023-05-15/2023-05-21
eminem,60148134.0,7,7,113.33460076045627,113.0,1,3,2023-05-22/2023-05-28
eminem,52092687.0,7,8,114.23280423280423,115.0,1,2,2023-05-29/2023-06-04
eminem,40526800.0,8,9,116.89944134078212,119.0,1,2,2023-06-05/2023-06-11
eminem,42896221.0,8,11,119.55274261603375,119.0,0,2,2023-06-12/2023-06-18
eminem,38483760.0,8,13,123.198127925117,127.0,0,2,2023-06-19/2023-06-25
eminem,30772688.0,6,15,125.72019867549669,131.0,0,2,2023-06-26/2023-07-02
eminem,29996536.0,7,17,129.19755244755245,133.5,0,1,2023-07-03/2023-07-09
eminem,28836942.0,6,18,131.46140035906643,137.0,0,1,2023-07-10/2023-07-16
eminem,30740385.0,6,22,129.89361702127658,134.0,0,1,2023-07-17/2023-07-23
eminem,26994750.0,7,21,138.78543307086613,146.5,0,1,2023-07-24/2023-07-30
eminem,27258405.0,7,24,137.87128712871288,148.0,0,1,2023-07-31/2023-08-06
eminem,27045900.0,7,26,135.83539094650206,144.0,0,1,2023-08-07/2023-08-13
eminem,26926011.0,5,34,139.62422997946612,145.0,0,1,2023-08-14/2023-08-20
eminem,27431179.0,6,23,140.95081967213116,146.0,0,1,2023-08-21/2023-08-27
eminem,27009774.0,6,26,141.36344537815125,145.0,0,1,2023-08-28/2023-09-03
eminem,25203367.0,6,30,140.6455399061033,147.0,0,1,2023-09-04/2023-09-10
eminem,25959521.0,6,30,140.10284463894968,144.0,0,1,2023-09-11/2023-09-17
eminem,25905025.0,6,28,138.49676025917927,142.0,0,1,2023-09-18/2023-09-24
eminem,26242791.0,6,26,137.16,142.0,0,1,2023-09-25/2023-10-01
eminem,25320210.0,7,30,141.88888888888889,147.0,0,1,2023-10-02/2023-10-08
eminem,25268312.0,9,26,139.4304347826087,148.0,0,1,2023-10-09/2023-10-15
eminem,27347360.0,7,26,138.45688073394496,145.0,0,1,2023-10-16/2023-10-22
eminem,27402014.0,7,23,139.94545454545454,146.0,0,1,2023-10-23/2023-10-29
eminem,27020870.0,7,21,140.19856887298747,150.0,0,1,2023-10-30/2023-11-05
eminem,28726447.0,8,17,137.25,145.0,0,1,2023-11-06/2023-11-12
eminem,28538760.0,8,25,143.00337268128163,153.0,0,1,2023-11-13/2023-11-19
eminem,29549065.0,8,28,142.4715719063545,152.0,0,2,2023-11-20/2023-11-26
eminem,67646935.0,10,10,124.93003229278794,130.0,1,4,2023-11-27/2023-12-03
eminem,99707734.0,10,1,115.39462978030919,115.0,1,5,2023-12-04/2023-12-10
eminem,83196649.0,11,3,124.77314814814815,127.0,1,3,2023-12-11/2023-12-17
eminem,74876168.0,10,5,133.6308962264151,135.0,1,4,2023-12-18/2023-12-24
eminem,66751989.0,10,11,123.29569892473118,123.0,0,5,2023-12-25/2023-12-31
eminem,68859498.0,10,12,125.52510040160642,126.0,0,3,2024-01-01/2024-01-07
eminem,71226734.0,10,14,131.58690987124464,133.0,0,3,2024-01-08/2024-01-14
eminem,70671347.0,8,25,131.8344017094017,132.0,0,3,2024-01-15/2024-01-21
eminem,68645553.0,9,28,134.20225988700565,139.0,0,3,2024-01-22/2024-01-28
eminem,57287186.0,8,30,136.71668822768436,143.0,0,2,2024-01-29/2024-02-04
eminem,51288212.0,8,35,142.64285714285714,149.5,0,1,2024-02-05/2024-02-11
eminem,38134787.0,7,42,146.18582375478928,151.5,0,1,2024-02-12/2024-02-18
eminem,39600152.0,7,40,145.34509803921569,151.5,0,1,2024-02-19/2024-02-25
eminem,32796486.0,7,39,145.37777777777777,150.5,0,1,2024-02-26/2024-03-03
eminem,28982934.0,7,45,144.896,152.0,0,1,2024-03-04/2024-03-10
eminem,27796692.0,6,39,143.45618556701032,147.0,0,1,2024-03-11/2024-03-17
eminem,26138142.0,6,42,144.67867867867866,150.0,0,1,2024-03-18/2024-03-24
eminem,24923225.0,6,49,146.3738019169329,151.0,0,1,2024-03-25/2024-03-31
eminem,24000228.0,5,50,147.08664259927798,151.0,0,1,2024-04-01/2024-04-07
eminem,23438191.0,4,50,147.76612903225808,155.0,0,1,2024-04-08/2024-04-14
eminem,18977217.0,5,49,155.43612334801762,164.0,0,1,2024-04-15/2024-04-21
eminem,20582127.0,5,62,157.56796116504853,168.0,0,0,2024-04-22/2024-04-28
eminem,10978572.0,6,68,158.62941176470588,164.0,0,0,2024-04-29/2024-05-05
eminem,12340436.0,5,64,159.2621951219512,166.5,0,0,2024-05-06/2024-05-12
eminem,13378033.0,4,76,160.16993464052288,164.0,0,0,2024-05-13/2024-05-19
eminem,16208174.0,4,78,164.22012578616352,169.0,0,0,2024-05-20/2024-05-26
eminem,67813138.0,6,1,108.55324675324675,128.0,1,1,2024-05-27/2024-06-02
eminem,183161511.0,10,1,99.16965127238454,106.0,1,2,2024-06-03/2024-06-09
eminem,134807202.0,9,1,98.54906542056075,106.0,1,2,2024-06-10/2024-06-16
eminem,92635351.0,7,1,94.22119815668202,103.0,1,2,2024-06-17/2024-06-23
eminem,79244403.0,6,1,95.71084337349397,104.0,1,1,2024-06-24/2024-06-30
eminem,96526259.0,7,1,97.70158343483557,101.0,1,2,2024-07-01/2024-07-07
eminem,315185932.0,26,1,86.45233366434955,77.0,7,20,2024-07-08/2024-07-14
eminem,258745516.0,24,1,102.80544147843942,103.0,1,14,2024-07-15/2024-07-21
eminem,90990545.0,17,1,106.10372340425532,115.0,1,3,2024-07-22/2024-07-28
eminem,57099755.0,10,4,96.04506437768241,108.0,1,1,2024-07-29/2024-08-04
eminem,46250860.0,8,6,98.92723004694835,113.0,1,1,2024-08-05/2024-08-11
eminem,40962183.0,6,12,104.10421836228288,119.0,0,1,2024-08-12/2024-08-18
eminem,38494953.0,5,14,111.91581632653062,132.0,0,1,2024-08-19/2024-08-25
eminem,35549387.0,6,15,112.01639344262296,115.0,0,1,2024-08-26/2024-09-01
eminem,32834039.0,4,21,110.85358255451713,93.0,0,1,2024-09-02/2024-09-08
eminem,32398913.0,6,29,111.03384615384616,106.0,0,1,2024-09-09/2024-09-15
eminem,29697305.0,4,34,114.07817589576547,114.0,0,1,2024-09-16/2024-09-22
eminem,35315331.0,7,41,123.23850574712644,129.5,0,1,2024-09-23/2024-09-29
eminem,51601167.0,9,19,122.16638655462185,126.0,0,5,2024-09-30/2024-10-06
eminem,64860413.0,9,14,119.6012987012987,123.0,0,5,2024-10-07/2024-10-13
eminem,54351491.0,8,20,123.80115273775216,128.0,0,5,2024-10-14/2024-10-20
eminem,43908728.0,8,31,129.3170731707317,134.5,0,4,2024-10-21/2024-10-27
eminem,30688736.0,7,46,136.2775590551181,138.0,0,3,2024-10-28/2024-11-03
eminem,34755343.0,8,47,134.06338028169014,135.0,0,1,2024-11-04/2024-11-10
eminem,33432264.0,9,54,139.07678244972578,140.0,0,0,2024-11-11/2024-11-17
eminem,28582968.0,8,64,146.74177215189874,150.0,0,0,2024-11-18/2024-11-24
eminem,28930572.0,9,54,154.6894586894587,162.0,0,0,2024-11-25/2024-12-01
eminem,26244123.0,10,55,149.34366197183098,157.0,0,0,2024-12-02/2024-12-08
eminem,18970488.0,7,47,147.3881118881119,152.0,0,1,2024-12-09/2024-12-15
eminem,14933687.0,8,52,151.0660792951542,154.0,0,0,2024-12-16/2024-12-22
eminem,14365844.0,8,65,149.08810572687224,154.0,0,0,2024-12-23/2024-12-29
eminem,19615262.0,8,61,147.2956810631229,150.0,0,0,2024-12-30/2025-01-05
eminem,20429677.0,9,62,147.87761194029852,152.0,0,0,2025-01-06/2025-01-12
eminem,21081455.0,8,71,150.3913043478261,152.0,0,0,2025-01-13/2025-01-19
eminem,21523852.0,9,71,151.53951890034364,154.0,0,0,2025-01-20/2025-01-26
eminem,25945467.0,9,57,148.80180180180182,154.0,0,0,2025-01-27/2025-02-02
eminem,15411660.0,6,67,156.12145748987854,161.0,0,0,2025-02-03/2025-02-09
eminem,16668270.0,6,70,158.056,162.0,0,0,2025-02-10/2025-02-16
eminem,20935879.0,6,67,156.35555555555555,160.0,0,0,2025-02-17/2025-02-23
eminem,15430590.0,5,70,158.2941176470588,161.0,0,0,2025-02-24/2025-03-02
eminem,12130867.0,5,82,163.16447368421052,169.0,0,0,2025-03-03/2025-03-09
eminem,11390923.0,5,66,164.43548387096774,171.0,0,0,2025-03-10/2025-03-16
eminem,10819604.0,4,87,166.84466019417476,177.0,0,0,2025-03-17/2025-03-23
eminem,10846958.0,4,91,165.0857142857143,173.0,0,0,2025-03-24/2025-03-30
eminem,9950918.0,4,102,167.85542168674698,172.0,0,0,2025-03-31/2025-04-06
eminem,10055547.0,4,106,166.9,172.0,0,0,2025-04-07/2025-04-13
eminem,9585636.0,5,108,171.1304347826087,177.0,0,0,2025-04-14/2025-04-20
eminem,7029793.0,4,110,167.92857142857142,173.5,0,0,2025-04-21/2025-04-27
eminem,7600585.0,4,128,171.6,168.5,0,0,2025-04-28/2025-05-04
eminem,7958808.0,4,119,167.38636363636363,168.0,0,0,2025-05-05/2025-05-11
eminem,8130859.0,4,127,172.73809523809524,178.5,0,0,2025-05-12/2025-05-18
eminem,9164186.0,4,144,180.9047619047619,182.5,0,0,2025-05-19/2025-05-25
eminem,8048098.0,4,139,176.3846153846154,180.0,0,0,2025-05-26/2025-06-01
eminem,5011470.0,4,146,186.92592592592592,189.0,0,0,2025-06-02/2025-06-08
eminem,4963596.0,4,170,187.0,189.5,0,0,2025-06-09/2025-06-15
eminem,6074133.0,3,169,188.0,189.0,0,0,2025-06-16/2025-06-22
eminem,3519538.0,3,169,188.7,191.5,0,0,2025-06-23/2025-06-29
eminem,1256574.0,2,178,189.0,190.5,0,0,2025-06-30/2025-07-06
eminem,1233865.0,2,165,184.11111111111111,187.0,0,0,2025-07-07/2025-07-13
eminem,295354.0,2,183,190.42857142857142,190.5,0,0,2025-07-14/2025-07-20
eminem,191694.0,2,162,188.57142857142858,191.5,0,0,2025-07-21/2025-07-27
eminem,3951371.0,3,160,182.5,188.0,0,0,2025-07-28/2025-08-03
eminem,6151186.0,5,136,180.8148148148148,188.0,0,0,2025-08-04/2025-08-10
eminem,4944190.0,3,142,180.375,182.0,0,0,2025-08-11/2025-08-17
eminem,5262079.0,3,109,169.97058823529412,176.0,0,0,2025-08-18/2025-08-24
eminem,7271451.0,5,71,158.43636363636364,169.0,0,0,2025-08-25/2025-08-31
eminem,1823075.0,3,89,158.77777777777777,170.0,0,0,2025-09-01/2025-09-07
eminem,1762906.0,3,102,155.74074074074073,167.0,0,0,2025-09-08/2025-09-14
eminem,7861595.0,3,100,169.89583333333334,177.0,0,0,2025-09-15/2025-09-21
eminem,8475099.0,4,87,167.47619047619048,178.0,0,0,2025-09-22/2025-09-28
eminem,9880919.0,4,80,162.93846153846152,172.0,0,0,2025-09-29/2025-10-05
eminem,11331990.0,4,76,160.231884057971,168.0,0,0,2025-10-06/2025-10-12
eminem,12435133.0,4,78,162.4788732394366,167.0,0,0,2025-10-13/2025-10-19
eminem,11751075.0,5,65,159.0,169.0,0,0,2025-10-20/2025-10-26
eminem,13019159.0,5,72,163.8170731707317,175.5,0,0,2025-10-27/2025-11-02
eminem,12527598.0,5,76,162.3835616438356,166.0,0,0,2025-11-03/2025-11-09
eminem,18775290.0,6,74,160.63917525773195,167.0,0,0,2025-11-10/2025-11-16
eminem,20380533.0,5,69,162.65420560747663,170.0,0,0,2025-11-17/2025-11-23
eminem,8515827.0,5,82,163.4788732394366,167.0,0,0,2025-11-24/2025-11-30
eminem,10164857.0,5,80,164.12328767123287,170.0,0,0,2025-12-01/2025-12-07
eminem,13553850.0,5,75,161.20618556701032,164.0,0,0,2025-12-08/2025-12-14
eminem,12857830.0,6,87,162.73,168.5,0,0,2025-12-15/2025-12-21
eminem,6414104.0,6,81,165.98507462686567,175.0,0,0,2025-12-22/2025-12-28
eminem,10241995.0,6,63,163.07692307692307,166.5,0,0,2025-12-29/2026-01-04
eminem,13393799.0,6,73,161.43965517241378,168.5,0,0,2026-01-05/2026-01-11
eminem,12705811.0,6,71,157.00892857142858,164.0,0,0,2026-01-12/2026-01-18
eminem,12207966.0,8,84,156.98130841121494,164.0,0,0,2026-01-19/2026-01-25
eminem,11974718.0,6,73,155.44166666666666,164.0,0,0,2026-01-26/2026-02-01
eminem,12449809.0,6,69,156.61320754716982,170.0,0,0,2026-02-02/2026-02-08
eminem,12469495.0,6,85,162.15178571428572,172.5,0,0,2026-02-09/2026-02-15
eminem,11204442.0,4,84,157.93406593406593,170.0,0,0,2026-02-16/2026-02-22
eminem,12026075.0,5,77,157.68085106382978,167.5,0,0,2026-02-23/2026-03-01
eminem,13645811.0,5,93,158.11702127659575,163.0,0,0,2026-03-02/2026-03-08
eminem,14204351.0,5,86,156.86813186813185,158.0,0,0,2026-03-09/2026-03-15
eminem,11075192.0,5,93,158.3421052631579,157.0,0,0,2026-03-16/2026-03-22
eminem,9826100.0,5,98,160.49333333333334,165.0,0,0,2026-03-23/2026-03-29
eminem,14054109.0,5,105,159.19607843137254,162.5,0,0,2026-03-30/2026-04-05
eminem,19701031.0,4,83,155.07207207207207,160.0,0,0,2026-04-06/2026-04-12
eminem,21432606.0,5,86,158.90151515151516,164.0,0,0,2026-04-13/2026-04-19
eminem,21829540.0,5,98,159.55963302752295,164.0,0,0,2026-04-20/2026-04-26
eminem,20487247.0,5,75,159.68421052631578,167.0,0,0,2026-04-27/2026-05-03
eminem,21542063.0,4,94,155.33928571428572,154.5,0,0,2026-05-04/2026-05-10
eminem,20748678.0,5,88,158.33333333333334,163.0,0,0,2026-05-11/2026-05-17
eminem,10372227.0,5,128,173.94444444444446,179.5,0,0,2026-05-18/2026-05-24
eminem,1417520.0,3,169,185.1818181818182,185.0,0,0,2026-05-25/2026-05-31
lady gaga,111947.0,2,51,151.125,158.0,0,0,2016-12-26/2017-01-01
lady gaga,4364964.0,3,32,140.05714285714285,142.5,0,1,2017-01-02/2017-01-08
lady gaga,4359525.0,3,29,138.87786259541986,152.0,0,1,2017-01-09/2017-01-15
lady gaga,3663521.0,3,28,137.8181818181818,149.0,0,1,2017-01-16/2017-01-22
lady gaga,2691599.0,3,22,135.66265060240963,136.0,0,1,2017-01-23/2017-01-29
lady gaga,3031839.0,2,19,133.9558823529412,130.0,0,1,2017-01-30/2017-02-05
lady gaga,14918021.0,9,19,122.68953068592057,122.0,0,1,2017-02-06/2017-02-12
lady gaga,9789843.0,4,28,120.61504424778761,124.5,0,1,2017-02-13/2017-02-19
lady gaga,7939458.0,2,28,132.97297297297297,140.0,0,1,2017-02-20/2017-02-26
lady gaga,7056002.0,2,32,143.40136054421768,152.0,0,1,2017-02-27/2017-03-05
lady gaga,6827975.0,1,52,149.6201550387597,156.0,0,0,2017-03-06/2017-03-12
lady gaga,5592209.0,2,52,152.873786407767,161.0,0,0,2017-03-13/2017-03-19
lady gaga,4104901.0,1,51,150.26388888888889,166.0,0,0,2017-03-20/2017-03-26
lady gaga,3492310.0,1,53,148.0,166.0,0,0,2017-03-27/2017-04-02
lady gaga,3420151.0,1,51,141.98387096774192,151.0,0,0,2017-04-03/2017-04-09
lady gaga,5145608.0,2,5,121.14150943396227,121.0,1,1,2017-04-10/2017-04-16
lady gaga,21726436.0,2,4,88.24935732647815,70.0,1,1,2017-04-17/2017-04-23
lady gaga,23163802.0,2,6,78.49376558603491,63.0,1,1,2017-04-24/2017-04-30
lady gaga,24261062.0,2,4,69.37652811735941,57.0,1,1,2017-05-01/2017-05-07
lady gaga,23221350.0,2,8,70.68860759493671,56.0,1,1,2017-05-08/2017-05-14
lady gaga,24066157.0,2,11,68.8961038961039,53.0,0,1,2017-05-15/2017-05-21
lady gaga,22801408.0,2,11,75.91364902506963,50.0,0,1,2017-05-22/2017-05-28
lady gaga,20325144.0,2,14,79.15015015015015,50.0,0,1,2017-05-29/2017-06-04
lady gaga,17910797.0,3,17,81.98671096345515,55.0,0,1,2017-06-05/2017-06-11
lady gaga,14758891.0,2,22,74.36681222707423,62.0,0,1,2017-06-12/2017-06-18
lady gaga,12528944.0,2,24,84.65686274509804,73.0,0,1,2017-06-19/2017-06-25
lady gaga,9462018.0,2,27,105.355421686747,105.5,0,1,2017-06-26/2017-07-02
lady gaga,8657774.0,3,30,114.54729729729729,117.5,0,1,2017-07-03/2017-07-09
lady gaga,8206573.0,2,26,112.7421875,118.0,0,1,2017-07-10/2017-07-16
lady gaga,6376022.0,2,29,120.65714285714286,129.0,0,1,2017-07-17/2017-07-23
lady gaga,5295734.0,2,30,121.9247311827957,143.0,0,1,2017-07-24/2017-07-30
lady gaga,5096370.0,2,31,114.9047619047619,126.0,0,1,2017-07-31/2017-08-06
lady gaga,4886932.0,2,31,110.61842105263158,108.5,0,1,2017-08-07/2017-08-13
lady gaga,4484667.0,3,33,115.91428571428571,123.0,0,1,2017-08-14/2017-08-20
lady gaga,3023038.0,2,35,114.96969696969697,108.0,0,1,2017-08-21/2017-08-27
lady gaga,2529239.0,2,36,117.46031746031746,124.0,0,1,2017-08-28/2017-09-03
lady gaga,1740908.0,2,35,113.6,111.0,0,1,2017-09-04/2017-09-10
lady gaga,985846.0,2,38,111.59016393442623,105.0,0,1,2017-09-11/2017-09-17
lady gaga,771910.0,2,43,112.35849056603773,107.0,0,1,2017-09-18/2017-09-24
lady gaga,630254.0,2,49,133.3409090909091,158.5,0,1,2017-09-25/2017-10-01
lady gaga,510400.0,2,55,138.8,172.0,0,0,2017-10-02/2017-10-08
lady gaga,420334.0,2,55,118.76,96.0,0,0,2017-10-09/2017-10-15
lady gaga,414966.0,2,57,123.79166666666667,111.0,0,0,2017-10-16/2017-10-22
lady gaga,309982.0,2,64,136.6315789473684,132.0,0,0,2017-10-23/2017-10-29
lady gaga,90606.0,2,173,188.71428571428572,193.0,0,0,2017-10-30/2017-11-05
lady gaga,2522.0,1,200,200.0,200.0,0,0,2017-11-06/2017-11-12
lady gaga,40241.0,3,185,189.66666666666666,188.0,0,0,2017-11-13/2017-11-19
lady gaga,28766.0,2,177,187.83333333333334,190.0,0,0,2017-11-20/2017-11-26
lady gaga,317726.0,3,102,166.92307692307693,183.0,0,0,2017-11-27/2017-12-03
lady gaga,269615.0,3,106,167.25,180.0,0,0,2017-12-04/2017-12-10
lady gaga,343513.0,3,99,171.8235294117647,183.0,0,0,2017-12-11/2017-12-17
lady gaga,729092.0,2,74,152.08,161.0,0,0,2017-12-18/2017-12-24
lady gaga,350064.0,5,101,143.0,134.0,0,0,2017-12-25/2017-12-31
lady gaga,6592.0,2,197,198.66666666666666,199.0,0,0,2018-01-01/2018-01-07
lady gaga,6881.0,1,191,194.66666666666666,194.0,0,0,2018-01-08/2018-01-14
lady gaga,81511.0,1,153,181.75,183.5,0,0,2018-01-15/2018-01-21
lady gaga,36482.0,2,147,173.625,172.5,0,0,2018-01-22/2018-01-28
lady gaga,18380.0,1,143,165.14285714285714,161.0,0,0,2018-01-29/2018-02-04
lady gaga,12212.0,1,151,162.4,164.0,0,0,2018-02-05/2018-02-11
lady gaga,69366.0,1,155,167.71428571428572,165.0,0,0,2018-02-12/2018-02-18
lady gaga,2417.0,1,197,197.0,197.0,0,0,2018-02-19/2018-02-25
lady gaga,2380.0,1,200,200.0,200.0,0,0,2018-02-26/2018-03-04
lady gaga,77289.0,2,148,173.33333333333334,173.0,0,0,2018-03-05/2018-03-11
lady gaga,11497.0,1,63,141.5,158.5,0,0,2018-03-26/2018-04-01
lady gaga,70118.0,1,111,112.5,112.5,0,0,2018-04-09/2018-04-15
lady gaga,26795.0,1,141,166.25,166.0,0,0,2018-04-16/2018-04-22
lady gaga,69683.0,1,123,126.0,126.0,0,0,2018-07-30/2018-08-05
lady gaga,2304.0,1,99,99.0,99.0,0,0,2018-08-27/2018-09-02
lady gaga,12508.0,1,115,150.33333333333334,149.5,0,0,2018-09-03/2018-09-09
lady gaga,6093.0,1,144,171.33333333333334,172.0,0,0,2018-09-10/2018-09-16
lady gaga,6181956.0,1,12,90.9054054054054,88.5,0,1,2018-09-24/2018-09-30
lady gaga,16584119.0,7,2,86.86220472440945,80.5,2,4,2018-10-01/2018-10-07
lady gaga,43101630.0,15,1,75.82930513595166,67.0,2,10,2018-10-08/2018-10-14
lady gaga,71271522.0,15,1,71.40913508260446,56.0,3,12,2018-10-15/2018-10-21
lady gaga,78871453.0,22,1,76.85,66.0,5,16,2018-10-22/2018-10-28
lady gaga,75809077.0,18,1,75.61417322834646,64.0,4,11,2018-10-29/2018-11-04
lady gaga,71163254.0,15,1,75.20572916666667,63.0,4,10,2018-11-05/2018-11-11
lady gaga,61403751.0,15,1,73.89035532994924,61.0,3,6,2018-11-12/2018-11-18
lady gaga,52608074.0,10,1,73.0868544600939,59.0,2,4,2018-11-19/2018-11-25
lady gaga,45381315.0,11,1,74.09596662030599,54.0,2,3,2018-11-26/2018-12-02
lady gaga,40384414.0,7,1,67.74155405405405,44.5,2,3,2018-12-03/2018-12-09
lady gaga,36812789.0,7,1,65.37732342007435,41.5,2,3,2018-12-10/2018-12-16
lady gaga,32676273.0,6,2,70.1439842209073,47.0,1,3,2018-12-17/2018-12-23
lady gaga,29529205.0,6,1,68.25833333333334,49.0,2,3,2018-12-24/2018-12-30
lady gaga,34752592.0,6,1,61.94402985074627,35.0,2,3,2018-12-31/2019-01-06
lady gaga,42970813.0,6,1,65.6688,41.0,2,3,2019-01-07/2019-01-13
lady gaga,40511309.0,5,1,63.15183246073298,36.0,2,2,2019-01-14/2019-01-20
lady gaga,41790805.0,7,2,68.52310231023102,45.5,2,2,2019-01-21/2019-01-27
lady gaga,47603394.0,6,1,68.82485029940119,47.0,2,2,2019-01-28/2019-02-03
lady gaga,46001163.0,6,2,71.76497695852535,50.0,1,2,2019-02-04/2019-02-10
lady gaga,51014636.0,4,1,68.42836041358936,51.0,1,2,2019-02-11/2019-02-17
lady gaga,49666934.0,6,1,69.80359820089954,50.0,2,2,2019-02-18/2019-02-24
lady gaga,94225364.0,7,1,62.70715835140998,41.0,2,3,2019-02-25/2019-03-03
lady gaga,72527721.0,7,1,57.13953488372093,36.0,2,2,2019-03-04/2019-03-10
lady gaga,63451037.0,6,1,56.43490304709141,35.0,2,2,2019-03-11/2019-03-17
lady gaga,60346214.0,5,1,56.32898550724638,36.0,2,2,2019-03-18/2019-03-24
lady gaga,56326088.0,4,1,55.13488372093023,39.0,2,2,2019-03-25/2019-03-31
lady gaga,51303540.0,5,3,62.17993630573248,42.0,1,2,2019-04-01/2019-04-07
lady gaga,47632447.0,4,3,61.9933110367893,44.0,1,2,2019-04-08/2019-04-14
lady gaga,45235392.0,3,4,62.53264604810997,43.5,1,2,2019-04-15/2019-04-21
lady gaga,42491634.0,2,4,63.35602094240838,42.0,1,2,2019-04-22/2019-04-28
lady gaga,40064349.0,2,3,64.69189189189188,43.0,1,2,2019-04-29/2019-05-05
lady gaga,38768112.0,2,4,65.12226277372262,45.0,1,2,2019-05-06/2019-05-12
lady gaga,38656805.0,2,6,68.85820895522389,49.0,1,2,2019-05-13/2019-05-19
lady gaga,39264888.0,2,2,67.70114942528735,49.5,1,2,2019-05-20/2019-05-26
lady gaga,36062290.0,2,6,70.58512720156556,50.0,1,2,2019-05-27/2019-06-02
lady gaga,33627429.0,2,6,73.10179640718563,55.0,1,2,2019-06-03/2019-06-09
lady gaga,33530273.0,2,6,75.15643564356435,58.0,1,2,2019-06-10/2019-06-16
lady gaga,31845333.0,2,7,78.63340122199592,64.0,1,2,2019-06-17/2019-06-23
lady gaga,29090268.0,2,11,84.82327586206897,71.5,0,2,2019-06-24/2019-06-30
lady gaga,26174357.0,2,13,87.00454545454545,73.5,0,2,2019-07-01/2019-07-07
lady gaga,25329154.0,2,16,87.10416666666667,76.5,0,2,2019-07-08/2019-07-14
lady gaga,24258299.0,2,15,89.45833333333333,83.0,0,2,2019-07-15/2019-07-21
lady gaga,21473280.0,2,17,90.85780885780886,85.0,0,2,2019-07-22/2019-07-28
lady gaga,21393852.0,2,17,89.76760563380282,81.0,0,2,2019-07-29/2019-08-04
lady gaga,20982648.0,2,17,89.99526066350711,80.0,0,2,2019-08-05/2019-08-11
lady gaga,22789886.0,2,16,91.1323877068558,85.0,0,2,2019-08-12/2019-08-18
lady gaga,20143632.0,3,17,95.02870813397129,83.5,0,2,2019-08-19/2019-08-25
lady gaga,18984769.0,2,18,101.1325,93.0,0,2,2019-08-26/2019-09-01
lady gaga,19337493.0,2,19,102.49622166246851,100.0,0,2,2019-09-02/2019-09-08
lady gaga,18473740.0,2,18,106.9817232375979,107.0,0,1,2019-09-09/2019-09-15
lady gaga,18308434.0,2,18,104.78036175710594,105.0,0,1,2019-09-16/2019-09-22
lady gaga,18400804.0,2,19,104.82058047493403,100.0,0,1,2019-09-23/2019-09-29
lady gaga,18757420.0,2,16,102.21608040201005,98.5,0,2,2019-09-30/2019-10-06
lady gaga,18908502.0,2,16,101.53180661577608,93.0,0,2,2019-10-07/2019-10-13
lady gaga,18804631.0,2,14,99.61439588688945,86.0,0,2,2019-10-14/2019-10-20
lady gaga,17051327.0,2,16,102.10714285714286,90.5,0,2,2019-10-21/2019-10-27
lady gaga,15667478.0,2,15,109.24260355029585,101.5,0,2,2019-10-28/2019-11-03
lady gaga,15456716.0,2,18,108.43567251461988,100.0,0,2,2019-11-04/2019-11-10
lady gaga,15408632.0,2,18,106.78994082840237,96.5,0,2,2019-11-11/2019-11-17
lady gaga,14269493.0,2,22,107.66233766233766,101.0,0,2,2019-11-18/2019-11-24
lady gaga,13297279.0,2,29,114.63028169014085,107.5,0,2,2019-11-25/2019-12-01
lady gaga,17715294.0,2,18,109.71067415730337,107.0,0,1,2019-12-02/2019-12-08
lady gaga,16306718.0,3,24,110.19886363636364,107.0,0,1,2019-12-09/2019-12-15
lady gaga,14472417.0,3,36,115.9281045751634,114.5,0,1,2019-12-16/2019-12-22
lady gaga,13099061.0,3,26,113.98846153846154,118.0,0,2,2019-12-23/2019-12-29
lady gaga,15063401.0,2,19,98.00882352941177,83.5,0,2,2019-12-30/2020-01-05
lady gaga,14946611.0,2,25,104.30029154518951,91.0,0,2,2020-01-06/2020-01-12
lady gaga,13663639.0,2,31,106.28865979381443,96.0,0,2,2020-01-13/2020-01-19
lady gaga,13132288.0,2,31,106.98181818181818,98.0,0,1,2020-01-20/2020-01-26
lady gaga,13254248.0,2,33,110.5909090909091,104.0,0,1,2020-01-27/2020-02-02
lady gaga,13183199.0,2,29,110.53684210526316,102.0,0,1,2020-02-03/2020-02-09
lady gaga,13631538.0,2,28,111.12847222222223,109.5,0,1,2020-02-10/2020-02-16
lady gaga,13812442.0,2,25,107.26181818181819,99.0,0,1,2020-02-17/2020-02-23
lady gaga,35891628.0,3,2,88.59958506224066,78.0,1,2,2020-02-24/2020-03-01
lady gaga,52512475.0,3,4,83.28291316526611,77.0,1,2,2020-03-02/2020-03-08
lady gaga,39968249.0,3,15,93.19155844155844,84.0,0,2,2020-03-09/2020-03-15
lady gaga,31814783.0,3,22,99.40449438202248,92.0,0,2,2020-03-16/2020-03-22
lady gaga,27827161.0,3,28,109.00826446280992,102.0,0,2,2020-03-23/2020-03-29
lady gaga,24841614.0,3,32,113.44646924829158,102.0,0,2,2020-03-30/2020-04-05
lady gaga,22906809.0,3,36,116.69727047146402,105.0,0,2,2020-04-06/2020-04-12
lady gaga,20269407.0,3,43,115.09887005649718,103.0,0,1,2020-04-13/2020-04-19
lady gaga,18918768.0,3,46,117.94642857142857,106.0,0,1,2020-04-20/2020-04-26
lady gaga,14922214.0,3,46,122.69102990033223,113.0,0,1,2020-04-27/2020-05-03
lady gaga,11430872.0,3,51,120.75954198473282,111.5,0,0,2020-05-04/2020-05-10
lady gaga,11382795.0,3,49,124.38223938223938,115.0,0,1,2020-05-11/2020-05-17
lady gaga,49536706.0,4,1,78.87659574468086,76.0,1,2,2020-05-18/2020-05-24
lady gaga,247699612.0,20,1,79.98598726114649,72.0,9,18,2020-05-25/2020-05-31
lady gaga,161514187.0,17,1,80.41870415647922,70.0,2,7,2020-06-01/2020-06-07
lady gaga,95425843.0,8,2,74.2782152230971,65.0,2,3,2020-06-08/2020-06-14
lady gaga,83580914.0,6,2,76.3411306042885,69.0,2,2,2020-06-15/2020-06-21
lady gaga,74860704.0,5,2,79.45714285714286,72.0,2,2,2020-06-22/2020-06-28
lady gaga,67553954.0,5,3,78.82232346241457,71.0,2,3,2020-06-29/2020-07-05
lady gaga,59622648.0,5,3,74.94031830238727,69.0,2,3,2020-07-06/2020-07-12
lady gaga,55438017.0,5,6,79.20804438280166,71.0,1,3,2020-07-13/2020-07-19
lady gaga,50126229.0,5,6,86.12609970674487,79.0,1,2,2020-07-20/2020-07-26
lady gaga,44797930.0,4,9,85.28930817610063,82.0,1,2,2020-07-27/2020-08-02
lady gaga,40300461.0,4,8,85.88942307692308,84.0,1,2,2020-08-03/2020-08-09
lady gaga,38233413.0,4,10,89.68881685575364,84.0,1,2,2020-08-10/2020-08-16
lady gaga,35822811.0,4,12,95.94581280788178,90.0,0,2,2020-08-17/2020-08-23
lady gaga,35808736.0,4,16,96.27750410509032,90.0,0,3,2020-08-24/2020-08-30
lady gaga,41354271.0,4,14,90.83208395802099,87.0,0,2,2020-08-31/2020-09-06
lady gaga,35898402.0,4,15,96.370607028754,93.0,0,1,2020-09-07/2020-09-13
lady gaga,35170338.0,5,18,101.85232744783306,99.0,0,2,2020-09-14/2020-09-20
lady gaga,33599140.0,5,23,105.21308724832215,100.0,0,2,2020-09-21/2020-09-27
lady gaga,30647127.0,5,26,110.08288288288288,105.0,0,3,2020-09-28/2020-10-04
lady gaga,28322620.0,5,29,110.82128514056225,102.0,0,3,2020-10-05/2020-10-11
lady gaga,27300021.0,4,30,108.45979381443298,100.0,0,2,2020-10-12/2020-10-18
lady gaga,27199006.0,4,32,109.14634146341463,101.0,0,2,2020-10-19/2020-10-25
lady gaga,25976868.0,5,35,115.6431623931624,113.5,0,1,2020-10-26/2020-11-01
lady gaga,23894615.0,4,39,116.87616822429906,111.0,0,2,2020-11-02/2020-11-08
lady gaga,22815625.0,4,43,118.74619289340102,112.5,0,2,2020-11-09/2020-11-15
lady gaga,21624674.0,4,53,124.47397260273972,119.0,0,0,2020-11-16/2020-11-22
lady gaga,21144746.0,3,60,130.0,127.0,0,0,2020-11-23/2020-11-29
lady gaga,21848626.0,4,58,129.7202572347267,131.0,0,0,2020-11-30/2020-12-06
lady gaga,19595659.0,3,64,133.32862190812722,135.0,0,0,2020-12-07/2020-12-13
lady gaga,18620347.0,3,51,138.0,138.5,0,0,2020-12-14/2020-12-20
lady gaga,12553141.0,4,51,138.502538071066,140.0,0,0,2020-12-21/2020-12-27
lady gaga,23183267.0,5,23,113.02784810126582,109.0,0,1,2020-12-28/2021-01-03
lady gaga,21045076.0,3,46,119.86243386243386,116.0,0,1,2021-01-04/2021-01-10
lady gaga,19405558.0,3,54,126.52522255192878,121.0,0,0,2021-01-11/2021-01-17
lady gaga,18107649.0,3,54,125.49185667752442,121.0,0,0,2021-01-18/2021-01-24
lady gaga,17512532.0,3,54,125.21501706484642,118.0,0,0,2021-01-25/2021-01-31
lady gaga,17478547.0,4,52,124.15151515151516,119.0,0,0,2021-02-01/2021-02-07
lady gaga,17454057.0,4,25,117.48344370860927,113.5,0,1,2021-02-08/2021-02-14
lady gaga,18320224.0,4,44,114.42628205128206,108.0,0,1,2021-02-15/2021-02-21
lady gaga,18172611.0,3,46,115.48409893992932,106.0,0,1,2021-02-22/2021-02-28
lady gaga,17674931.0,3,55,115.93286219081273,108.0,0,0,2021-03-01/2021-03-07
lady gaga,17612329.0,4,35,117.75265017667844,115.0,0,1,2021-03-08/2021-03-14
lady gaga,18678438.0,4,47,122.63545150501672,118.0,0,2,2021-03-15/2021-03-21
lady gaga,17712751.0,3,39,124.52430555555556,121.0,0,1,2021-03-22/2021-03-28
lady gaga,17299443.0,3,33,120.16428571428571,120.0,0,1,2021-03-29/2021-04-04
lady gaga,17270368.0,3,27,121.07037037037037,116.5,0,2,2021-04-05/2021-04-11
lady gaga,17837353.0,3,43,115.74137931034483,105.0,0,2,2021-04-12/2021-04-18
lady gaga,17262857.0,3,49,114.9087591240876,104.0,0,1,2021-04-19/2021-04-25
lady gaga,16945198.0,3,55,120.67383512544802,117.0,0,0,2021-04-26/2021-05-02
lady gaga,16791961.0,3,56,121.78472222222223,116.5,0,0,2021-05-03/2021-05-09
lady gaga,15832653.0,4,58,125.76045627376426,119.0,0,0,2021-05-10/2021-05-16
lady gaga,13208848.0,3,61,127.75,125.0,0,0,2021-05-17/2021-05-23
lady gaga,11852259.0,3,70,131.17021276595744,123.5,0,0,2021-05-24/2021-05-30
lady gaga,13897433.0,3,67,134.25906735751295,128.0,0,0,2021-05-31/2021-06-06
lady gaga,11933809.0,3,66,135.1505376344086,128.5,0,0,2021-06-07/2021-06-13
lady gaga,11207735.0,4,52,134.3804347826087,135.0,0,0,2021-06-14/2021-06-20
lady gaga,9571324.0,3,66,135.944099378882,134.0,0,0,2021-06-21/2021-06-27
lady gaga,8163886.0,3,68,138.9470588235294,136.5,0,0,2021-06-28/2021-07-04
lady gaga,8436121.0,3,70,139.1584699453552,137.0,0,0,2021-07-05/2021-07-11
lady gaga,8000012.0,3,78,137.78205128205127,133.5,0,0,2021-07-12/2021-07-18
lady gaga,7882275.0,3,75,140.40993788819875,138.0,0,0,2021-07-19/2021-07-25
lady gaga,7697686.0,3,77,138.56666666666666,135.5,0,0,2021-07-26/2021-08-01
lady gaga,7698089.0,3,70,134.73509933774835,130.0,0,0,2021-08-02/2021-08-08
lady gaga,8037597.0,3,62,133.28930817610063,131.0,0,0,2021-08-09/2021-08-15
lady gaga,7794652.0,3,63,132.47368421052633,136.0,0,0,2021-08-16/2021-08-22
lady gaga,7899816.0,3,57,135.248322147651,138.0,0,0,2021-08-23/2021-08-29
lady gaga,12697547.0,12,18,150.44171779141104,150.0,0,1,2021-08-30/2021-09-05
lady gaga,8767828.0,5,56,142.43421052631578,146.0,0,0,2021-09-06/2021-09-12
lady gaga,8368985.0,4,78,141.37662337662337,149.0,0,0,2021-09-13/2021-09-19
lady gaga,7905627.0,4,79,139.67361111111111,150.0,0,0,2021-09-20/2021-09-26
lady gaga,7594345.0,3,70,136.28472222222223,144.0,0,0,2021-09-27/2021-10-03
lady gaga,7566806.0,2,75,133.00704225352112,143.5,0,0,2021-10-04/2021-10-10
lady gaga,7826706.0,2,75,137.51923076923077,142.0,0,0,2021-10-11/2021-10-17
lady gaga,7899684.0,2,72,137.33333333333334,142.0,0,0,2021-10-18/2021-10-24
lady gaga,7903371.0,3,71,142.7054794520548,147.5,0,0,2021-10-25/2021-10-31
lady gaga,7886777.0,2,63,137.40764331210192,141.0,0,0,2021-11-01/2021-11-07
lady gaga,7698699.0,2,69,139.87857142857143,145.5,0,0,2021-11-08/2021-11-14
lady gaga,8143784.0,2,81,145.1689189189189,152.0,0,0,2021-11-15/2021-11-21
lady gaga,8486963.0,2,67,146.95138888888889,154.0,0,0,2021-11-22/2021-11-28
lady gaga,7582828.0,2,72,150.0096153846154,161.5,0,0,2021-11-29/2021-12-05
lady gaga,5218304.0,2,89,153.36046511627907,164.5,0,0,2021-12-06/2021-12-12
lady gaga,3317058.0,2,85,149.83582089552237,164.0,0,0,2021-12-13/2021-12-19
lady gaga,3173344.0,1,96,152.3913043478261,160.5,0,0,2021-12-20/2021-12-26
lady gaga,7942287.0,6,51,137.77397260273972,144.0,0,0,2021-12-27/2022-01-02
lady gaga,7824531.0,2,47,135.41726618705036,141.0,0,1,2022-01-03/2022-01-09
lady gaga,7839663.0,2,55,142.25563909774436,155.0,0,0,2022-01-10/2022-01-16
lady gaga,7798909.0,2,56,142.67175572519085,152.0,0,0,2022-01-17/2022-01-23
lady gaga,7340731.0,2,57,145.31404958677686,153.0,0,0,2022-01-24/2022-01-30
lady gaga,6160808.0,2,62,147.2037037037037,153.5,0,0,2022-01-31/2022-02-06
lady gaga,5426333.0,2,59,150.018018018018,164.0,0,0,2022-02-07/2022-02-13
lady gaga,7142893.0,2,48,144.0796460176991,151.0,0,1,2022-02-14/2022-02-20
lady gaga,4982384.0,2,66,143.86746987951807,147.0,0,0,2022-02-21/2022-02-27
lady gaga,3469714.0,2,74,146.93023255813952,152.5,0,0,2022-02-28/2022-03-06
lady gaga,1829163.0,2,85,150.30379746835442,156.0,0,0,2022-03-07/2022-03-13
lady gaga,1096170.0,2,76,145.32,146.0,0,0,2022-03-14/2022-03-20
lady gaga,1094347.0,2,85,149.22666666666666,159.0,0,0,2022-03-21/2022-03-27
lady gaga,1092422.0,2,77,142.67567567567568,136.0,0,0,2022-03-28/2022-04-03
lady gaga,1917839.0,3,80,142.32142857142858,146.5,0,0,2022-04-04/2022-04-10
lady gaga,5015344.0,2,73,141.34065934065933,140.0,0,0,2022-04-11/2022-04-17
lady gaga,2675325.0,2,60,141.34117647058824,155.0,0,0,2022-04-18/2022-04-24
lady gaga,3448538.0,2,66,138.9156626506024,148.0,0,0,2022-04-25/2022-05-01
lady gaga,6616673.0,3,42,137.34782608695653,147.0,0,1,2022-05-02/2022-05-08
lady gaga,2496118.0,3,74,147.2704918032787,151.5,0,0,2022-05-09/2022-05-15
lady gaga,1133978.0,2,97,148.98717948717947,140.0,0,0,2022-05-16/2022-05-22
lady gaga,2109538.0,4,42,142.7265625,143.0,0,1,2022-05-23/2022-05-29
lady gaga,9114346.0,2,10,131.25396825396825,132.0,1,1,2022-05-30/2022-06-05
lady gaga,10798449.0,2,6,115.67772511848341,118.0,1,1,2022-06-06/2022-06-12
lady gaga,11792143.0,2,5,108.08,106.0,1,1,2022-06-13/2022-06-19
lady gaga,11978764.0,2,6,103.72602739726027,104.0,1,1,2022-06-20/2022-06-26
lady gaga,11557630.0,3,7,108.00847457627118,108.0,1,1,2022-06-27/2022-07-03
lady gaga,11260228.0,2,11,108.4602510460251,102.0,0,1,2022-07-04/2022-07-10
lady gaga,10698823.0,2,18,110.20089285714286,101.0,0,1,2022-07-11/2022-07-17
lady gaga,10786347.0,4,29,113.29918032786885,109.0,0,1,2022-07-18/2022-07-24
lady gaga,9961025.0,3,26,113.57692307692308,113.5,0,1,2022-07-25/2022-07-31
lady gaga,6845596.0,2,30,114.0,110.0,0,1,2022-08-01/2022-08-07
lady gaga,2962801.0,3,36,116.48314606741573,113.0,0,1,2022-08-08/2022-08-14
lady gaga,2878866.0,4,36,119.0,110.0,0,1,2022-08-15/2022-08-21
lady gaga,2592460.0,3,37,117.88607594936708,106.5,0,1,2022-08-22/2022-08-28
lady gaga,2545000.0,2,40,119.48701298701299,114.5,0,1,2022-08-29/2022-09-04
lady gaga,2506066.0,2,39,123.1038961038961,119.5,0,1,2022-09-05/2022-09-11
lady gaga,2185243.0,3,47,131.1744966442953,128.0,0,1,2022-09-12/2022-09-18
lady gaga,2004909.0,2,65,130.03703703703704,120.0,0,0,2022-09-19/2022-09-25
lady gaga,1901962.0,2,62,127.21008403361344,122.0,0,0,2022-09-26/2022-10-02
lady gaga,1901498.0,3,65,126.35964912280701,121.5,0,0,2022-10-03/2022-10-09
lady gaga,2156285.0,4,70,136.5744680851064,133.0,0,0,2022-10-10/2022-10-16
lady gaga,1783823.0,3,87,138.48214285714286,135.0,0,0,2022-10-17/2022-10-23
lady gaga,1768424.0,6,89,140.18947368421053,139.0,0,0,2022-10-24/2022-10-30
lady gaga,2020142.0,6,83,148.61946902654867,151.0,0,0,2022-10-31/2022-11-06
lady gaga,1797196.0,5,63,148.09230769230768,154.5,0,0,2022-11-07/2022-11-13
lady gaga,1428306.0,5,68,147.87394957983193,141.0,0,0,2022-11-14/2022-11-20
lady gaga,1382670.0,6,43,145.03478260869565,151.0,0,1,2022-11-21/2022-11-27
lady gaga,23165061.0,6,1,105.49714285714286,113.5,1,1,2022-11-28/2022-12-04
lady gaga,35876866.0,4,1,95.75321888412017,102.0,1,1,2022-12-05/2022-12-11
lady gaga,34170788.0,4,3,96.95056179775281,95.0,1,1,2022-12-12/2022-12-18
lady gaga,27623163.0,4,8,96.94620253164557,93.5,1,1,2022-12-19/2022-12-25
lady gaga,32275701.0,9,4,96.46608315098469,90.0,2,2,2022-12-26/2023-01-01
lady gaga,28097068.0,7,8,103.49466950959489,99.0,1,1,2023-01-02/2023-01-08
lady gaga,34456241.0,6,13,97.30669546436285,88.0,0,1,2023-01-09/2023-01-15
lady gaga,33243629.0,7,15,103.50749464668094,99.0,0,1,2023-01-16/2023-01-22
lady gaga,24270268.0,7,20,108.72987012987014,105.0,0,1,2023-01-23/2023-01-29
lady gaga,19215017.0,7,26,114.56656346749226,111.0,0,1,2023-01-30/2023-02-05
lady gaga,15757035.0,6,29,115.24444444444444,111.0,0,1,2023-02-06/2023-02-12
lady gaga,14610006.0,6,41,127.27985074626865,129.5,0,1,2023-02-13/2023-02-19
lady gaga,12997703.0,6,49,132.11290322580646,136.5,0,1,2023-02-20/2023-02-26
lady gaga,11198737.0,5,61,136.54205607476635,141.5,0,0,2023-02-27/2023-03-05
lady gaga,10739399.0,4,65,137.9035532994924,135.0,0,0,2023-03-06/2023-03-12
lady gaga,9795977.0,7,55,139.05140186915887,136.0,0,0,2023-03-13/2023-03-19
lady gaga,2861836.0,7,53,135.9795918367347,137.0,0,0,2023-03-20/2023-03-26
lady gaga,2506309.0,5,59,139.99415204678363,142.0,0,0,2023-03-27/2023-04-02
lady gaga,1831092.0,3,57,141.93197278911563,151.0,0,0,2023-04-03/2023-04-09
lady gaga,1877173.0,3,55,143.21052631578948,157.0,0,0,2023-04-10/2023-04-16
lady gaga,1388730.0,3,47,140.30088495575222,144.0,0,1,2023-04-17/2023-04-23
lady gaga,1251858.0,3,54,143.27272727272728,153.0,0,0,2023-04-24/2023-04-30
lady gaga,1012022.0,5,59,139.73170731707316,143.5,0,0,2023-05-01/2023-05-07
lady gaga,966970.0,3,65,141.68,139.0,0,0,2023-05-08/2023-05-14
lady gaga,947440.0,3,69,144.81428571428572,153.5,0,0,2023-05-15/2023-05-21
lady gaga,881991.0,3,78,144.5076923076923,148.0,0,0,2023-05-22/2023-05-28
lady gaga,726177.0,4,82,146.50980392156862,153.0,0,0,2023-05-29/2023-06-04
lady gaga,593392.0,2,85,154.2608695652174,165.0,0,0,2023-06-05/2023-06-11
lady gaga,644311.0,2,72,151.02083333333334,164.0,0,0,2023-06-12/2023-06-18
lady gaga,679293.0,2,82,160.28571428571428,171.0,0,0,2023-06-19/2023-06-25
lady gaga,685429.0,2,90,157.72340425531914,161.0,0,0,2023-06-26/2023-07-02
lady gaga,656938.0,2,91,159.27272727272728,169.5,0,0,2023-07-03/2023-07-09
lady gaga,591454.0,1,87,150.48648648648648,156.0,0,0,2023-07-10/2023-07-16
lady gaga,646592.0,1,76,156.975,168.5,0,0,2023-07-17/2023-07-23
lady gaga,539752.0,1,82,157.57894736842104,165.5,0,0,2023-07-24/2023-07-30
lady gaga,460631.0,1,75,147.37142857142857,158.0,0,0,2023-07-31/2023-08-06
lady gaga,567935.0,1,75,151.025,154.5,0,0,2023-08-07/2023-08-13
lady gaga,621625.0,1,82,154.48717948717947,164.0,0,0,2023-08-14/2023-08-20
lady gaga,390746.0,1,94,167.21212121212122,182.0,0,0,2023-08-21/2023-08-27
lady gaga,393817.0,1,88,159.6969696969697,173.0,0,0,2023-08-28/2023-09-03
lady gaga,247354.0,1,97,164.66666666666666,186.5,0,0,2023-09-04/2023-09-10
lady gaga,306705.0,1,102,160.89285714285714,178.5,0,0,2023-09-11/2023-09-17
lady gaga,383339.0,1,98,161.09677419354838,178.0,0,0,2023-09-18/2023-09-24
lady gaga,785560.0,3,73,156.35294117647058,161.0,0,0,2023-09-25/2023-10-01
lady gaga,486256.0,1,78,147.75675675675674,155.0,0,0,2023-10-02/2023-10-08
lady gaga,457042.0,2,67,149.43243243243242,168.0,0,0,2023-10-09/2023-10-15
lady gaga,632769.0,3,37,136.0487804878049,144.0,0,1,2023-10-16/2023-10-22
lady gaga,672250.0,6,58,140.48936170212767,147.0,0,0,2023-10-23/2023-10-29
lady gaga,3837953.0,5,31,133.5142857142857,150.0,0,1,2023-10-30/2023-11-05
lady gaga,647511.0,3,51,141.85185185185185,155.5,0,0,2023-11-06/2023-11-12
lady gaga,518248.0,2,54,138.0,159.5,0,0,2023-11-13/2023-11-19
lady gaga,495562.0,2,59,148.5,174.0,0,0,2023-11-20/2023-11-26
lady gaga,493832.0,2,68,157.28125,179.0,0,0,2023-11-27/2023-12-03
lady gaga,659983.0,2,84,157.6206896551724,177.0,0,0,2023-12-04/2023-12-10
lady gaga,372155.0,2,81,158.20833333333334,180.5,0,0,2023-12-11/2023-12-17
lady gaga,147126.0,3,100,158.9375,179.0,0,0,2023-12-18/2023-12-24
lady gaga,3892491.0,5,27,137.4952380952381,142.0,0,1,2023-12-25/2023-12-31
lady gaga,3097057.0,5,49,147.40151515151516,160.0,0,1,2024-01-01/2024-01-07
lady gaga,1223736.0,5,61,154.0,161.0,0,0,2024-01-08/2024-01-14
lady gaga,1239711.0,5,57,159.30357142857142,166.0,0,0,2024-01-15/2024-01-21
lady gaga,1345947.0,5,65,164.18584070796462,177.0,0,0,2024-01-22/2024-01-28
lady gaga,1415373.0,5,56,156.08695652173913,169.5,0,0,2024-01-29/2024-02-04
lady gaga,1040548.0,4,64,155.88888888888889,173.0,0,0,2024-02-05/2024-02-11
lady gaga,793821.0,4,55,148.44,156.0,0,0,2024-02-12/2024-02-18
lady gaga,740915.0,4,57,153.96610169491527,172.0,0,0,2024-02-19/2024-02-25
lady gaga,663458.0,4,63,157.44,169.0,0,0,2024-02-26/2024-03-03
lady gaga,547685.0,3,65,158.72131147540983,164.0,0,0,2024-03-04/2024-03-10
lady gaga,723705.0,4,76,161.6103896103896,166.0,0,0,2024-03-11/2024-03-17
lady gaga,620903.0,4,74,162.95238095238096,173.0,0,0,2024-03-18/2024-03-24
lady gaga,635155.0,4,75,160.5,173.0,0,0,2024-03-25/2024-03-31
lady gaga,453408.0,3,81,164.74285714285713,182.0,0,0,2024-04-01/2024-04-07
lady gaga,458632.0,3,92,168.11764705882354,184.0,0,0,2024-04-08/2024-04-14
lady gaga,420434.0,2,99,155.45833333333334,161.5,0,0,2024-04-15/2024-04-21
lady gaga,206956.0,1,112,152.84615384615384,147.0,0,0,2024-04-22/2024-04-28
lady gaga,260270.0,1,101,153.23529411764707,166.0,0,0,2024-04-29/2024-05-05
lady gaga,119214.0,1,125,145.11111111111111,135.0,0,0,2024-05-06/2024-05-12
lady gaga,117006.0,3,129,158.75,155.0,0,0,2024-05-13/2024-05-19
lady gaga,199873.0,3,95,153.6086956521739,154.0,0,0,2024-05-20/2024-05-26
lady gaga,372657.0,3,65,145.38235294117646,171.0,0,0,2024-05-27/2024-06-02
lady gaga,238475.0,3,63,146.33333333333334,166.5,0,0,2024-06-03/2024-06-09
lady gaga,211785.0,3,66,141.41379310344828,162.0,0,0,2024-06-10/2024-06-16
lady gaga,196041.0,3,64,136.28571428571428,146.0,0,0,2024-06-17/2024-06-23
lady gaga,206947.0,3,57,140.32258064516128,154.0,0,0,2024-06-24/2024-06-30
lady gaga,216970.0,3,55,134.4375,150.5,0,0,2024-07-01/2024-07-07
lady gaga,214938.0,3,48,128.625,138.5,0,1,2024-07-08/2024-07-14
lady gaga,230297.0,3,56,139.54285714285714,155.0,0,0,2024-07-15/2024-07-21
lady gaga,207954.0,3,75,137.58620689655172,141.0,0,0,2024-07-22/2024-07-28
lady gaga,191111.0,3,70,129.1153846153846,136.5,0,0,2024-07-29/2024-08-04
lady gaga,282611.0,4,74,148.85714285714286,155.0,0,0,2024-08-05/2024-08-11
lady gaga,25881178.0,4,2,83.2390243902439,73.0,1,1,2024-08-12/2024-08-18
lady gaga,107666628.0,5,1,48.553606237816766,28.0,1,2,2024-08-19/2024-08-25
lady gaga,132924344.0,5,1,38.567251461988306,18.0,1,1,2024-08-26/2024-09-01
lady gaga,145852792.0,5,1,36.645792563600786,17.0,1,2,2024-09-02/2024-09-08
lady gaga,148866502.0,5,1,38.58348968105066,16.0,1,1,2024-09-09/2024-09-15
lady gaga,153666047.0,5,1,42.604609929078016,16.0,1,2,2024-09-16/2024-09-22
lady gaga,156604862.0,6,1,42.441226575809196,13.0,1,2,2024-09-23/2024-09-29
lady gaga,152822997.0,6,1,45.97701149425287,14.0,1,2,2024-09-30/2024-10-06
lady gaga,144416365.0,6,1,48.88187702265372,16.0,1,1,2024-10-07/2024-10-13
lady gaga,143089860.0,6,1,46.74376039933444,16.0,1,1,2024-10-14/2024-10-20
lady gaga,170902828.0,7,1,48.79834254143646,21.0,2,2,2024-10-21/2024-10-27
lady gaga,180942634.0,8,1,61.90397350993378,39.0,1,3,2024-10-28/2024-11-03
lady gaga,165456414.0,7,1,54.6987012987013,27.0,1,2,2024-11-04/2024-11-10
lady gaga,153964062.0,7,1,47.532233883058474,19.0,1,2,2024-11-11/2024-11-17
lady gaga,137928148.0,5,1,42.130578512396696,19.0,1,1,2024-11-18/2024-11-24
lady gaga,131963565.0,5,1,36.13774597495528,16.0,1,1,2024-11-25/2024-12-01
lady gaga,129892972.0,5,1,34.30483271375465,19.0,1,1,2024-12-02/2024-12-08
lady gaga,134368567.0,5,1,35.14076782449726,17.0,1,1,2024-12-09/2024-12-15
lady gaga,136686539.0,5,1,33.00555555555555,17.0,1,1,2024-12-16/2024-12-22
lady gaga,130333599.0,8,1,44.012259194395796,20.0,1,1,2024-12-23/2024-12-29
lady gaga,141861150.0,8,1,54.73638968481375,18.0,1,2,2024-12-30/2025-01-05
lady gaga,144454706.0,7,1,51.97081413210446,20.0,1,1,2025-01-06/2025-01-12
lady gaga,142766697.0,7,1,56.92576419213974,26.0,1,1,2025-01-13/2025-01-19
lady gaga,140290058.0,7,1,56.43338213762811,25.0,1,1,2025-01-20/2025-01-26
lady gaga,134438026.0,7,1,56.17052023121387,23.0,1,1,2025-01-27/2025-02-02
lady gaga,245340432.0,8,1,56.68881685575364,25.0,2,3,2025-02-03/2025-02-09
lady gaga,222570163.0,8,1,58.293739967897274,27.0,2,3,2025-02-10/2025-02-16
lady gaga,188246285.0,8,1,58.19858781994704,28.0,2,2,2025-02-17/2025-02-23
lady gaga,173217135.0,8,1,59.56290174471992,30.0,2,2,2025-02-24/2025-03-02
lady gaga,281818700.0,22,1,75.45326278659611,60.0,5,13,2025-03-03/2025-03-09
lady gaga,249159134.0,17,1,81.78127046496398,65.0,2,4,2025-03-10/2025-03-16
lady gaga,154245351.0,11,1,66.53890489913545,41.0,2,3,2025-03-17/2025-03-23
lady gaga,135452950.0,9,1,62.90277777777778,37.0,2,2,2025-03-24/2025-03-30
lady gaga,127768720.0,7,1,63.863436123348016,36.0,2,2,2025-03-31/2025-04-06
lady gaga,131197268.0,8,1,70.08879492600423,44.0,2,2,2025-04-07/2025-04-13
lady gaga,170789950.0,10,1,80.92649310872895,73.0,2,2,2025-04-14/2025-04-20
lady gaga,162739073.0,9,1,81.35685963521016,71.0,2,2,2025-04-21/2025-04-27
lady gaga,175020663.0,16,1,83.5900826446281,69.5,2,5,2025-04-28/2025-05-04
lady gaga,230405573.0,17,1,89.91358024691358,86.0,4,10,2025-05-05/2025-05-11
lady gaga,165519498.0,23,2,87.00158478605388,75.5,3,15,2025-05-12/2025-05-18
lady gaga,151018129.0,24,2,86.52543720190779,71.0,5,23,2025-05-19/2025-05-25
lady gaga,131689752.0,23,3,90.59352517985612,80.0,2,11,2025-05-26/2025-06-01
lady gaga,110711981.0,12,2,91.96273291925466,85.0,1,6,2025-06-02/2025-06-08
lady gaga,95343524.0,12,4,93.38506417736289,86.0,1,2,2025-06-09/2025-06-15
lady gaga,91029577.0,9,4,97.12636695018226,92.0,1,2,2025-06-16/2025-06-22
lady gaga,85342184.0,7,4,97.25487646293888,92.0,1,2,2025-06-23/2025-06-29
lady gaga,77811751.0,7,4,100.82172701949861,96.0,1,2,2025-06-30/2025-07-06
lady gaga,74401396.0,7,7,105.27883211678832,100.0,1,2,2025-07-07/2025-07-13
lady gaga,72263151.0,7,9,106.6783004552352,102.0,1,1,2025-07-14/2025-07-20
lady gaga,66950594.0,7,11,109.50565428109854,108.0,0,1,2025-07-21/2025-07-27
lady gaga,72804866.0,7,8,106.86526946107784,105.5,1,1,2025-07-28/2025-08-03
lady gaga,72734086.0,7,8,108.30701754385964,102.0,1,1,2025-08-04/2025-08-10
lady gaga,72061212.0,7,8,114.28969359331477,116.0,1,1,2025-08-11/2025-08-17
lady gaga,70398876.0,7,8,114.64080459770115,117.0,1,1,2025-08-18/2025-08-24
lady gaga,65560461.0,7,7,118.095952023988,124.0,1,1,2025-08-25/2025-08-31
lady gaga,78390907.0,9,10,113.47594278283485,117.0,1,3,2025-09-01/2025-09-07
lady gaga,99496645.0,8,8,101.36489361702128,95.0,2,2,2025-09-08/2025-09-14
lady gaga,86576765.0,8,8,111.46495327102804,111.5,1,2,2025-09-15/2025-09-21
lady gaga,72752665.0,8,7,112.54761904761905,111.0,1,2,2025-09-22/2025-09-28
lady gaga,71981632.0,8,7,115.93679775280899,115.5,1,2,2025-09-29/2025-10-05
lady gaga,66449302.0,8,14,118.32272727272728,117.5,0,1,2025-10-06/2025-10-12
lady gaga,68297863.0,9,11,114.5970802919708,117.0,0,2,2025-10-13/2025-10-19
lady gaga,66117411.0,8,8,115.90579710144928,118.0,1,2,2025-10-20/2025-10-26
lady gaga,93159958.0,9,7,115.96551724137932,119.0,1,4,2025-10-27/2025-11-02
lady gaga,65494000.0,8,7,116.10029069767442,118.0,1,2,2025-11-03/2025-11-09
lady gaga,59073127.0,8,10,116.02922077922078,118.0,1,2,2025-11-10/2025-11-16
lady gaga,57066093.0,8,8,117.62735042735042,121.0,1,1,2025-11-17/2025-11-23
lady gaga,50087466.0,7,10,118.96328293736501,126.0,1,1,2025-11-24/2025-11-30
lady gaga,47523142.0,8,13,115.31435079726651,122.0,0,1,2025-12-01/2025-12-07
lady gaga,48205321.0,10,17,116.95226730310263,125.0,0,1,2025-12-08/2025-12-14
lady gaga,39024638.0,8,18,119.26807228915662,126.0,0,1,2025-12-15/2025-12-21
lady gaga,37317443.0,8,11,121.24159021406727,126.0,0,1,2025-12-22/2025-12-28
lady gaga,57483238.0,9,11,115.41909385113269,120.0,0,3,2025-12-29/2026-01-04
lady gaga,48407963.0,8,9,115.29580152671755,121.0,1,1,2026-01-05/2026-01-11
lady gaga,53516806.0,7,8,105.38206627680312,110.0,1,1,2026-01-12/2026-01-18
lady gaga,49277005.0,8,13,115.42629482071713,124.0,0,1,2026-01-19/2026-01-25
lady gaga,50311095.0,7,15,119.49899799599199,128.0,0,1,2026-01-26/2026-02-01
lady gaga,52176977.0,8,15,119.59590316573556,127.0,0,1,2026-02-02/2026-02-08
lady gaga,55691849.0,8,17,117.23170731707317,123.0,0,1,2026-02-09/2026-02-15
lady gaga,48342854.0,6,16,121.06889763779527,129.0,0,1,2026-02-16/2026-02-22
lady gaga,47908286.0,7,18,124.66945606694561,136.0,0,1,2026-02-23/2026-03-01
lady gaga,47819577.0,5,17,127.48008849557522,137.0,0,1,2026-03-02/2026-03-08
lady gaga,46548402.0,5,17,128.07638888888889,137.0,0,1,2026-03-09/2026-03-15
lady gaga,45107353.0,6,18,128.541567695962,136.0,0,1,2026-03-16/2026-03-22
lady gaga,42798615.0,5,18,131.75925925925927,137.0,0,1,2026-03-23/2026-03-29
lady gaga,40328481.0,6,25,130.85558583106268,132.0,0,1,2026-03-30/2026-04-05
lady gaga,45900679.0,7,20,129.1958224543081,136.0,0,2,2026-04-06/2026-04-12
lady gaga,34060503.0,6,24,136.28615384615384,143.0,0,1,2026-04-13/2026-04-19
lady gaga,30462711.0,4,29,135.40501792114696,143.0,0,1,2026-04-20/2026-04-26
lady gaga,41104953.0,6,18,129.92708333333334,133.0,0,1,2026-04-27/2026-05-03
lady gaga,45431809.0,6,15,129.79591836734693,135.0,0,1,2026-05-04/2026-05-10
lady gaga,42341986.0,5,14,129.18037135278516,135.0,0,1,2026-05-11/2026-05-17
lady gaga,31225303.0,5,13,133.63066202090593,144.0,0,1,2026-05-18/2026-05-24
lady gaga,16329468.0,5,22,136.49285714285713,146.0,0,1,2026-05-25/2026-05-31
michael jackson,1149284.0,3,43,118.47368421052632,103.0,0,1,2016-12-26/2017-01-01
michael jackson,42008.0,1,67,120.45454545454545,100.0,0,0,2017-01-02/2017-01-08
michael jackson,19365.0,1,182,188.5,188.5,0,0,2017-01-09/2017-01-15
michael jackson,14821.0,1,199,199.0,199.0,0,0,2017-01-16/2017-01-22
michael jackson,10221.0,1,180,186.5,186.5,0,0,2017-01-23/2017-01-29
michael jackson,15056.0,1,159,178.4,178.0,0,0,2017-02-06/2017-02-12
michael jackson,52852.0,2,176,189.8,192.0,0,0,2017-02-13/2017-02-19
michael jackson,7152.0,1,181,185.0,185.0,0,0,2017-02-20/2017-02-26
michael jackson,2953.0,1,189,189.0,189.0,0,0,2017-02-27/2017-03-05
michael jackson,2955.0,1,191,191.0,191.0,0,0,2017-03-06/2017-03-12
michael jackson,3026.0,1,196,196.0,196.0,0,0,2017-03-13/2017-03-19
michael jackson,66070.0,1,113,119.0,119.0,0,0,2017-03-27/2017-04-02
michael jackson,3250.0,1,168,168.0,168.0,0,0,2017-04-10/2017-04-16
michael jackson,11287.0,1,173,186.25,188.5,0,0,2017-04-17/2017-04-23
michael jackson,50703.0,1,154,161.5,161.5,0,0,2017-07-17/2017-07-23
michael jackson,49357.0,1,152,164.5,164.5,0,0,2017-07-24/2017-07-30
michael jackson,2901.0,1,194,194.0,194.0,0,0,2017-07-31/2017-08-06
michael jackson,2922.0,1,198,198.0,198.0,0,0,2017-08-07/2017-08-13
michael jackson,2965.0,1,190,190.0,190.0,0,0,2017-08-14/2017-08-20
michael jackson,5846.0,1,128,147.66666666666666,137.0,0,0,2017-08-21/2017-08-27
michael jackson,23507.0,1,181,181.5,181.5,0,0,2017-08-28/2017-09-03
michael jackson,49635.0,2,121,149.0,147.0,0,0,2017-09-04/2017-09-10
michael jackson,52155.0,2,138,164.66666666666666,166.0,0,0,2017-09-11/2017-09-17
michael jackson,14233.0,2,135,163.8,158.0,0,0,2017-09-25/2017-10-01
michael jackson,3507.0,1,185,185.0,185.0,0,0,2017-10-09/2017-10-15
michael jackson,3664.0,1,177,177.0,177.0,0,0,2017-10-16/2017-10-22
michael jackson,2116578.0,2,50,121.94444444444444,118.0,0,1,2017-10-23/2017-10-29
michael jackson,4442042.0,4,13,131.6216216216216,150.0,0,1,2017-10-30/2017-11-05
michael jackson,29781.0,1,120,162.33333333333334,161.5,0,0,2017-11-06/2017-11-12
michael jackson,32056.0,1,123,160.33333333333334,169.0,0,0,2017-11-13/2017-11-19
michael jackson,34662.0,1,153,173.14285714285714,176.0,0,0,2017-11-20/2017-11-26
michael jackson,7444.0,1,173,182.75,181.0,0,0,2017-11-27/2017-12-03
michael jackson,507283.0,2,80,127.66666666666667,125.5,0,0,2017-12-18/2017-12-24
michael jackson,4335849.0,9,6,116.21951219512195,133.0,1,3,2017-12-25/2017-12-31
michael jackson,2493299.0,5,21,121.71666666666667,120.0,0,1,2018-01-01/2018-01-07
michael jackson,120401.0,1,127,166.91666666666666,171.0,0,0,2018-01-08/2018-01-14
michael jackson,101270.0,1,142,173.4,178.0,0,0,2018-01-15/2018-01-21
michael jackson,96964.0,1,139,175.55555555555554,180.0,0,0,2018-01-22/2018-01-28
michael jackson,126901.0,1,99,161.0,159.0,0,0,2018-01-29/2018-02-04
michael jackson,192557.0,1,129,172.06666666666666,178.0,0,0,2018-02-05/2018-02-11
michael jackson,179660.0,1,123,175.9,180.5,0,0,2018-02-12/2018-02-18
michael jackson,136651.0,1,146,175.1818181818182,178.0,0,0,2018-02-19/2018-02-25
michael jackson,109822.0,1,132,166.8181818181818,161.0,0,0,2018-02-26/2018-03-04
michael jackson,121236.0,1,141,176.64285714285714,184.0,0,0,2018-03-05/2018-03-11
michael jackson,122905.0,1,122,176.41666666666666,181.5,0,0,2018-03-12/2018-03-18
michael jackson,125394.0,1,149,176.27272727272728,183.0,0,0,2018-03-19/2018-03-25
michael jackson,293792.0,2,137,172.38095238095238,180.0,0,0,2018-03-26/2018-04-01
michael jackson,131638.0,1,128,166.28571428571428,167.5,0,0,2018-04-02/2018-04-08
michael jackson,135501.0,1,116,162.63636363636363,155.0,0,0,2018-04-09/2018-04-15
michael jackson,14615.0,1,159,187.25,196.0,0,0,2018-04-16/2018-04-22
michael jackson,4755.0,1,159,159.0,159.0,0,0,2018-04-23/2018-04-29
michael jackson,35222.0,1,157,171.33333333333334,160.0,0,0,2018-04-30/2018-05-06
michael jackson,4438.0,1,175,175.0,175.0,0,0,2018-05-07/2018-05-13
michael jackson,10157.0,1,171,178.33333333333334,175.0,0,0,2018-05-14/2018-05-20
michael jackson,6402.0,1,173,179.0,179.0,0,0,2018-05-21/2018-05-27
michael jackson,6009.0,1,181,182.0,182.0,0,0,2018-05-28/2018-06-03
michael jackson,12762.0,1,132,163.0,160.0,0,0,2018-06-04/2018-06-10
michael jackson,53372.0,1,184,191.33333333333334,193.0,0,0,2018-06-11/2018-06-17
michael jackson,1198.0,1,198,198.0,198.0,0,0,2018-06-18/2018-06-24
michael jackson,39684280.0,1,1,19.163841807909606,8.0,1,1,2018-06-25/2018-07-01
michael jackson,72927460.0,2,1,21.55072463768116,6.0,1,1,2018-07-02/2018-07-08
michael jackson,64846028.0,2,1,24.533816425120772,9.0,1,1,2018-07-09/2018-07-15
michael jackson,49127729.0,3,2,39.06888361045131,16.0,2,2,2018-07-16/2018-07-22
michael jackson,36848370.0,2,3,51.043795620437955,26.0,1,1,2018-07-23/2018-07-29
michael jackson,29480789.0,2,4,69.5493670886076,43.0,1,1,2018-07-30/2018-08-05
michael jackson,21750697.0,2,9,76.30379746835443,50.0,1,1,2018-08-06/2018-08-12
michael jackson,16642577.0,2,18,73.64049586776859,60.5,0,1,2018-08-13/2018-08-19
michael jackson,13888277.0,2,26,82.31308411214954,71.0,0,1,2018-08-20/2018-08-26
michael jackson,15795143.0,3,28,95.66804979253112,82.0,0,1,2018-08-27/2018-09-02
michael jackson,10954933.0,2,33,103.17486338797814,96.0,0,1,2018-09-03/2018-09-09
michael jackson,9768227.0,2,32,111.40522875816994,110.0,0,1,2018-09-10/2018-09-16
michael jackson,8584664.0,2,35,115.675,111.5,0,1,2018-09-17/2018-09-23
michael jackson,7164596.0,1,42,123.8921568627451,116.5,0,1,2018-09-24/2018-09-30
michael jackson,5914666.0,1,50,134.31764705882352,135.0,0,1,2018-10-01/2018-10-07
michael jackson,4963147.0,1,54,132.7051282051282,130.0,0,0,2018-10-08/2018-10-14
michael jackson,4257982.0,1,52,136.70422535211267,129.0,0,0,2018-10-15/2018-10-21
michael jackson,2921679.0,2,52,140.62121212121212,145.5,0,0,2018-10-22/2018-10-28
michael jackson,7854156.0,5,6,132.0561797752809,142.0,1,1,2018-10-29/2018-11-04
michael jackson,583031.0,1,79,165.94871794871796,175.0,0,0,2018-11-05/2018-11-11
michael jackson,460441.0,1,64,161.64705882352942,169.5,0,0,2018-11-12/2018-11-18
michael jackson,253380.0,2,92,157.76,166.0,0,0,2018-11-19/2018-11-25
michael jackson,141885.0,1,108,164.26315789473685,175.0,0,0,2018-11-26/2018-12-02
michael jackson,34137.0,1,142,169.0909090909091,167.0,0,0,2018-12-03/2018-12-09
michael jackson,37947.0,1,149,176.85714285714286,180.0,0,0,2018-12-10/2018-12-16
michael jackson,10027.0,2,162,176.33333333333334,183.0,0,0,2018-12-17/2018-12-23
michael jackson,720724.0,4,76,153.0,173.5,0,0,2018-12-24/2018-12-30
michael jackson,3645626.0,5,9,117.10144927536231,122.0,1,1,2018-12-31/2019-01-06
michael jackson,238562.0,2,122,185.0,192.5,0,0,2019-01-07/2019-01-13
michael jackson,3484.0,1,130,154.0,158.0,0,0,2019-01-14/2019-01-20
michael jackson,24951.0,1,111,140.25,138.5,0,0,2019-01-21/2019-01-27
michael jackson,9360.0,2,168,181.25,181.0,0,0,2019-03-04/2019-03-10
michael jackson,18739.0,1,161,180.5,180.5,0,0,2019-03-11/2019-03-17
michael jackson,21043.0,1,185,190.25,189.5,0,0,2019-03-18/2019-03-24
michael jackson,3568.0,1,138,146.0,146.0,0,0,2019-08-19/2019-08-25
michael jackson,3494.0,1,96,103.5,103.5,0,0,2019-10-21/2019-10-27
michael jackson,4294192.0,2,15,101.05555555555556,106.5,0,1,2019-10-28/2019-11-03
michael jackson,381230.0,2,72,117.16666666666667,99.5,0,0,2019-12-23/2019-12-29
michael jackson,122909.0,1,61,131.9090909090909,138.0,0,0,2019-12-30/2020-01-05
michael jackson,6520.0,1,176,176.0,176.0,0,0,2020-06-22/2020-06-28
michael jackson,6449.0,1,198,198.0,198.0,0,0,2020-06-29/2020-07-05
michael jackson,4642.0,1,107,129.0,129.0,0,0,2020-08-24/2020-08-30
michael jackson,6984.0,1,107,107.0,107.0,0,0,2020-10-19/2020-10-25
michael jackson,8914002.0,3,5,88.54761904761905,83.0,1,1,2020-10-26/2020-11-01
michael jackson,6584.0,1,193,193.0,193.0,0,0,2020-11-02/2020-11-08
michael jackson,7997.0,1,190,190.0,190.0,0,0,2020-11-23/2020-11-29
michael jackson,8292.0,1,195,195.0,195.0,0,0,2020-11-30/2020-12-06
michael jackson,351637.0,3,139,181.83333333333334,189.0,0,0,2020-12-21/2020-12-27
michael jackson,2331128.0,2,79,163.70967741935485,177.0,0,0,2020-12-28/2021-01-03
michael jackson,71129.0,1,157,177.2,172.0,0,0,2021-01-04/2021-01-10
michael jackson,52287.0,1,154,175.0,179.0,0,0,2021-01-11/2021-01-17
michael jackson,45917.0,1,156,169.75,166.5,0,0,2021-01-18/2021-01-24
michael jackson,71823.0,1,138,175.5,181.0,0,0,2021-01-25/2021-01-31
michael jackson,115610.0,1,144,172.875,174.5,0,0,2021-02-01/2021-02-07
michael jackson,87157.0,1,137,173.625,179.5,0,0,2021-02-08/2021-02-14
michael jackson,2865965.0,1,95,153.39473684210526,156.5,0,0,2021-02-15/2021-02-21
michael jackson,2113734.0,1,98,158.27027027027026,162.0,0,0,2021-02-22/2021-02-28
michael jackson,1258754.0,1,124,161.03571428571428,162.0,0,0,2021-03-01/2021-03-07
michael jackson,372106.0,1,121,167.1904761904762,168.0,0,0,2021-03-08/2021-03-14
michael jackson,258858.0,1,145,176.5,179.5,0,0,2021-03-15/2021-03-21
michael jackson,281353.0,1,126,176.52941176470588,184.0,0,0,2021-03-22/2021-03-28
michael jackson,1806155.0,1,125,167.91666666666666,168.0,0,0,2021-03-29/2021-04-04
michael jackson,233331.0,1,132,168.0,169.0,0,0,2021-04-05/2021-04-11
michael jackson,1015775.0,1,121,166.25,168.0,0,0,2021-04-12/2021-04-18
michael jackson,1013457.0,1,118,166.57894736842104,165.0,0,0,2021-04-19/2021-04-25
michael jackson,349097.0,1,140,173.0,175.0,0,0,2021-04-26/2021-05-02
michael jackson,272847.0,1,136,172.14285714285714,174.0,0,0,2021-05-03/2021-05-09
michael jackson,223922.0,1,146,172.84615384615384,172.0,0,0,2021-05-10/2021-05-16
michael jackson,136030.0,1,157,179.25,184.0,0,0,2021-05-17/2021-05-23
michael jackson,235564.0,1,143,163.0,157.5,0,0,2021-05-24/2021-05-30
michael jackson,201822.0,1,125,171.1,180.5,0,0,2021-05-31/2021-06-06
michael jackson,98814.0,1,155,175.83333333333334,176.5,0,0,2021-06-07/2021-06-13
michael jackson,82721.0,1,165,183.2,181.0,0,0,2021-06-14/2021-06-20
michael jackson,36068.0,1,137,181.2,188.0,0,0,2021-06-21/2021-06-27
michael jackson,82219.0,1,132,177.375,186.0,0,0,2021-06-28/2021-07-04
michael jackson,154530.0,1,131,174.72727272727272,178.0,0,0,2021-07-05/2021-07-11
michael jackson,48838.0,1,165,178.57142857142858,177.0,0,0,2021-07-12/2021-07-18
michael jackson,159411.0,1,136,180.16666666666666,189.5,0,0,2021-07-19/2021-07-25
michael jackson,66726.0,1,168,186.625,187.0,0,0,2021-07-26/2021-08-01
michael jackson,70896.0,1,144,171.33333333333334,177.5,0,0,2021-08-02/2021-08-08
michael jackson,940424.0,1,139,182.5,186.5,0,0,2021-08-09/2021-08-15
michael jackson,88830.0,1,126,168.33333333333334,174.0,0,0,2021-08-16/2021-08-22
michael jackson,256321.0,1,111,169.8125,180.5,0,0,2021-08-23/2021-08-29
michael jackson,75952.0,1,174,188.25,190.5,0,0,2021-08-30/2021-09-05
michael jackson,83233.0,1,138,172.2,182.0,0,0,2021-09-06/2021-09-12
michael jackson,93522.0,1,147,175.33333333333334,177.0,0,0,2021-09-13/2021-09-19
michael jackson,234293.0,1,131,178.08333333333334,186.0,0,0,2021-09-20/2021-09-26
michael jackson,167192.0,1,149,175.125,182.0,0,0,2021-09-27/2021-10-03
michael jackson,160814.0,1,149,182.0,189.5,0,0,2021-10-04/2021-10-10
michael jackson,137079.0,1,151,183.0,188.0,0,0,2021-10-11/2021-10-17
michael jackson,1461450.0,2,69,161.44444444444446,167.5,0,0,2021-10-18/2021-10-24
michael jackson,14471254.0,5,2,114.66666666666667,111.5,1,2,2021-10-25/2021-10-31
michael jackson,2677111.0,3,21,143.2,172.0,0,1,2021-11-01/2021-11-07
michael jackson,21863.0,1,174,177.66666666666666,179.0,0,0,2021-11-08/2021-11-14
michael jackson,7926.0,1,198,198.0,198.0,0,0,2021-11-15/2021-11-21
michael jackson,2678827.0,2,75,144.6153846153846,146.0,0,0,2021-12-27/2022-01-02
michael jackson,40090.0,1,170,187.0,191.0,0,0,2022-01-03/2022-01-09
michael jackson,20975.0,1,181,187.0,184.0,0,0,2022-01-10/2022-01-16
michael jackson,117364.0,1,141,178.85714285714286,189.0,0,0,2022-01-17/2022-01-23
michael jackson,34122.0,1,146,178.0,186.0,0,0,2022-01-24/2022-01-30
michael jackson,15571.0,1,168,174.0,174.0,0,0,2022-01-31/2022-02-06
michael jackson,22541.0,1,169,183.0,184.0,0,0,2022-02-07/2022-02-13
michael jackson,27497.0,1,152,174.5,174.0,0,0,2022-02-14/2022-02-20
michael jackson,39881.0,1,155,175.33333333333334,178.5,0,0,2022-02-21/2022-02-27
michael jackson,19640.0,1,182,187.33333333333334,184.0,0,0,2022-02-28/2022-03-06
michael jackson,14659.0,1,168,176.5,176.5,0,0,2022-03-07/2022-03-13
michael jackson,14771.0,1,174,185.5,185.5,0,0,2022-03-14/2022-03-20
michael jackson,14821.0,1,183,185.0,185.0,0,0,2022-03-21/2022-03-27
michael jackson,49836.0,1,161,182.2,191.0,0,0,2022-03-28/2022-04-03
michael jackson,42690.0,1,156,176.0,177.5,0,0,2022-04-04/2022-04-10
michael jackson,32537.0,1,156,169.6,170.0,0,0,2022-04-11/2022-04-17
michael jackson,18670.0,1,181,187.33333333333334,183.0,0,0,2022-04-18/2022-04-24
michael jackson,14691.0,1,181,186.0,186.0,0,0,2022-04-25/2022-05-01
michael jackson,14812.0,1,197,197.0,197.0,0,0,2022-05-02/2022-05-08
michael jackson,9039.0,1,200,200.0,200.0,0,0,2022-05-30/2022-06-05
michael jackson,13918.0,1,177,182.0,182.0,0,0,2022-06-20/2022-06-26
michael jackson,5711.0,1,190,190.0,190.0,0,0,2022-06-27/2022-07-03
michael jackson,35392.0,1,185,191.5,191.5,0,0,2022-07-04/2022-07-10
michael jackson,6964.0,1,200,200.0,200.0,0,0,2022-07-11/2022-07-17
michael jackson,115399.0,2,137,184.14285714285714,193.0,0,0,2022-07-18/2022-07-24
michael jackson,49844.0,2,177,187.0,187.5,0,0,2022-07-25/2022-07-31
michael jackson,93987.0,1,181,192.66666666666666,197.0,0,0,2022-08-01/2022-08-07
michael jackson,110954.0,1,172,183.8,183.0,0,0,2022-08-08/2022-08-14
michael jackson,99980.0,1,176,189.5,191.0,0,0,2022-08-15/2022-08-21
michael jackson,28922.0,1,91,156.6,167.0,0,0,2022-08-22/2022-08-28
michael jackson,19551.0,1,187,190.33333333333334,189.0,0,0,2022-08-29/2022-09-04
michael jackson,105683.0,1,161,186.0,192.5,0,0,2022-09-05/2022-09-11
michael jackson,129701.0,1,165,183.2,186.0,0,0,2022-09-12/2022-09-18
michael jackson,148289.0,1,161,184.0,190.5,0,0,2022-09-19/2022-09-25
michael jackson,196575.0,1,146,181.57142857142858,182.0,0,0,2022-09-26/2022-10-02
michael jackson,153206.0,1,156,178.875,177.5,0,0,2022-10-03/2022-10-09
michael jackson,90983.0,1,165,185.66666666666666,189.0,0,0,2022-10-10/2022-10-16
michael jackson,27193.0,2,175,185.6,188.0,0,0,2022-10-17/2022-10-23
michael jackson,4811073.0,4,49,114.53333333333333,101.5,0,1,2022-10-24/2022-10-30
michael jackson,10435721.0,5,6,99.57142857142857,100.0,1,2,2022-10-31/2022-11-06
michael jackson,8310.0,1,197,197.0,197.0,0,0,2022-11-07/2022-11-13
michael jackson,49694.0,1,163,180.5,181.0,0,0,2022-11-14/2022-11-20
michael jackson,6624.0,1,192,196.33333333333334,197.0,0,0,2022-11-21/2022-11-27
michael jackson,23386.0,1,140,166.8,167.5,0,0,2022-11-28/2022-12-04
michael jackson,18148.0,1,148,160.0,156.0,0,0,2022-12-05/2022-12-11
michael jackson,15144.0,1,149,164.16666666666666,165.0,0,0,2022-12-12/2022-12-18
michael jackson,16683.0,1,164,172.85714285714286,174.0,0,0,2022-12-19/2022-12-25
michael jackson,3195152.0,3,67,149.05,159.0,0,0,2022-12-26/2023-01-01
michael jackson,20342.0,2,170,183.0,184.5,0,0,2023-01-02/2023-01-08
michael jackson,76334.0,2,133,177.5,188.0,0,0,2023-01-09/2023-01-15
michael jackson,67632.0,1,146,183.16666666666666,195.0,0,0,2023-01-16/2023-01-22
michael jackson,31282.0,1,150,180.0,186.0,0,0,2023-01-23/2023-01-29
michael jackson,74172.0,1,143,179.14285714285714,191.0,0,0,2023-01-30/2023-02-05
michael jackson,25447.0,1,156,179.66666666666666,185.0,0,0,2023-02-06/2023-02-12
michael jackson,18103.0,1,167,182.0,182.0,0,0,2023-02-13/2023-02-19
michael jackson,10119.0,1,168,168.0,168.0,0,0,2023-02-20/2023-02-26
michael jackson,9582.0,1,191,191.0,191.0,0,0,2023-02-27/2023-03-05
michael jackson,26339.0,1,165,182.66666666666666,188.0,0,0,2023-03-06/2023-03-12
michael jackson,27071.0,1,165,183.0,186.0,0,0,2023-03-13/2023-03-19
michael jackson,18007.0,1,167,182.0,182.0,0,0,2023-03-20/2023-03-26
michael jackson,489018.0,2,9,102.16666666666667,110.0,1,1,2023-03-27/2023-04-02
michael jackson,592530.0,2,16,93.1304347826087,54.0,0,1,2023-04-03/2023-04-09
michael jackson,591618.0,2,31,99.15,80.0,0,1,2023-04-10/2023-04-16
michael jackson,761242.0,2,63,118.26086956521739,110.0,0,0,2023-04-17/2023-04-23
michael jackson,785481.0,2,80,125.08333333333333,138.0,0,0,2023-04-24/2023-04-30
michael jackson,724310.0,2,97,134.4090909090909,123.0,0,0,2023-05-01/2023-05-07
michael jackson,751099.0,2,93,141.63636363636363,141.0,0,0,2023-05-08/2023-05-14
michael jackson,726873.0,2,76,135.10526315789474,151.0,0,0,2023-05-15/2023-05-21
michael jackson,653611.0,2,79,121.53846153846153,98.0,0,0,2023-05-22/2023-05-28
michael jackson,600204.0,2,81,101.625,94.0,0,0,2023-05-29/2023-06-04
michael jackson,624375.0,2,82,111.0,96.0,0,0,2023-06-05/2023-06-11
michael jackson,619291.0,1,69,85.14285714285714,83.0,0,0,2023-06-12/2023-06-18
michael jackson,695508.0,2,54,81.44444444444444,71.0,0,0,2023-06-19/2023-06-25
michael jackson,709087.0,2,63,93.33333333333333,70.0,0,0,2023-06-26/2023-07-02
michael jackson,704982.0,2,62,86.375,77.5,0,0,2023-07-03/2023-07-09
michael jackson,608386.0,2,80,117.7,104.0,0,0,2023-07-10/2023-07-16
michael jackson,535954.0,2,104,132.2,115.0,0,0,2023-07-17/2023-07-23
michael jackson,502851.0,2,106,132.5,127.5,0,0,2023-07-24/2023-07-30
michael jackson,450034.0,2,119,145.0,131.5,0,0,2023-07-31/2023-08-06
michael jackson,458747.0,2,105,128.0,120.0,0,0,2023-08-07/2023-08-13
michael jackson,246530.0,2,115,137.8,118.0,0,0,2023-08-14/2023-08-20
michael jackson,19451.0,1,110,151.0,160.0,0,0,2023-08-21/2023-08-27
michael jackson,9700.0,1,178,178.0,178.0,0,0,2023-08-28/2023-09-03
michael jackson,10140.0,1,182,182.0,182.0,0,0,2023-09-04/2023-09-10
michael jackson,9904.0,1,197,197.0,197.0,0,0,2023-09-11/2023-09-17
michael jackson,9571.0,1,196,196.0,196.0,0,0,2023-09-18/2023-09-24
michael jackson,10059.0,1,190,190.0,190.0,0,0,2023-09-25/2023-10-01
michael jackson,35544.0,1,185,192.0,192.0,0,0,2023-10-09/2023-10-15
michael jackson,52111.0,1,141,174.0,180.0,0,0,2023-10-16/2023-10-22
michael jackson,4863130.0,3,39,123.58064516129032,144.0,0,1,2023-10-23/2023-10-29
michael jackson,14175796.0,5,3,102.390625,99.5,1,2,2023-10-30/2023-11-05
michael jackson,63505.0,1,132,167.2,175.0,0,0,2023-11-06/2023-11-12
michael jackson,18597.0,1,165,169.0,169.0,0,0,2023-11-13/2023-11-19
michael jackson,10631.0,1,167,167.0,167.0,0,0,2023-11-20/2023-11-26
michael jackson,2134219.0,2,63,139.125,138.5,0,0,2023-12-25/2023-12-31
michael jackson,1261607.0,1,82,147.7,164.5,0,0,2024-01-01/2024-01-07
michael jackson,18894.0,1,181,185.0,185.0,0,0,2024-01-08/2024-01-14
michael jackson,19307.0,1,177,184.0,184.0,0,0,2024-01-15/2024-01-21
michael jackson,19671.0,1,192,195.0,195.0,0,0,2024-01-22/2024-01-28
michael jackson,47906.0,1,186,192.0,190.0,0,0,2024-01-29/2024-02-04
michael jackson,20679.0,1,181,184.5,184.5,0,0,2024-02-05/2024-02-11
michael jackson,51301.0,1,174,182.33333333333334,185.0,0,0,2024-02-12/2024-02-18
michael jackson,50535.0,1,173,183.66666666666666,187.0,0,0,2024-02-19/2024-02-25
michael jackson,1343965.0,1,136,173.22222222222223,183.0,0,0,2024-02-26/2024-03-03
michael jackson,1297814.0,1,136,170.4,175.0,0,0,2024-03-04/2024-03-10
michael jackson,49885.0,1,152,177.0,178.0,0,0,2024-03-11/2024-03-17
michael jackson,97596.0,1,160,177.66666666666666,177.5,0,0,2024-03-18/2024-03-24
michael jackson,87328.0,1,153,169.42857142857142,167.0,0,0,2024-03-25/2024-03-31
michael jackson,1387633.0,1,149,183.7,192.5,0,0,2024-04-01/2024-04-07
michael jackson,9132.0,1,197,197.0,197.0,0,0,2024-04-08/2024-04-14
michael jackson,21605.0,1,183,191.5,191.5,0,0,2024-04-22/2024-04-28
michael jackson,1421147.0,1,174,186.66666666666666,184.0,0,0,2024-05-06/2024-05-12
michael jackson,1240547.0,1,169,181.0,184.0,0,0,2024-05-13/2024-05-19
michael jackson,4286772.0,10,14,109.11111111111111,118.0,0,7,2024-05-20/2024-05-26
michael jackson,2472242.0,1,191,194.5,194.5,0,0,2024-05-27/2024-06-02
michael jackson,2383472.0,1,192,194.33333333333334,195.0,0,0,2024-06-17/2024-06-23
michael jackson,3776516.0,1,183,189.2,189.0,0,0,2024-06-24/2024-06-30
michael jackson,2531894.0,1,181,181.5,181.5,0,0,2024-07-01/2024-07-07
michael jackson,1284833.0,1,177,177.0,177.0,0,0,2024-07-22/2024-07-28
michael jackson,2513406.0,1,194,194.0,194.0,0,0,2024-08-05/2024-08-11
michael jackson,5102129.0,1,167,188.0,192.5,0,0,2024-08-12/2024-08-18
michael jackson,14972.0,1,94,124.0,95.0,0,0,2024-08-19/2024-08-25
michael jackson,1249773.0,1,197,197.0,197.0,0,0,2024-08-26/2024-09-01
michael jackson,9245.0,1,200,200.0,200.0,0,0,2024-09-02/2024-09-08
michael jackson,17034.0,1,179,181.0,181.0,0,0,2024-09-23/2024-09-29
michael jackson,1625575.0,1,140,179.0,182.5,0,0,2024-09-30/2024-10-06
michael jackson,6135020.0,1,101,157.21875,153.5,0,0,2024-10-07/2024-10-13
michael jackson,10315817.0,1,97,160.6,162.5,0,0,2024-10-14/2024-10-20
michael jackson,11070266.0,2,60,149.675,168.5,0,0,2024-10-21/2024-10-27
michael jackson,33034258.0,5,4,120.36842105263158,126.0,1,2,2024-10-28/2024-11-03
michael jackson,10380647.0,1,91,158.91666666666666,160.0,0,0,2024-11-04/2024-11-10
michael jackson,5233546.0,1,140,178.46666666666667,181.0,0,0,2024-11-11/2024-11-17
michael jackson,1322239.0,1,163,181.0,181.0,0,0,2024-11-18/2024-11-24
michael jackson,9950.0,1,196,196.0,196.0,0,0,2024-11-25/2024-12-01
michael jackson,3437665.0,1,130,177.2,189.0,0,0,2024-12-23/2024-12-29
michael jackson,9890808.0,1,83,148.02,148.5,0,0,2024-12-30/2025-01-05
michael jackson,357632.0,1,146,177.66666666666666,175.0,0,0,2025-01-06/2025-01-12
michael jackson,3010356.0,1,114,167.69230769230768,171.0,0,0,2025-01-13/2025-01-19
michael jackson,2760687.0,1,146,180.68421052631578,183.0,0,0,2025-01-20/2025-01-26
michael jackson,161616.0,1,151,183.0,185.5,0,0,2025-01-27/2025-02-02
michael jackson,150294.0,1,152,179.4,180.5,0,0,2025-02-03/2025-02-09
michael jackson,213318.0,1,127,169.54545454545453,176.0,0,0,2025-02-10/2025-02-16
michael jackson,142185.0,1,154,185.5,191.5,0,0,2025-02-17/2025-02-23
michael jackson,1297129.0,1,122,169.85714285714286,177.0,0,0,2025-02-24/2025-03-02
michael jackson,1268966.0,1,146,182.16666666666666,193.0,0,0,2025-03-03/2025-03-09
michael jackson,26019.0,1,159,185.66666666666666,199.0,0,0,2025-03-10/2025-03-16
michael jackson,46523.0,1,128,164.2,178.0,0,0,2025-03-17/2025-03-23
michael jackson,1322942.0,1,126,175.42857142857142,184.0,0,0,2025-03-24/2025-03-30
michael jackson,1279235.0,1,140,183.83333333333334,191.0,0,0,2025-03-31/2025-04-06
michael jackson,1256751.0,1,165,178.75,179.0,0,0,2025-04-07/2025-04-13
michael jackson,2389185.0,1,115,176.0,182.5,0,0,2025-04-14/2025-04-20
michael jackson,15953.0,1,177,177.0,177.0,0,0,2025-04-21/2025-04-27
michael jackson,8749.0,1,187,187.0,187.0,0,0,2025-04-28/2025-05-04
michael jackson,17355.0,1,179,182.5,182.5,0,0,2025-05-05/2025-05-11
michael jackson,1176835.0,1,173,186.66666666666666,188.0,0,0,2025-05-26/2025-06-01
michael jackson,13050.0,2,66,131.5,131.5,0,0,2025-06-02/2025-06-08
michael jackson,16664.0,2,94,160.33333333333334,192.0,0,0,2025-06-09/2025-06-15
michael jackson,7669.0,1,185,185.0,185.0,0,0,2025-06-16/2025-06-22
michael jackson,2410538.0,1,199,199.5,199.5,0,0,2025-07-14/2025-07-20
michael jackson,4463576.0,1,99,153.27272727272728,152.5,0,0,2025-07-21/2025-07-27
michael jackson,15996061.0,1,67,138.68695652173912,141.0,0,0,2025-07-28/2025-08-03
michael jackson,16064510.0,1,87,137.61157024793388,133.0,0,0,2025-08-04/2025-08-10
michael jackson,14732156.0,1,87,145.80851063829786,140.0,0,0,2025-08-11/2025-08-17
michael jackson,13952841.0,1,69,146.24418604651163,146.0,0,0,2025-08-18/2025-08-24
michael jackson,14439757.0,1,82,145.07608695652175,139.0,0,0,2025-08-25/2025-08-31
michael jackson,12253776.0,1,91,151.046875,149.0,0,0,2025-09-01/2025-09-07
michael jackson,11526028.0,1,81,146.46969696969697,146.5,0,0,2025-09-08/2025-09-14
michael jackson,11793582.0,1,77,147.6818181818182,152.0,0,0,2025-09-15/2025-09-21
michael jackson,11981472.0,1,75,144.46268656716418,142.0,0,0,2025-09-22/2025-09-28
michael jackson,12979281.0,1,65,138.80281690140845,147.0,0,0,2025-09-29/2025-10-05
michael jackson,14252612.0,1,65,138.12941176470588,134.0,0,0,2025-10-06/2025-10-12
michael jackson,14025524.0,1,52,136.33333333333334,137.0,0,0,2025-10-13/2025-10-19
michael jackson,17601632.0,3,42,126.26126126126127,123.0,0,1,2025-10-20/2025-10-26
michael jackson,52154081.0,5,4,108.97318007662835,111.0,1,3,2025-10-27/2025-11-02
michael jackson,18143847.0,1,52,126.52898550724638,126.0,0,0,2025-11-03/2025-11-09
michael jackson,26514111.0,2,35,125.41747572815534,129.0,0,1,2025-11-10/2025-11-16
michael jackson,19166742.0,2,41,131.45038167938932,128.0,0,1,2025-11-17/2025-11-23
michael jackson,12262890.0,1,82,149.8,155.0,0,0,2025-11-24/2025-11-30
michael jackson,11686145.0,1,111,158.0983606557377,164.0,0,0,2025-12-01/2025-12-07
michael jackson,11767293.0,1,87,153.0,153.5,0,0,2025-12-08/2025-12-14
michael jackson,9973598.0,1,99,149.72549019607843,147.0,0,0,2025-12-15/2025-12-21
michael jackson,8902283.0,1,55,139.21311475409837,142.0,0,0,2025-12-22/2025-12-28
michael jackson,15315662.0,3,41,122.4672131147541,127.0,0,1,2025-12-29/2026-01-04
michael jackson,13207647.0,2,63,136.64646464646464,136.0,0,0,2026-01-05/2026-01-11
michael jackson,12382592.0,2,75,143.22619047619048,140.0,0,0,2026-01-12/2026-01-18
michael jackson,11312726.0,2,72,152.68493150684932,154.0,0,0,2026-01-19/2026-01-25
michael jackson,11161530.0,2,65,133.8421052631579,132.0,0,0,2026-01-26/2026-02-01
michael jackson,11896226.0,3,57,138.0,137.0,0,0,2026-02-02/2026-02-08
michael jackson,13664722.0,2,57,133.4875,131.0,0,0,2026-02-09/2026-02-15
michael jackson,13259198.0,3,54,131.9318181818182,131.0,0,0,2026-02-16/2026-02-22
michael jackson,16396028.0,4,46,139.78625954198472,149.0,0,1,2026-02-23/2026-03-01
michael jackson,15204257.0,3,61,134.4949494949495,142.0,0,0,2026-03-02/2026-03-08
michael jackson,14218278.0,4,45,132.90361445783134,130.0,0,1,2026-03-09/2026-03-15
michael jackson,11707248.0,2,70,133.25,124.5,0,0,2026-03-16/2026-03-22
michael jackson,12901811.0,3,48,131.59722222222223,129.0,0,1,2026-03-23/2026-03-29
michael jackson,16616770.0,2,35,127.009009009009,128.0,0,1,2026-03-30/2026-04-05
michael jackson,20338179.0,2,41,130.42424242424244,133.0,0,1,2026-04-06/2026-04-12
michael jackson,28574557.0,4,43,136.12254901960785,145.5,0,1,2026-04-13/2026-04-19
michael jackson,97039793.0,15,3,111.7810650887574,114.0,1,5,2026-04-20/2026-04-26
michael jackson,351570490.0,18,2,93.4605689593086,89.0,2,9,2026-04-27/2026-05-03
michael jackson,451016694.0,19,1,79.76856399884427,72.0,4,13,2026-05-04/2026-05-10
michael jackson,446176661.0,18,1,78.99226420708122,71.0,4,13,2026-05-11/2026-05-17
michael jackson,431843236.0,18,1,79.4122779682144,73.0,4,9,2026-05-18/2026-05-24
michael jackson,217914340.0,18,1,81.31646305991856,74.0,4,8,2026-05-25/2026-05-31
rihanna,7276534.0,9,25,86.3013698630137,76.5,0,5,2016-12-26/2017-01-01
rihanna,48186239.0,8,23,94.90316395014382,86.0,0,5,2017-01-02/2017-01-08
rihanna,44860562.0,7,22,105.850622406639,99.5,0,5,2017-01-09/2017-01-15
rihanna,41822446.0,6,18,110.72909698996655,105.0,0,5,2017-01-16/2017-01-22
rihanna,40203123.0,8,14,116.75090252707581,114.0,0,3,2017-01-23/2017-01-29
rihanna,38761326.0,11,14,122.56960408684547,121.0,0,2,2017-01-30/2017-02-05
rihanna,36861942.0,10,8,126.58879781420765,127.0,1,1,2017-02-06/2017-02-12
rihanna,35804427.0,10,6,128.20088626292466,128.0,1,1,2017-02-13/2017-02-19
rihanna,38349355.0,11,6,132.16740088105726,133.0,1,2,2017-02-20/2017-02-26
rihanna,47483692.0,10,9,129.10047846889952,135.0,1,2,2017-02-27/2017-03-05
rihanna,51384933.0,9,9,124.66162162162162,130.0,1,2,2017-03-06/2017-03-12
rihanna,51490327.0,8,11,120.02036441586282,126.0,0,2,2017-03-13/2017-03-19
rihanna,46788575.0,9,12,118.71856978085351,125.0,0,2,2017-03-20/2017-03-26
rihanna,46528829.0,9,11,111.53279631760644,120.0,0,2,2017-03-27/2017-04-02
rihanna,42242180.0,10,14,110.65106951871658,121.0,0,2,2017-04-03/2017-04-09
rihanna,57198413.0,11,3,103.29742962056304,112.0,1,3,2017-04-10/2017-04-16
rihanna,71565434.0,10,3,97.19114470842332,94.5,1,3,2017-04-17/2017-04-23
rihanna,57373552.0,9,8,104.16079812206573,107.0,1,3,2017-04-24/2017-04-30
rihanna,49863273.0,8,13,113.47637292464879,121.0,0,3,2017-05-01/2017-05-07
rihanna,43953592.0,10,18,118.72082717872969,127.0,0,3,2017-05-08/2017-05-14
rihanna,39521658.0,9,22,123.99121265377856,132.0,0,3,2017-05-15/2017-05-21
rihanna,36028634.0,10,33,125.04347826086956,136.0,0,3,2017-05-22/2017-05-28
rihanna,32709231.0,9,33,128.51612903225808,140.0,0,3,2017-05-29/2017-06-04
rihanna,28038684.0,10,36,139.9672619047619,157.0,0,3,2017-06-05/2017-06-11
rihanna,39660987.0,10,1,112.45343137254902,131.0,1,4,2017-06-12/2017-06-18
rihanna,83474557.0,9,1,78.57404580152672,62.0,1,2,2017-06-19/2017-06-25
rihanna,85616551.0,9,1,72.68672839506173,55.0,1,2,2017-06-26/2017-07-02
rihanna,80038950.0,10,1,71.4858934169279,52.5,1,2,2017-07-03/2017-07-09
rihanna,77326626.0,10,1,64.51505016722408,38.5,1,2,2017-07-10/2017-07-16
rihanna,69207262.0,9,1,56.80330882352941,25.0,1,2,2017-07-17/2017-07-23
rihanna,64655700.0,9,1,61.2018018018018,27.0,1,2,2017-07-24/2017-07-30
rihanna,64729815.0,9,1,61.56794425087108,28.0,1,2,2017-07-31/2017-08-06
rihanna,61788267.0,10,1,61.27079646017699,28.0,1,2,2017-08-07/2017-08-13
rihanna,58928771.0,8,2,59.51282051282051,29.0,1,2,2017-08-14/2017-08-20
rihanna,55305115.0,8,4,57.65858208955224,32.0,1,2,2017-08-21/2017-08-27
rihanna,51865278.0,7,4,56.55534351145038,31.5,1,2,2017-08-28/2017-09-03
rihanna,45458799.0,7,5,59.57509881422925,37.0,1,2,2017-09-04/2017-09-10
rihanna,40252317.0,9,7,66.39837398373983,44.0,1,1,2017-09-11/2017-09-17
rihanna,35060946.0,8,16,76.51982378854626,61.5,0,1,2017-09-18/2017-09-24
rihanna,31983540.0,7,17,83.19908466819221,68.0,0,1,2017-09-25/2017-10-01
rihanna,28682678.0,6,22,87.93794749403341,73.0,0,1,2017-10-02/2017-10-08
rihanna,26062132.0,6,24,90.86513994910942,76.0,0,1,2017-10-09/2017-10-15
rihanna,24814445.0,5,25,92.7961956521739,79.0,0,1,2017-10-16/2017-10-22
rihanna,22934538.0,7,34,95.86723163841808,85.5,0,1,2017-10-23/2017-10-29
rihanna,22841761.0,8,17,109.26063829787235,101.5,0,2,2017-10-30/2017-11-05
rihanna,23963440.0,7,18,115.66497461928934,109.0,0,2,2017-11-06/2017-11-12
rihanna,21646876.0,9,41,116.39498432601881,113.0,0,2,2017-11-13/2017-11-19
rihanna,20304783.0,7,44,115.33955223880596,111.0,0,2,2017-11-20/2017-11-26
rihanna,16977649.0,6,51,122.71428571428571,120.0,0,0,2017-11-27/2017-12-03
rihanna,13333060.0,6,54,130.07177033492823,130.0,0,0,2017-12-04/2017-12-10
rihanna,12825077.0,7,54,131.66842105263157,132.0,0,0,2017-12-11/2017-12-17
rihanna,12486511.0,5,54,136.30519480519482,140.0,0,0,2017-12-18/2017-12-24
rihanna,13654072.0,13,15,117.29387755102042,115.0,0,5,2017-12-25/2017-12-31
rihanna,13386302.0,11,45,124.2882096069869,129.0,0,1,2018-01-01/2018-01-07
rihanna,13221562.0,8,64,133.28155339805826,134.5,0,0,2018-01-08/2018-01-14
rihanna,13491126.0,9,67,138.15625,138.0,0,0,2018-01-15/2018-01-21
rihanna,11917578.0,10,69,143.4418604651163,146.0,0,0,2018-01-22/2018-01-28
rihanna,12539562.0,9,75,142.29608938547486,142.0,0,0,2018-01-29/2018-02-04
rihanna,9263750.0,11,63,142.48611111111111,142.0,0,0,2018-02-05/2018-02-11
rihanna,7992208.0,10,43,148.13076923076923,153.5,0,1,2018-02-12/2018-02-18
rihanna,7920688.0,6,83,150.325,158.0,0,0,2018-02-19/2018-02-25
rihanna,7232664.0,5,82,154.44347826086957,162.0,0,0,2018-02-26/2018-03-04
rihanna,6459265.0,6,84,154.4848484848485,160.0,0,0,2018-03-05/2018-03-11
rihanna,4967988.0,5,70,154.62222222222223,149.5,0,0,2018-03-12/2018-03-18
rihanna,11824332.0,6,32,127.78666666666666,133.0,0,1,2018-03-19/2018-03-25
rihanna,17370121.0,6,18,106.084388185654,103.0,0,1,2018-03-26/2018-04-01
rihanna,16548451.0,5,21,102.03643724696356,91.0,0,1,2018-04-02/2018-04-08
rihanna,14109582.0,6,21,104.36633663366337,90.5,0,1,2018-04-09/2018-04-15
rihanna,12367339.0,6,30,108.76666666666667,104.0,0,1,2018-04-16/2018-04-22
rihanna,3614305.0,6,75,142.28947368421052,141.0,0,0,2018-04-23/2018-04-29
rihanna,3054754.0,6,70,137.34920634920636,137.0,0,0,2018-04-30/2018-05-06
rihanna,2246084.0,5,69,137.21818181818182,134.0,0,0,2018-05-07/2018-05-13
rihanna,1215638.0,4,51,136.82,133.0,0,0,2018-05-14/2018-05-20
rihanna,1104067.0,4,68,133.3170731707317,136.0,0,0,2018-05-21/2018-05-27
rihanna,1428979.0,3,61,128.9512195121951,133.0,0,0,2018-05-28/2018-06-03
rihanna,880960.0,4,64,142.1081081081081,151.0,0,0,2018-06-04/2018-06-10
rihanna,735708.0,3,66,152.74193548387098,172.0,0,0,2018-06-11/2018-06-17
rihanna,804390.0,3,72,142.3125,155.0,0,0,2018-06-18/2018-06-24
rihanna,793916.0,4,71,140.09677419354838,147.0,0,0,2018-06-25/2018-07-01
rihanna,782342.0,4,56,136.06666666666666,150.5,0,0,2018-07-02/2018-07-08
rihanna,731406.0,3,57,136.92307692307693,144.0,0,0,2018-07-09/2018-07-15
rihanna,654992.0,4,57,129.40740740740742,126.0,0,0,2018-07-16/2018-07-22
rihanna,621916.0,2,55,137.08333333333334,141.0,0,0,2018-07-23/2018-07-29
rihanna,444477.0,2,63,125.27777777777777,125.0,0,0,2018-07-30/2018-08-05
rihanna,303030.0,2,60,109.6,93.0,0,0,2018-08-06/2018-08-12
rihanna,366550.0,2,58,110.375,112.5,0,0,2018-08-13/2018-08-19
rihanna,289661.0,1,67,124.2,113.0,0,0,2018-08-20/2018-08-26
rihanna,308261.0,1,65,119.33333333333333,118.0,0,0,2018-08-27/2018-09-02
rihanna,327093.0,1,56,105.07142857142857,81.0,0,0,2018-09-03/2018-09-09
rihanna,307582.0,1,59,120.73333333333333,94.0,0,0,2018-09-10/2018-09-16
rihanna,369904.0,2,61,119.6875,109.0,0,0,2018-09-17/2018-09-23
rihanna,430854.0,3,62,132.1,146.5,0,0,2018-09-24/2018-09-30
rihanna,470955.0,3,70,141.23809523809524,156.0,0,0,2018-10-01/2018-10-07
rihanna,380876.0,3,71,137.42105263157896,152.0,0,0,2018-10-08/2018-10-14
rihanna,371451.0,5,81,137.83333333333334,152.5,0,0,2018-10-15/2018-10-21
rihanna,504599.0,4,81,149.47826086956522,168.0,0,0,2018-10-22/2018-10-28
rihanna,1992130.0,5,45,135.20689655172413,145.0,0,1,2018-10-29/2018-11-04
rihanna,355921.0,3,78,144.0,161.0,0,0,2018-11-05/2018-11-11
rihanna,288194.0,2,90,128.15384615384616,113.0,0,0,2018-11-12/2018-11-18
rihanna,385429.0,3,78,140.4375,131.0,0,0,2018-11-19/2018-11-25
rihanna,386599.0,3,82,145.05882352941177,174.0,0,0,2018-11-26/2018-12-02
rihanna,354630.0,2,90,133.41666666666666,118.0,0,0,2018-12-03/2018-12-09
rihanna,270292.0,2,104,126.22222222222223,115.0,0,0,2018-12-10/2018-12-16
rihanna,210691.0,1,112,121.5,118.5,0,0,2018-12-17/2018-12-23
rihanna,248315.0,3,109,152.08333333333334,147.5,0,0,2018-12-24/2018-12-30
rihanna,620277.0,7,40,143.3030303030303,149.0,0,2,2018-12-31/2019-01-06
rihanna,316738.0,3,104,156.42105263157896,162.0,0,0,2019-01-07/2019-01-13
rihanna,268842.0,2,107,153.05555555555554,156.5,0,0,2019-01-14/2019-01-20
rihanna,259859.0,2,109,155.47058823529412,165.0,0,0,2019-01-21/2019-01-27
rihanna,222450.0,1,112,158.33333333333334,164.0,0,0,2019-01-28/2019-02-03
rihanna,263651.0,3,123,160.7,164.5,0,0,2019-02-04/2019-02-10
rihanna,364984.0,4,64,141.5,164.0,0,0,2019-02-11/2019-02-17
rihanna,227977.0,3,91,164.16666666666666,173.5,0,0,2019-02-18/2019-02-24
rihanna,236788.0,3,92,161.78571428571428,172.0,0,0,2019-02-25/2019-03-03
rihanna,254091.0,2,132,169.4,169.0,0,0,2019-03-04/2019-03-10
rihanna,189398.0,2,159,177.0,174.0,0,0,2019-03-11/2019-03-17
rihanna,169295.0,2,160,170.625,167.5,0,0,2019-03-18/2019-03-24
rihanna,178041.0,1,161,171.5,169.0,0,0,2019-03-25/2019-03-31
rihanna,184530.0,1,151,162.875,162.5,0,0,2019-04-01/2019-04-07
rihanna,184783.0,1,142,161.75,162.0,0,0,2019-04-08/2019-04-14
rihanna,174631.0,1,150,163.625,166.5,0,0,2019-04-15/2019-04-21
rihanna,184750.0,1,141,157.875,162.5,0,0,2019-04-22/2019-04-28
rihanna,179850.0,1,149,168.75,166.5,0,0,2019-04-29/2019-05-05
rihanna,208232.0,2,151,178.66666666666666,178.0,0,0,2019-05-06/2019-05-12
rihanna,163683.0,1,164,173.71428571428572,170.0,0,0,2019-05-13/2019-05-19
rihanna,187546.0,1,143,163.25,156.5,0,0,2019-05-20/2019-05-26
rihanna,384621.0,2,129,162.1,150.5,0,0,2019-05-27/2019-06-02
rihanna,445506.0,2,137,161.36363636363637,151.0,0,0,2019-06-03/2019-06-09
rihanna,608031.0,2,132,166.73684210526315,170.0,0,0,2019-06-10/2019-06-16
rihanna,695943.0,2,132,158.1304347826087,159.0,0,0,2019-06-17/2019-06-23
rihanna,712488.0,2,122,159.61904761904762,165.0,0,0,2019-06-24/2019-06-30
rihanna,741328.0,2,133,161.8,161.0,0,0,2019-07-01/2019-07-07
rihanna,766677.0,2,115,159.7037037037037,162.0,0,0,2019-07-08/2019-07-14
rihanna,562206.0,2,141,157.66666666666666,156.5,0,0,2019-07-15/2019-07-21
rihanna,497607.0,2,146,168.0,169.5,0,0,2019-07-22/2019-07-28
rihanna,456937.0,2,140,164.25,167.0,0,0,2019-07-29/2019-08-04
rihanna,437320.0,2,159,178.45454545454547,185.0,0,0,2019-08-05/2019-08-11
rihanna,219522.0,2,170,179.85714285714286,177.0,0,0,2019-08-12/2019-08-18
rihanna,126709.0,2,179,187.33333333333334,184.0,0,0,2019-08-19/2019-08-25
rihanna,201328.0,2,180,193.6,196.0,0,0,2019-08-26/2019-09-01
rihanna,189532.0,1,173,179.0,178.0,0,0,2019-09-02/2019-09-08
rihanna,188818.0,1,166,180.57142857142858,178.0,0,0,2019-09-09/2019-09-15
rihanna,191109.0,1,166,177.85714285714286,173.0,0,0,2019-09-16/2019-09-22
rihanna,332269.0,2,170,184.1,185.0,0,0,2019-09-23/2019-09-29
rihanna,193129.0,1,151,173.0,170.0,0,0,2019-09-30/2019-10-06
rihanna,189307.0,1,167,175.28571428571428,172.0,0,0,2019-10-07/2019-10-13
rihanna,201524.0,2,151,169.125,166.0,0,0,2019-10-14/2019-10-20
rihanna,194497.0,1,154,169.0,167.0,0,0,2019-10-21/2019-10-27
rihanna,1721241.0,2,52,138.07692307692307,166.0,0,0,2019-10-28/2019-11-03
rihanna,190295.0,1,153,166.85714285714286,167.0,0,0,2019-11-04/2019-11-10
rihanna,195226.0,1,146,161.0,160.0,0,0,2019-11-11/2019-11-17
rihanna,202893.0,1,145,155.0,156.0,0,0,2019-11-18/2019-11-24
rihanna,200044.0,1,155,166.0,161.0,0,0,2019-11-25/2019-12-01
rihanna,139684.0,1,159,174.4,173.0,0,0,2019-12-02/2019-12-08
rihanna,111106.0,1,181,184.5,184.0,0,0,2019-12-09/2019-12-15
rihanna,137040.0,1,190,193.2,192.0,0,0,2019-12-16/2019-12-22
rihanna,49572.0,1,195,196.0,196.0,0,0,2019-12-23/2019-12-29
rihanna,95008.0,4,86,160.0,179.5,0,0,2019-12-30/2020-01-05
rihanna,152047.0,1,182,191.66666666666666,193.0,0,0,2020-01-06/2020-01-12
rihanna,185727.0,1,165,177.14285714285714,179.0,0,0,2020-01-13/2020-01-19
rihanna,203189.0,1,161,167.42857142857142,163.0,0,0,2020-01-20/2020-01-26
rihanna,202691.0,1,157,168.0,168.0,0,0,2020-01-27/2020-02-02
rihanna,214791.0,1,158,166.71428571428572,168.0,0,0,2020-02-03/2020-02-09
rihanna,218360.0,2,152,172.625,173.0,0,0,2020-02-10/2020-02-16
rihanna,190369.0,1,153,169.33333333333334,166.5,0,0,2020-02-17/2020-02-23
rihanna,121875.0,1,182,187.0,188.5,0,0,2020-02-24/2020-03-01
rihanna,184202.0,1,169,181.0,184.5,0,0,2020-03-02/2020-03-08
rihanna,191617.0,1,172,184.0,183.0,0,0,2020-03-09/2020-03-15
rihanna,112740.0,1,187,193.6,194.0,0,0,2020-03-16/2020-03-22
rihanna,13710970.0,2,3,64.86986301369863,50.0,1,1,2020-03-23/2020-03-29
rihanna,25982057.0,2,10,63.64939024390244,45.0,1,1,2020-03-30/2020-04-05
rihanna,23518214.0,2,12,62.495114006514655,43.0,0,1,2020-04-06/2020-04-12
rihanna,17640424.0,2,17,77.54761904761905,65.0,0,1,2020-04-13/2020-04-19
rihanna,14381145.0,2,18,91.06122448979592,85.0,0,1,2020-04-20/2020-04-26
rihanna,12665471.0,2,20,102.5028901734104,102.0,0,1,2020-04-27/2020-05-03
rihanna,12079173.0,2,18,106.91176470588235,100.0,0,1,2020-05-04/2020-05-10
rihanna,11204252.0,2,25,111.52941176470588,105.0,0,1,2020-05-11/2020-05-17
rihanna,10483172.0,2,26,108.6030534351145,99.0,0,1,2020-05-18/2020-05-24
rihanna,9839908.0,3,30,105.12844036697248,105.0,0,1,2020-05-25/2020-05-31
rihanna,9281775.0,3,31,107.4862385321101,106.0,0,1,2020-06-01/2020-06-07
rihanna,7269131.0,2,32,111.10112359550561,119.0,0,1,2020-06-08/2020-06-14
rihanna,2878142.0,2,39,116.17910447761194,119.0,0,1,2020-06-15/2020-06-21
rihanna,1524795.0,2,40,112.51666666666667,120.5,0,1,2020-06-22/2020-06-28
rihanna,1218702.0,1,45,113.51020408163265,119.0,0,1,2020-06-29/2020-07-05
rihanna,1223866.0,2,52,130.56,154.0,0,0,2020-07-06/2020-07-12
rihanna,1129492.0,1,58,129.66666666666666,152.0,0,0,2020-07-13/2020-07-19
rihanna,854484.0,2,60,119.5625,98.0,0,0,2020-07-20/2020-07-26
rihanna,604269.0,1,77,108.3913043478261,85.0,0,0,2020-07-27/2020-08-02
rihanna,528467.0,1,72,98.23809523809524,83.0,0,0,2020-08-03/2020-08-09
rihanna,503491.0,1,70,101.71428571428571,99.0,0,0,2020-08-10/2020-08-16
rihanna,482216.0,1,81,113.47619047619048,107.0,0,0,2020-08-17/2020-08-23
rihanna,598990.0,2,86,127.72,114.0,0,0,2020-08-24/2020-08-30
rihanna,473314.0,1,98,121.57142857142857,121.0,0,0,2020-08-31/2020-09-06
rihanna,503591.0,2,90,127.13636363636364,124.5,0,0,2020-09-07/2020-09-13
rihanna,470653.0,1,103,126.28571428571429,124.0,0,0,2020-09-14/2020-09-20
rihanna,475233.0,2,102,140.1818181818182,135.5,0,0,2020-09-21/2020-09-27
rihanna,570331.0,2,94,151.25,154.0,0,0,2020-09-28/2020-10-04
rihanna,536255.0,3,96,152.65384615384616,161.5,0,0,2020-10-05/2020-10-11
rihanna,566792.0,2,85,161.14814814814815,174.0,0,0,2020-10-12/2020-10-18
rihanna,491946.0,2,95,161.77272727272728,179.0,0,0,2020-10-19/2020-10-25
rihanna,2304346.0,3,47,126.9047619047619,128.0,0,1,2020-10-26/2020-11-01
rihanna,65552.0,1,111,140.75,130.5,0,0,2020-11-02/2020-11-08
rihanna,396846.0,2,104,153.66666666666666,150.0,0,0,2020-11-09/2020-11-15
rihanna,193874.0,3,114,157.94117647058823,161.0,0,0,2020-11-16/2020-11-22
rihanna,30444.0,2,130,166.22222222222223,171.0,0,0,2020-11-23/2020-11-29
rihanna,13021.0,1,148,163.2,162.0,0,0,2020-11-30/2020-12-06
rihanna,10660.0,1,161,171.5,174.0,0,0,2020-12-07/2020-12-13
rihanna,28690.0,1,173,181.5,177.5,0,0,2020-12-14/2020-12-20
rihanna,104853.0,1,121,175.55555555555554,188.0,0,0,2020-12-21/2020-12-27
rihanna,633675.0,6,51,155.5744680851064,159.0,0,0,2020-12-28/2021-01-03
rihanna,241933.0,2,124,166.07894736842104,172.5,0,0,2021-01-04/2021-01-10
rihanna,167043.0,2,134,164.36666666666667,158.0,0,0,2021-01-11/2021-01-17
rihanna,159736.0,1,126,163.96153846153845,166.5,0,0,2021-01-18/2021-01-24
rihanna,154820.0,2,134,164.6153846153846,165.0,0,0,2021-01-25/2021-01-31
rihanna,176544.0,2,128,171.1904761904762,173.0,0,0,2021-02-01/2021-02-07
rihanna,144594.0,2,137,180.875,181.0,0,0,2021-02-08/2021-02-14
rihanna,97363.0,1,126,166.85714285714286,161.0,0,0,2021-02-15/2021-02-21
rihanna,91046.0,1,157,184.35714285714286,187.5,0,0,2021-02-22/2021-02-28
rihanna,313249.0,3,147,184.33333333333334,188.5,0,0,2021-03-01/2021-03-07
rihanna,276379.0,3,177,188.8,189.5,0,0,2021-03-08/2021-03-14
rihanna,15721.0,1,192,195.0,195.0,0,0,2021-03-15/2021-03-21
rihanna,14890.0,1,195,197.0,197.0,0,0,2021-03-29/2021-04-04
rihanna,14217.0,2,195,197.0,197.0,0,0,2021-04-12/2021-04-18
rihanna,45921.0,2,135,170.42857142857142,173.0,0,0,2021-04-19/2021-04-25
rihanna,12582.0,1,184,190.0,190.0,0,0,2021-04-26/2021-05-02
rihanna,47443.0,2,136,168.25,170.5,0,0,2021-05-24/2021-05-30
rihanna,255648.0,2,100,157.26666666666668,159.0,0,0,2021-05-31/2021-06-06
rihanna,7833.0,1,184,184.0,184.0,0,0,2021-07-12/2021-07-18
rihanna,70712.0,1,129,148.5,148.5,0,0,2021-08-16/2021-08-22
rihanna,3870759.0,2,24,110.0,109.0,0,1,2021-10-25/2021-10-31
rihanna,262703.0,1,127,131.5,131.5,0,0,2021-11-01/2021-11-07
rihanna,1091496.0,5,44,141.67857142857142,149.0,0,1,2021-12-27/2022-01-02
rihanna,69662.0,1,180,186.66666666666666,186.0,0,0,2022-01-31/2022-02-06
rihanna,8422.0,1,185,185.0,185.0,0,0,2022-02-07/2022-02-13
rihanna,296479.0,4,176,189.25,192.0,0,0,2022-02-14/2022-02-20
rihanna,99861.0,2,161,187.26666666666668,194.0,0,0,2022-02-21/2022-02-27
rihanna,59560.0,3,133,163.55555555555554,158.0,0,0,2022-02-28/2022-03-06
rihanna,153797.0,4,146,185.75,190.0,0,0,2022-03-07/2022-03-13
rihanna,124073.0,4,129,167.76923076923077,170.0,0,0,2022-03-14/2022-03-20
rihanna,123858.0,3,121,170.5,169.0,0,0,2022-03-21/2022-03-27
rihanna,62808.0,3,153,176.16666666666666,179.0,0,0,2022-03-28/2022-04-03
rihanna,95385.0,4,150,175.28571428571428,178.5,0,0,2022-04-04/2022-04-10
rihanna,89442.0,2,134,169.45454545454547,174.0,0,0,2022-04-11/2022-04-17
rihanna,57753.0,2,145,179.75,181.0,0,0,2022-04-18/2022-04-24
rihanna,76789.0,3,165,183.77777777777777,186.0,0,0,2022-04-25/2022-05-01
rihanna,296708.0,3,160,182.1875,184.0,0,0,2022-05-02/2022-05-08
rihanna,221414.0,3,144,171.07692307692307,170.0,0,0,2022-05-09/2022-05-15
rihanna,362845.0,3,123,157.66666666666666,167.0,0,0,2022-05-16/2022-05-22
rihanna,387254.0,3,111,147.13333333333333,139.0,0,0,2022-05-23/2022-05-29
rihanna,429628.0,4,97,150.95238095238096,162.0,0,0,2022-05-30/2022-06-05
rihanna,511465.0,4,77,147.65217391304347,157.0,0,0,2022-06-06/2022-06-12
rihanna,550807.0,3,67,126.73333333333333,153.0,0,0,2022-06-13/2022-06-19
rihanna,480813.0,2,73,112.7,84.0,0,0,2022-06-20/2022-06-26
rihanna,581688.0,3,87,131.78571428571428,125.0,0,0,2022-06-27/2022-07-03
rihanna,641545.0,3,90,141.26315789473685,162.0,0,0,2022-07-04/2022-07-10
rihanna,652777.0,3,96,138.4,140.0,0,0,2022-07-11/2022-07-17
rihanna,703916.0,3,103,148.36363636363637,151.5,0,0,2022-07-18/2022-07-24
rihanna,506669.0,4,107,151.57894736842104,165.0,0,0,2022-07-25/2022-07-31
rihanna,614997.0,4,130,165.43478260869566,173.0,0,0,2022-08-01/2022-08-07
rihanna,649169.0,5,143,164.26923076923077,157.5,0,0,2022-08-08/2022-08-14
rihanna,620939.0,4,131,173.88888888888889,177.0,0,0,2022-08-15/2022-08-21
rihanna,591063.0,4,158,178.91666666666666,175.5,0,0,2022-08-22/2022-08-28
rihanna,499743.0,4,175,190.47368421052633,193.0,0,0,2022-08-29/2022-09-04
rihanna,374440.0,3,173,188.69230769230768,193.0,0,0,2022-09-05/2022-09-11
rihanna,247638.0,2,171,187.75,187.5,0,0,2022-09-12/2022-09-18
rihanna,299612.0,2,170,185.3125,184.5,0,0,2022-09-19/2022-09-25
rihanna,495574.0,5,168,187.11764705882354,191.0,0,0,2022-09-26/2022-10-02
rihanna,124956.0,3,135,175.1,180.0,0,0,2022-10-03/2022-10-09
rihanna,358122.0,4,132,176.92,185.0,0,0,2022-10-10/2022-10-16
rihanna,143596.0,2,137,175.05882352941177,185.0,0,0,2022-10-17/2022-10-23
rihanna,35584750.0,8,1,66.13135593220339,48.0,1,3,2022-10-24/2022-10-30
rihanna,42612686.0,6,1,66.31920199501246,50.0,1,2,2022-10-31/2022-11-06
rihanna,37009378.0,6,7,76.0,59.0,2,3,2022-11-07/2022-11-13
rihanna,35174574.0,6,6,84.93617021276596,69.0,1,2,2022-11-14/2022-11-20
rihanna,26981145.0,6,6,81.4376811594203,60.0,1,2,2022-11-21/2022-11-27
rihanna,20504794.0,4,8,85.23046875,76.0,1,1,2022-11-28/2022-12-04
rihanna,16835867.0,4,22,101.65022421524664,93.0,0,1,2022-12-05/2022-12-11
rihanna,14279700.0,3,25,110.22727272727273,120.0,0,1,2022-12-12/2022-12-18
rihanna,10091988.0,3,27,120.8445945945946,138.0,0,1,2022-12-19/2022-12-25
rihanna,15981748.0,9,20,108.73333333333333,108.0,0,3,2022-12-26/2023-01-01
rihanna,14330973.0,5,16,99.81276595744681,93.0,0,1,2023-01-02/2023-01-08
rihanna,15610590.0,4,18,100.40082644628099,96.5,0,1,2023-01-09/2023-01-15
rihanna,14945211.0,5,14,104.73640167364017,100.0,0,1,2023-01-16/2023-01-22
rihanna,13415582.0,6,12,109.16521739130435,108.0,0,1,2023-01-23/2023-01-29
rihanna,12534785.0,5,16,112.75217391304348,124.0,0,1,2023-01-30/2023-02-05
rihanna,32166245.0,16,18,114.77044025157232,121.0,0,7,2023-02-06/2023-02-12
rihanna,285095242.0,33,5,116.24377682403434,118.0,5,18,2023-02-13/2023-02-19
rihanna,86552981.0,18,12,129.02239641657334,134.0,0,6,2023-02-20/2023-02-26
rihanna,43930081.0,13,20,132.88172043010752,142.0,0,3,2023-02-27/2023-03-05
rihanna,30407632.0,11,35,134.06615776081424,142.0,0,3,2023-03-06/2023-03-12
rihanna,20813537.0,10,22,129.24528301886792,134.0,0,2,2023-03-13/2023-03-19
rihanna,14455606.0,9,32,124.68150684931507,127.0,0,2,2023-03-20/2023-03-26
rihanna,13245574.0,8,36,127.356,131.5,0,2,2023-03-27/2023-04-02
rihanna,11325728.0,8,39,135.65384615384616,145.5,0,2,2023-04-03/2023-04-09
rihanna,12492998.0,8,39,139.68609865470853,149.0,0,2,2023-04-10/2023-04-16
rihanna,12385826.0,9,41,141.63636363636363,149.0,0,2,2023-04-17/2023-04-23
rihanna,11497782.0,6,38,140.1042944785276,157.0,0,1,2023-04-24/2023-04-30
rihanna,11014864.0,4,39,137.35766423357666,148.0,0,1,2023-05-01/2023-05-07
rihanna,9903129.0,5,44,145.455223880597,151.0,0,1,2023-05-08/2023-05-14
rihanna,10497836.0,8,51,143.03571428571428,142.0,0,0,2023-05-15/2023-05-21
rihanna,10492118.0,4,49,143.96330275229357,149.0,0,1,2023-05-22/2023-05-28
rihanna,10576604.0,5,42,145.7027027027027,158.0,0,1,2023-05-29/2023-06-04
rihanna,9974894.0,4,49,144.52380952380952,155.0,0,1,2023-06-05/2023-06-11
rihanna,10190026.0,6,58,145.45192307692307,155.0,0,0,2023-06-12/2023-06-18
rihanna,8700501.0,5,30,136.06172839506172,144.0,0,1,2023-06-19/2023-06-25
rihanna,8757848.0,4,26,139.92307692307693,153.0,0,2,2023-06-26/2023-07-02
rihanna,9027213.0,4,14,137.10526315789474,148.0,0,2,2023-07-03/2023-07-09
rihanna,7723067.0,3,13,136.2842105263158,143.0,0,1,2023-07-10/2023-07-16
rihanna,9861928.0,3,11,137.17,148.0,0,1,2023-07-17/2023-07-23
rihanna,7611827.0,4,14,140.41304347826087,152.0,0,1,2023-07-24/2023-07-30
rihanna,8248942.0,4,7,149.625,160.5,1,1,2023-07-31/2023-08-06
rihanna,8207911.0,5,9,147.67256637168143,159.0,1,1,2023-08-07/2023-08-13
rihanna,9715631.0,5,8,148.71014492753622,161.5,1,1,2023-08-14/2023-08-20
rihanna,17146209.0,5,8,146.6193181818182,156.5,1,1,2023-08-21/2023-08-27
rihanna,14334657.0,6,10,149.6021505376344,159.5,1,1,2023-08-28/2023-09-03
rihanna,17401339.0,6,11,147.01117318435755,154.0,0,1,2023-09-04/2023-09-10
rihanna,19208761.0,8,10,145.12182741116752,156.0,1,1,2023-09-11/2023-09-17
rihanna,19579353.0,8,8,143.15238095238095,151.5,1,1,2023-09-18/2023-09-24
rihanna,22170786.0,8,9,137.1086956521739,146.0,1,1,2023-09-25/2023-10-01
rihanna,16573018.0,8,14,141.58163265306123,151.0,0,1,2023-10-02/2023-10-08
rihanna,13340663.0,6,13,142.89473684210526,147.0,0,1,2023-10-09/2023-10-15
rihanna,12942303.0,6,14,141.30729166666666,148.0,0,1,2023-10-16/2023-10-22
rihanna,20135084.0,8,16,145.21333333333334,153.0,0,1,2023-10-23/2023-10-29
rihanna,16395203.0,9,15,142.94583333333333,154.0,0,2,2023-10-30/2023-11-05
rihanna,12477715.0,9,23,145.30348258706468,154.0,0,1,2023-11-06/2023-11-12
rihanna,11487872.0,7,18,145.56896551724137,157.5,0,1,2023-11-13/2023-11-19
rihanna,10705861.0,7,18,145.0828025477707,151.0,0,1,2023-11-20/2023-11-26
rihanna,11927617.0,6,21,144.4478527607362,155.0,0,1,2023-11-27/2023-12-03
rihanna,10491176.0,4,27,149.32911392405063,163.5,0,1,2023-12-04/2023-12-10
rihanna,3735561.0,4,28,153.7642276422764,171.0,0,1,2023-12-11/2023-12-17
rihanna,1615477.0,4,32,146.65151515151516,161.5,0,1,2023-12-18/2023-12-24
rihanna,16838789.0,8,9,130.84790874524714,147.0,1,3,2023-12-25/2023-12-31
rihanna,23261939.0,9,20,134.67415730337078,136.0,0,2,2024-01-01/2024-01-07
rihanna,21250194.0,9,23,144.79881656804733,149.0,0,1,2024-01-08/2024-01-14
rihanna,15526576.0,7,37,151.28113879003558,161.0,0,1,2024-01-15/2024-01-21
rihanna,17255190.0,9,36,151.99665551839465,160.0,0,1,2024-01-22/2024-01-28
rihanna,16057842.0,9,57,149.93639575971733,159.0,0,0,2024-01-29/2024-02-04
rihanna,14953991.0,7,71,152.38056680161944,159.0,0,0,2024-02-05/2024-02-11
rihanna,16676373.0,10,67,156.3362831858407,162.5,0,0,2024-02-12/2024-02-18
rihanna,16897985.0,8,63,151.7576923076923,158.0,0,0,2024-02-19/2024-02-25
rihanna,16503394.0,10,64,148.52573529411765,156.0,0,0,2024-02-26/2024-03-03
rihanna,16921217.0,12,59,149.45569620253164,153.5,0,0,2024-03-04/2024-03-10
rihanna,16941598.0,11,68,149.20527859237538,153.0,0,0,2024-03-11/2024-03-17
rihanna,17488139.0,11,66,148.10216718266253,152.0,0,0,2024-03-18/2024-03-24
rihanna,15259041.0,10,75,153.6421052631579,159.0,0,0,2024-03-25/2024-03-31
rihanna,14061166.0,9,84,160.44292237442923,164.0,0,0,2024-04-01/2024-04-07
rihanna,13496633.0,9,72,160.88780487804877,170.0,0,0,2024-04-08/2024-04-14
rihanna,13021047.0,8,78,160.43150684931507,163.0,0,0,2024-04-15/2024-04-21
rihanna,11343863.0,9,73,168.2074074074074,177.0,0,0,2024-04-22/2024-04-28
rihanna,12567326.0,9,85,162.63571428571427,167.0,0,0,2024-04-29/2024-05-05
rihanna,10743175.0,8,79,164.97087378640776,173.0,0,0,2024-05-06/2024-05-12
rihanna,11955651.0,7,86,167.06542056074767,176.0,0,0,2024-05-13/2024-05-19
rihanna,11577724.0,7,82,168.8846153846154,177.0,0,0,2024-05-20/2024-05-26
rihanna,12402371.0,8,64,168.37593984962405,178.0,0,0,2024-05-27/2024-06-02
rihanna,11460100.0,8,73,169.84057971014494,176.5,0,0,2024-06-03/2024-06-09
rihanna,13169529.0,8,86,173.26190476190476,182.5,0,0,2024-06-10/2024-06-16
rihanna,13515840.0,8,79,163.7841726618705,171.0,0,0,2024-06-17/2024-06-23
rihanna,16240768.0,8,78,156.2804232804233,163.0,0,0,2024-06-24/2024-06-30
rihanna,13992237.0,7,34,160.69767441860466,167.5,0,2,2024-07-01/2024-07-07
rihanna,14627599.0,8,95,168.50344827586207,176.0,0,0,2024-07-08/2024-07-14
rihanna,16809406.0,6,98,170.5483870967742,180.0,0,0,2024-07-15/2024-07-21
rihanna,13101407.0,5,88,165.51063829787233,173.0,0,0,2024-07-22/2024-07-28
rihanna,12033462.0,5,87,164.248322147651,173.0,0,0,2024-07-29/2024-08-04
rihanna,15046049.0,6,78,164.74375,171.0,0,0,2024-08-05/2024-08-11
rihanna,13523747.0,5,51,160.58461538461538,166.0,0,0,2024-08-12/2024-08-18
rihanna,11224005.0,5,78,165.62745098039215,170.0,0,0,2024-08-19/2024-08-25
rihanna,9305134.0,6,83,170.22602739726028,178.5,0,0,2024-08-26/2024-09-01
rihanna,12747363.0,6,74,162.46242774566474,172.0,0,0,2024-09-02/2024-09-08
rihanna,11600775.0,5,62,157.72049689440993,163.0,0,0,2024-09-09/2024-09-15
rihanna,7855994.0,6,65,155.85064935064935,159.0,0,0,2024-09-16/2024-09-22
rihanna,10511711.0,5,69,158.65384615384616,165.0,0,0,2024-09-23/2024-09-29
rihanna,7262316.0,6,76,159.30882352941177,166.5,0,0,2024-09-30/2024-10-06
rihanna,2836888.0,7,70,157.23134328358208,166.0,0,0,2024-10-07/2024-10-13
rihanna,2824170.0,6,66,154.87769784172662,160.0,0,0,2024-10-14/2024-10-20
rihanna,2584659.0,6,83,162.57894736842104,170.0,0,0,2024-10-21/2024-10-27
rihanna,6091564.0,7,34,154.12698412698413,164.5,0,1,2024-10-28/2024-11-03
rihanna,1779353.0,6,71,153.13333333333333,157.0,0,0,2024-11-04/2024-11-10
rihanna,2002307.0,6,58,153.64566929133858,163.0,0,0,2024-11-11/2024-11-17
rihanna,1862262.0,3,48,146.73282442748092,153.0,0,1,2024-11-18/2024-11-24
rihanna,2052649.0,4,51,138.20714285714286,140.0,0,0,2024-11-25/2024-12-01
rihanna,1233475.0,3,32,138.9532710280374,144.0,0,1,2024-12-02/2024-12-08
rihanna,1732578.0,3,16,128.38524590163934,125.0,0,1,2024-12-09/2024-12-15
rihanna,2025704.0,2,16,117.096,107.0,0,1,2024-12-16/2024-12-22
rihanna,6443204.0,7,15,117.32758620689656,124.5,0,1,2024-12-23/2024-12-29
rihanna,26501801.0,7,14,126.51972157772622,138.0,0,2,2024-12-30/2025-01-05
rihanna,19977500.0,7,16,122.6078947368421,134.0,0,1,2025-01-06/2025-01-12
rihanna,28740662.0,7,14,120.36888888888889,130.5,0,1,2025-01-13/2025-01-19
rihanna,32238942.0,8,11,119.72674418604652,126.5,0,1,2025-01-20/2025-01-26
rihanna,37354751.0,9,12,125.4432809773124,134.0,0,1,2025-01-27/2025-02-02
rihanna,24790654.0,8,14,119.23873873873873,128.0,0,1,2025-02-03/2025-02-09
rihanna,27042890.0,8,19,127.83590733590734,135.0,0,1,2025-02-10/2025-02-16
rihanna,27279740.0,7,22,130.9806338028169,143.0,0,1,2025-02-17/2025-02-23
rihanna,25725916.0,7,20,131.87638376383765,139.0,0,1,2025-02-24/2025-03-02
rihanna,25308137.0,7,21,134.6903846153846,142.0,0,1,2025-03-03/2025-03-09
rihanna,20225983.0,7,26,139.302729528536,149.0,0,1,2025-03-10/2025-03-16
rihanna,14566888.0,7,49,143.9595015576324,151.0,0,1,2025-03-17/2025-03-23
rihanna,15548093.0,7,47,142.875,147.0,0,1,2025-03-24/2025-03-30
rihanna,21081664.0,7,49,149.78947368421052,157.0,0,1,2025-03-31/2025-04-06
rihanna,15406017.0,7,50,149.59237536656892,158.0,0,1,2025-04-07/2025-04-13
rihanna,17814117.0,8,53,152.24759615384616,159.0,0,0,2025-04-14/2025-04-20
rihanna,17944359.0,8,54,152.0046838407494,160.0,0,0,2025-04-21/2025-04-27
rihanna,15638635.0,8,61,154.62275449101796,161.0,0,0,2025-04-28/2025-05-04
rihanna,18769245.0,8,60,157.3,162.5,0,0,2025-05-05/2025-05-11
rihanna,13048025.0,9,44,157.0199203187251,165.0,0,1,2025-05-12/2025-05-18
rihanna,3486046.0,8,68,155.07522123893804,163.0,0,0,2025-05-19/2025-05-25
rihanna,9133449.0,8,83,158.84313725490196,166.0,0,0,2025-05-26/2025-06-01
rihanna,2440621.0,8,87,157.27027027027026,167.0,0,0,2025-06-02/2025-06-08
rihanna,4237741.0,7,86,160.06578947368422,164.0,0,0,2025-06-09/2025-06-15
rihanna,9915223.0,7,100,166.3793103448276,173.0,0,0,2025-06-16/2025-06-22
rihanna,10394458.0,7,105,166.16336633663366,171.5,0,0,2025-06-23/2025-06-29
rihanna,6095974.0,7,112,165.1942857142857,170.0,0,0,2025-06-30/2025-07-06
rihanna,8817054.0,7,101,168.9591836734694,169.0,0,0,2025-07-07/2025-07-13
rihanna,2914939.0,7,119,168.4488188976378,168.0,0,0,2025-07-14/2025-07-20
rihanna,1389213.0,6,124,170.4,172.5,0,0,2025-07-21/2025-07-27
rihanna,1869188.0,6,102,172.84962406015038,176.0,0,0,2025-07-28/2025-08-03
rihanna,4943027.0,7,93,168.77906976744185,175.0,0,0,2025-08-04/2025-08-10
rihanna,13948298.0,7,89,160.59815950920245,164.0,0,0,2025-08-11/2025-08-17
rihanna,24563995.0,7,39,131.36048879837068,136.0,0,1,2025-08-18/2025-08-24
rihanna,28947770.0,7,24,117.45940959409594,124.0,0,1,2025-08-25/2025-08-31
rihanna,30220092.0,7,19,119.08695652173913,132.0,0,1,2025-09-01/2025-09-07
rihanna,28175147.0,6,16,112.33836206896552,118.0,0,1,2025-09-08/2025-09-14
rihanna,35179366.0,8,13,113.8477508650519,127.5,0,1,2025-09-15/2025-09-21
rihanna,55020060.0,9,14,117.74733637747336,125.0,0,1,2025-09-22/2025-09-28
rihanna,62058515.0,9,19,123.72905027932961,129.0,0,2,2025-09-29/2025-10-05
rihanna,64719425.0,9,31,131.2859007832898,134.0,0,3,2025-10-06/2025-10-12
rihanna,66519718.0,9,33,131.04258064516128,134.0,0,3,2025-10-13/2025-10-19
rihanna,74195214.0,11,28,131.67570754716982,135.0,0,4,2025-10-20/2025-10-26
rihanna,77689193.0,11,18,134.1178756476684,139.5,0,3,2025-10-27/2025-11-02
rihanna,63358104.0,9,54,138.81223922114046,141.0,0,0,2025-11-03/2025-11-09
rihanna,73135899.0,12,45,139.7158774373259,138.0,0,1,2025-11-10/2025-11-16
rihanna,62072082.0,11,50,148.119335347432,149.0,0,1,2025-11-17/2025-11-23
rihanna,25724395.0,11,59,164.27714285714285,170.0,0,0,2025-11-24/2025-11-30
rihanna,19057230.0,9,59,163.7584745762712,168.0,0,0,2025-12-01/2025-12-07
rihanna,27226657.0,11,66,164.66381766381767,167.0,0,0,2025-12-08/2025-12-14
rihanna,29343392.0,12,64,164.48317307692307,167.0,0,0,2025-12-15/2025-12-21
rihanna,13276985.0,12,60,151.66346153846155,156.0,0,0,2025-12-22/2025-12-28
rihanna,75990239.0,13,16,123.9042944785276,126.0,0,4,2025-12-29/2026-01-04
rihanna,66718391.0,12,40,142.04055944055943,147.0,0,1,2026-01-05/2026-01-11
rihanna,62702923.0,12,47,147.1101055806938,153.0,0,1,2026-01-12/2026-01-18
rihanna,66326607.0,13,49,145.76429567642955,152.0,0,2,2026-01-19/2026-01-25
rihanna,59443621.0,11,45,142.4474074074074,146.0,0,1,2026-01-26/2026-02-01
rihanna,55675935.0,12,41,142.42278860569715,146.0,0,1,2026-02-02/2026-02-08
rihanna,72425139.0,11,40,137.4653846153846,141.0,0,1,2026-02-09/2026-02-15
rihanna,68917614.0,11,40,135.56420233463035,141.0,0,1,2026-02-16/2026-02-22
rihanna,84969431.0,12,39,137.07631578947368,142.0,0,1,2026-02-23/2026-03-01
rihanna,85478367.0,11,38,138.68225584594222,144.0,0,1,2026-03-02/2026-03-08
rihanna,80421290.0,10,32,140.29852941176472,148.0,0,3,2026-03-09/2026-03-15
rihanna,91778136.0,10,33,138.78474114441417,144.0,0,2,2026-03-16/2026-03-22
rihanna,72125475.0,11,37,139.8387573964497,144.0,0,2,2026-03-23/2026-03-29
rihanna,72566883.0,10,27,135.9106317411402,142.0,0,4,2026-03-30/2026-04-05
rihanna,78168129.0,10,27,136.86998616874135,142.0,0,3,2026-04-06/2026-04-12
rihanna,75544244.0,11,40,139.17894736842106,144.0,0,3,2026-04-13/2026-04-19
rihanna,70154294.0,9,41,139.3405676126878,146.0,0,2,2026-04-20/2026-04-26
rihanna,83885097.0,11,32,132.2064714946071,141.0,0,2,2026-04-27/2026-05-03
rihanna,82274963.0,11,34,135.92182410423453,140.0,0,2,2026-05-04/2026-05-10
rihanna,64096159.0,10,46,140.04646464646464,144.0,0,2,2026-05-11/2026-05-17
rihanna,47246232.0,7,36,138.99054373522458,143.0,0,2,2026-05-18/2026-05-24
rihanna,25926898.0,5,45,138.28853754940712,140.0,0,1,2026-05-25/2026-05-31
taylor swift,3688940.0,1,3,35.395833333333336,12.5,1,1,2016-12-26/2017-01-01
taylor swift,38312755.0,1,1,25.232984293193716,8.0,1,1,2017-01-02/2017-01-08
taylor swift,45408857.0,1,2,19.428571428571427,6.0,1,1,2017-01-09/2017-01-15
taylor swift,46533402.0,1,2,17.906493506493508,6.0,1,1,2017-01-16/2017-01-22
taylor swift,48844517.0,1,2,16.614987080103358,5.0,1,1,2017-01-23/2017-01-29
taylor swift,53304734.0,2,2,12.615776081424936,5.0,1,1,2017-01-30/2017-02-05
taylor swift,55752236.0,2,2,10.71501272264631,5.0,1,1,2017-02-06/2017-02-12
taylor swift,61188907.0,2,2,8.071246819338423,4.0,1,1,2017-02-13/2017-02-19
taylor swift,57309051.0,1,2,8.599489795918368,5.0,1,1,2017-02-20/2017-02-26
taylor swift,52575666.0,1,2,11.237244897959183,7.5,1,1,2017-02-27/2017-03-05
taylor swift,49305703.0,1,3,13.239795918367347,10.0,1,1,2017-03-06/2017-03-12
taylor swift,45832268.0,1,2,14.10204081632653,10.0,1,1,2017-03-13/2017-03-19
taylor swift,40019020.0,1,4,18.058673469387756,13.5,1,1,2017-03-20/2017-03-26
taylor swift,36509957.0,1,4,20.665816326530614,17.0,1,1,2017-03-27/2017-04-02
taylor swift,31168585.0,1,5,27.308290155440414,26.0,1,1,2017-04-03/2017-04-09
taylor swift,27115280.0,1,9,33.46666666666667,34.0,1,1,2017-04-10/2017-04-16
taylor swift,24896067.0,1,11,38.331550802139034,39.0,0,1,2017-04-17/2017-04-23
taylor swift,23953214.0,1,11,40.842666666666666,41.0,0,1,2017-04-24/2017-04-30
taylor swift,21967959.0,1,13,46.70540540540541,44.0,0,1,2017-05-01/2017-05-07
taylor swift,20419693.0,1,14,52.146341463414636,49.0,0,1,2017-05-08/2017-05-14
taylor swift,18778618.0,1,15,58.12602739726027,57.0,0,1,2017-05-15/2017-05-21
taylor swift,18030558.0,1,17,61.93314763231198,59.0,0,1,2017-05-22/2017-05-28
taylor swift,15843074.0,1,28,71.8859649122807,67.5,0,1,2017-05-29/2017-06-04
taylor swift,31037826.0,18,29,103.17657342657343,92.5,0,2,2017-06-05/2017-06-11
taylor swift,24716929.0,13,31,111.19929453262786,102.0,0,1,2017-06-12/2017-06-18
taylor swift,13697387.0,7,39,97.78100263852242,87.0,0,1,2017-06-19/2017-06-25
taylor swift,12507605.0,5,43,104.97486033519553,95.0,0,1,2017-06-26/2017-07-02
taylor swift,12848623.0,5,43,109.90985915492958,102.0,0,1,2017-07-03/2017-07-09
taylor swift,11344694.0,4,47,113.19881305637982,103.0,0,1,2017-07-10/2017-07-16
taylor swift,8061425.0,4,51,119.3177966101695,111.0,0,0,2017-07-17/2017-07-23
taylor swift,10197305.0,4,68,121.68350168350169,108.0,0,0,2017-07-24/2017-07-30
taylor swift,10409720.0,4,59,119.36912751677852,106.0,0,0,2017-07-31/2017-08-06
taylor swift,9982419.0,3,61,122.25783972125436,109.0,0,0,2017-08-07/2017-08-13
taylor swift,9747226.0,4,57,122.75357142857143,111.0,0,0,2017-08-14/2017-08-20
taylor swift,47280134.0,10,1,91.54528301886792,98.0,1,1,2017-08-21/2017-08-27
taylor swift,94137740.0,14,1,71.96116504854369,68.0,3,3,2017-08-28/2017-09-03
taylor swift,120145849.0,14,1,63.281225451688925,47.0,3,5,2017-09-04/2017-09-10
taylor swift,95776614.0,6,1,62.13145965548504,37.0,2,3,2017-09-11/2017-09-17
taylor swift,79965126.0,6,1,66.18606965174129,42.0,1,2,2017-09-18/2017-09-24
taylor swift,67987330.0,6,1,69.80655391120507,49.0,1,2,2017-09-25/2017-10-01
taylor swift,57586277.0,6,1,71.88452380952381,59.0,1,2,2017-10-02/2017-10-08
taylor swift,50859411.0,6,2,76.72166246851386,70.5,1,2,2017-10-09/2017-10-15
taylor swift,61230078.0,6,1,76.77142857142857,70.0,2,2,2017-10-16/2017-10-22
taylor swift,67991108.0,7,1,81.90212373037858,77.0,3,3,2017-10-23/2017-10-29
taylor swift,55203441.0,9,7,96.48472075869336,95.0,2,3,2017-10-30/2017-11-05
taylor swift,56355498.0,7,4,101.22113289760348,96.0,1,3,2017-11-06/2017-11-12
taylor swift,46262762.0,7,34,114.92250922509226,111.0,0,3,2017-11-13/2017-11-19
taylor swift,32215241.0,7,40,128.56567164179106,128.0,0,1,2017-11-20/2017-11-26
taylor swift,51691918.0,37,23,132.19602977667495,136.0,0,3,2017-11-27/2017-12-03
taylor swift,66854313.0,18,24,129.0339702760085,130.0,0,1,2017-12-04/2017-12-10
taylor swift,45274089.0,10,37,129.17349726775956,129.0,0,2,2017-12-11/2017-12-17
taylor swift,35273704.0,7,37,129.04515050167225,135.0,0,3,2017-12-18/2017-12-24
taylor swift,35791950.0,8,32,126.46290801186943,124.0,0,3,2017-12-25/2017-12-31
taylor swift,37767012.0,7,41,130.53857791225417,126.0,0,2,2018-01-01/2018-01-07
taylor swift,39071707.0,7,21,129.32089552238807,130.0,0,2,2018-01-08/2018-01-14
taylor swift,37091218.0,9,18,124.44049247606019,132.0,0,1,2018-01-15/2018-01-21
taylor swift,28263724.0,7,35,128.9671848013817,135.0,0,1,2018-01-22/2018-01-28
taylor swift,23632062.0,6,38,135.08251473477407,139.0,0,1,2018-01-29/2018-02-04
taylor swift,18685247.0,6,45,132.34916864608076,134.0,0,1,2018-02-05/2018-02-11
taylor swift,15105644.0,7,29,133.008356545961,133.0,0,2,2018-02-12/2018-02-18
taylor swift,12458569.0,6,58,146.36217948717947,149.0,0,0,2018-02-19/2018-02-25
taylor swift,9394635.0,6,66,157.22710622710622,164.0,0,0,2018-02-26/2018-03-04
taylor swift,5734081.0,8,71,157.40174672489084,167.0,0,0,2018-03-05/2018-03-11
taylor swift,8966535.0,8,29,140.88955223880598,149.0,0,1,2018-03-12/2018-03-18
taylor swift,17307454.0,9,16,111.529262086514,126.0,0,1,2018-03-19/2018-03-25
taylor swift,21848582.0,8,7,100.29078014184397,99.0,1,1,2018-03-26/2018-04-01
taylor swift,27619329.0,7,6,96.43198529411765,100.0,1,1,2018-04-02/2018-04-08
taylor swift,25559589.0,7,6,97.00418410041841,104.0,1,3,2018-04-09/2018-04-15
taylor swift,21387740.0,6,10,98.00757575757575,95.0,1,1,2018-04-16/2018-04-22
taylor swift,18962140.0,6,14,94.92628205128206,74.0,0,1,2018-04-23/2018-04-29
taylor swift,13065809.0,6,16,90.3256880733945,77.0,0,1,2018-04-30/2018-05-06
taylor swift,11915322.0,5,21,97.9047619047619,90.0,0,1,2018-05-07/2018-05-13
taylor swift,10678754.0,4,26,102.74111675126903,96.0,0,1,2018-05-14/2018-05-20
taylor swift,9349567.0,6,46,119.50847457627118,121.0,0,2,2018-05-21/2018-05-27
taylor swift,8414774.0,4,39,123.35897435897436,132.5,0,1,2018-05-28/2018-06-03
taylor swift,8306229.0,5,41,124.78378378378379,134.5,0,2,2018-06-04/2018-06-10
taylor swift,8452872.0,25,20,123.29268292682927,136.0,0,4,2018-06-11/2018-06-17
taylor swift,7009925.0,13,26,134.1818181818182,140.5,0,2,2018-06-18/2018-06-24
taylor swift,4859322.0,5,37,134.74193548387098,136.0,0,1,2018-06-25/2018-07-01
taylor swift,2216945.0,5,53,137.19354838709677,145.0,0,0,2018-07-02/2018-07-08
taylor swift,1343486.0,3,60,150.40816326530611,170.0,0,0,2018-07-09/2018-07-15
taylor swift,2052282.0,4,65,150.23636363636365,165.0,0,0,2018-07-16/2018-07-22
taylor swift,2141007.0,4,69,141.89583333333334,148.5,0,0,2018-07-23/2018-07-29
taylor swift,1980836.0,4,75,149.5909090909091,149.5,0,0,2018-07-30/2018-08-05
taylor swift,1550480.0,3,82,159.64583333333334,167.0,0,0,2018-08-06/2018-08-12
taylor swift,1233326.0,3,83,156.25714285714287,159.0,0,0,2018-08-13/2018-08-19
taylor swift,373245.0,3,82,149.93333333333334,160.5,0,0,2018-08-20/2018-08-26
taylor swift,325231.0,3,94,154.69565217391303,166.0,0,0,2018-08-27/2018-09-02
taylor swift,222317.0,3,127,172.73684210526315,185.0,0,0,2018-09-03/2018-09-09
taylor swift,111924.0,3,152,173.93333333333334,176.0,0,0,2018-09-10/2018-09-16
taylor swift,106510.0,3,159,171.0,170.5,0,0,2018-09-17/2018-09-23
taylor swift,77217.0,2,154,171.21428571428572,171.0,0,0,2018-09-24/2018-09-30
taylor swift,83573.0,2,118,153.92857142857142,159.0,0,0,2018-10-01/2018-10-07
taylor swift,259010.0,4,99,161.53571428571428,174.5,0,0,2018-10-08/2018-10-14
taylor swift,188351.0,3,105,161.2,178.0,0,0,2018-10-15/2018-10-21
taylor swift,208681.0,2,111,155.6,164.0,0,0,2018-10-22/2018-10-28
taylor swift,234869.0,2,109,148.57142857142858,129.5,0,0,2018-10-29/2018-11-04
taylor swift,308917.0,7,89,158.71875,167.5,0,0,2018-11-05/2018-11-11
taylor swift,153743.0,5,104,158.0,163.5,0,0,2018-11-12/2018-11-18
taylor swift,406855.0,11,54,131.24528301886792,138.0,0,0,2018-11-19/2018-11-25
taylor swift,150883.0,5,100,155.77272727272728,161.0,0,0,2018-11-26/2018-12-02
taylor swift,99190.0,5,117,155.22222222222223,140.5,0,0,2018-12-03/2018-12-09
taylor swift,135447.0,4,111,161.3,159.5,0,0,2018-12-10/2018-12-16
taylor swift,82774.0,3,110,154.0625,156.5,0,0,2018-12-17/2018-12-23
taylor swift,151732.0,3,85,163.46153846153845,175.0,0,0,2018-12-24/2018-12-30
taylor swift,689773.0,4,79,155.79710144927537,162.0,0,0,2018-12-31/2019-01-06
taylor swift,658632.0,4,84,155.42424242424244,159.5,0,0,2019-01-07/2019-01-13
taylor swift,380762.0,5,80,155.32,158.5,0,0,2019-01-14/2019-01-20
taylor swift,331468.0,5,79,159.24074074074073,164.5,0,0,2019-01-21/2019-01-27
taylor swift,193469.0,4,79,157.0392156862745,164.0,0,0,2019-01-28/2019-02-03
taylor swift,114803.0,4,92,150.70967741935485,155.0,0,0,2019-02-04/2019-02-10
taylor swift,153238.0,5,103,155.25714285714287,160.0,0,0,2019-02-11/2019-02-17
taylor swift,118129.0,5,95,154.11428571428573,164.0,0,0,2019-02-18/2019-02-24
taylor swift,289187.0,6,41,133.15384615384616,142.0,0,1,2019-02-25/2019-03-03
taylor swift,303684.0,6,46,125.47619047619048,124.0,0,1,2019-03-04/2019-03-10
taylor swift,302762.0,5,46,131.57142857142858,136.0,0,1,2019-03-11/2019-03-17
taylor swift,268785.0,5,51,128.10526315789474,130.0,0,0,2019-03-18/2019-03-24
taylor swift,253961.0,5,56,134.09259259259258,129.0,0,0,2019-03-25/2019-03-31
taylor swift,224347.0,5,60,131.11111111111111,132.0,0,0,2019-04-01/2019-04-07
taylor swift,210111.0,5,69,135.85714285714286,137.0,0,0,2019-04-08/2019-04-14
taylor swift,229385.0,5,79,136.06,142.0,0,0,2019-04-15/2019-04-21
taylor swift,36612843.0,11,1,71.67100977198697,51.0,1,2,2019-04-22/2019-04-28
taylor swift,60468497.0,10,1,64.61158432708689,35.0,1,1,2019-04-29/2019-05-05
taylor swift,50065740.0,9,1,59.49315068493151,29.0,1,1,2019-05-06/2019-05-12
taylor swift,41628746.0,9,2,67.66530612244898,40.0,1,1,2019-05-13/2019-05-19
taylor swift,34720820.0,8,4,69.67045454545455,44.0,1,1,2019-05-20/2019-05-26
taylor swift,29856529.0,11,4,69.66169154228855,44.0,1,1,2019-05-27/2019-06-02
taylor swift,25554550.0,13,5,73.81679389312977,49.0,1,1,2019-06-03/2019-06-09
taylor swift,49556894.0,11,1,76.98456790123457,59.0,2,3,2019-06-10/2019-06-16
taylor swift,71667260.0,11,1,71.38175675675676,52.0,2,3,2019-06-17/2019-06-23
taylor swift,64221615.0,8,2,67.07652399481194,51.0,2,2,2019-06-24/2019-06-30
taylor swift,54319552.0,9,5,72.9859747545582,58.0,1,2,2019-07-01/2019-07-07
taylor swift,45058903.0,7,6,74.8407960199005,64.0,1,2,2019-07-08/2019-07-14
taylor swift,39769030.0,7,10,79.2432915921288,71.0,1,2,2019-07-15/2019-07-21
taylor swift,61749192.0,11,2,81.84140435835351,68.0,2,3,2019-07-22/2019-07-28
taylor swift,50613843.0,10,8,83.9589216944801,67.0,1,3,2019-07-29/2019-08-04
taylor swift,40559154.0,8,17,90.0441400304414,82.0,0,3,2019-08-05/2019-08-11
taylor swift,52747472.0,9,1,86.82939632545931,78.0,1,4,2019-08-12/2019-08-18
taylor swift,273296773.0,28,1,76.5623113410953,61.0,12,21,2019-08-19/2019-08-25
taylor swift,345750156.0,21,1,74.95326435961469,61.0,6,18,2019-08-26/2019-09-01
taylor swift,181912964.0,20,2,92.61902259590121,89.0,2,11,2019-09-02/2019-09-08
taylor swift,108540796.0,20,4,103.00846805234796,102.0,1,6,2019-09-09/2019-09-15
taylor swift,80816695.0,19,7,102.1947261663286,101.0,1,5,2019-09-16/2019-09-22
taylor swift,58490937.0,16,9,104.2608125819135,104.0,1,4,2019-09-23/2019-09-29
taylor swift,45191172.0,12,12,106.57627118644068,104.0,0,4,2019-09-30/2019-10-06
taylor swift,39369638.0,10,11,108.64456721915286,104.0,0,3,2019-10-07/2019-10-13
taylor swift,33097669.0,8,19,112.08126410835214,107.0,0,2,2019-10-14/2019-10-20
taylor swift,29034068.0,8,25,118.61357702349869,118.0,0,2,2019-10-21/2019-10-27
taylor swift,24459392.0,8,28,123.79942693409743,128.0,0,2,2019-10-28/2019-11-03
taylor swift,22508437.0,8,27,123.76160990712074,124.0,0,2,2019-11-04/2019-11-10
taylor swift,42556587.0,11,6,106.40034965034965,105.5,1,3,2019-11-11/2019-11-17
taylor swift,38019677.0,9,15,105.27289377289377,105.0,0,3,2019-11-18/2019-11-24
taylor swift,31613218.0,8,19,112.54811715481172,109.0,0,2,2019-11-25/2019-12-01
taylor swift,26420551.0,10,23,121.05326876513317,121.0,0,3,2019-12-02/2019-12-08
taylor swift,20418456.0,7,36,130.21525885558583,133.0,0,2,2019-12-09/2019-12-15
taylor swift,14875259.0,7,34,126.56969696969696,126.0,0,1,2019-12-16/2019-12-22
taylor swift,17902127.0,7,37,120.68580060422961,114.0,0,2,2019-12-23/2019-12-29
taylor swift,12969237.0,7,38,134.14617940199335,134.0,0,1,2019-12-30/2020-01-05
taylor swift,10041097.0,6,48,140.1828793774319,137.0,0,1,2020-01-06/2020-01-12
taylor swift,6705779.0,5,55,140.16190476190476,135.0,0,0,2020-01-13/2020-01-19
taylor swift,6493970.0,5,59,138.3244680851064,134.0,0,0,2020-01-20/2020-01-26
taylor swift,17051802.0,8,25,128.96048632218844,125.0,0,1,2020-01-27/2020-02-02
taylor swift,34664275.0,8,19,118.56068376068376,117.0,0,1,2020-02-03/2020-02-09
taylor swift,24177372.0,8,22,126.12747252747253,127.0,0,2,2020-02-10/2020-02-16
taylor swift,12083530.0,7,35,140.01311475409835,140.0,0,1,2020-02-17/2020-02-23
taylor swift,9112659.0,7,62,149.05703422053233,151.0,0,0,2020-02-24/2020-03-01
taylor swift,7336558.0,7,59,147.75289575289574,149.0,0,0,2020-03-02/2020-03-08
taylor swift,2813793.0,7,73,149.66824644549763,148.0,0,0,2020-03-09/2020-03-15
taylor swift,3653628.0,6,73,148.11046511627907,151.0,0,0,2020-03-16/2020-03-22
taylor swift,4180627.0,6,93,154.89285714285714,159.5,0,0,2020-03-23/2020-03-29
taylor swift,1189646.0,6,102,150.21008403361344,148.0,0,0,2020-03-30/2020-04-05
taylor swift,1002954.0,5,99,152.02803738317758,150.0,0,0,2020-04-06/2020-04-12
taylor swift,1005535.0,5,101,151.8019801980198,150.0,0,0,2020-04-13/2020-04-19
taylor swift,1182713.0,6,53,149.87272727272727,149.0,0,0,2020-04-20/2020-04-26
taylor swift,1546237.0,6,54,145.52991452991452,149.0,0,0,2020-04-27/2020-05-03
taylor swift,1519307.0,7,68,148.46610169491527,149.0,0,0,2020-05-04/2020-05-10
taylor swift,1335400.0,6,96,155.06306306306305,159.0,0,0,2020-05-11/2020-05-17
taylor swift,1889593.0,8,89,152.84,154.0,0,0,2020-05-18/2020-05-24
taylor swift,1726467.0,7,51,142.30833333333334,141.0,0,0,2020-05-25/2020-05-31
taylor swift,1920716.0,7,31,138.24615384615385,137.5,0,1,2020-06-01/2020-06-07
taylor swift,2134811.0,7,26,141.34814814814814,139.0,0,1,2020-06-08/2020-06-14
taylor swift,1945905.0,7,27,142.76271186440678,142.0,0,1,2020-06-15/2020-06-21
taylor swift,1915987.0,7,27,147.4322033898305,150.5,0,1,2020-06-22/2020-06-28
taylor swift,1648417.0,6,31,155.38095238095238,162.0,0,1,2020-06-29/2020-07-05
taylor swift,1569923.0,6,33,155.44791666666666,162.0,0,1,2020-07-06/2020-07-12
taylor swift,1532251.0,6,39,163.59782608695653,171.0,0,1,2020-07-13/2020-07-19
taylor swift,341702068.0,33,1,81.03224230581338,70.0,16,23,2020-07-20/2020-07-26
taylor swift,428439563.0,23,1,77.53382404486506,60.0,10,17,2020-07-27/2020-08-02
taylor swift,236867813.0,21,1,91.74323607427056,86.0,3,16,2020-08-03/2020-08-09
taylor swift,141555579.0,20,5,105.97666934835077,109.0,2,8,2020-08-10/2020-08-16
taylor swift,92512040.0,20,8,110.97874852420307,118.0,1,4,2020-08-17/2020-08-23
taylor swift,59901933.0,17,17,111.13430127041742,112.0,0,4,2020-08-24/2020-08-30
taylor swift,39316596.0,11,21,107.05037783375315,100.0,0,3,2020-08-31/2020-09-06
taylor swift,30794945.0,9,22,111.95195195195195,108.0,0,3,2020-09-07/2020-09-13
taylor swift,27682590.0,8,34,118.96308724832215,121.5,0,1,2020-09-14/2020-09-20
taylor swift,20970518.0,8,35,124.7905138339921,129.0,0,1,2020-09-21/2020-09-27
taylor swift,17131012.0,5,46,132.55392156862746,133.5,0,1,2020-09-28/2020-10-04
taylor swift,10045886.0,5,55,138.70666666666668,142.0,0,0,2020-10-05/2020-10-11
taylor swift,7837595.0,5,51,137.5793650793651,136.0,0,0,2020-10-12/2020-10-18
taylor swift,6312894.0,5,61,142.02678571428572,146.0,0,0,2020-10-19/2020-10-25
taylor swift,2444798.0,3,63,143.69230769230768,153.5,0,0,2020-10-26/2020-11-01
taylor swift,1040696.0,3,74,146.0,150.0,0,0,2020-11-02/2020-11-08
taylor swift,897434.0,3,74,145.51666666666668,157.0,0,0,2020-11-09/2020-11-15
taylor swift,809043.0,4,72,147.88679245283018,158.0,0,0,2020-11-16/2020-11-22
taylor swift,6301364.0,5,74,147.11881188118812,153.0,0,0,2020-11-23/2020-11-29
taylor swift,5769175.0,5,75,152.17307692307693,157.5,0,0,2020-11-30/2020-12-06
taylor swift,283945991.0,31,1,90.75491480996068,82.0,10,17,2020-12-07/2020-12-13
taylor swift,287176821.0,20,1,94.51965811965812,88.0,7,15,2020-12-14/2020-12-20
taylor swift,93424035.0,19,7,108.3202170963365,108.0,1,6,2020-12-21/2020-12-27
taylor swift,70346145.0,19,6,99.04245283018868,94.5,1,5,2020-12-28/2021-01-03
taylor swift,63072671.0,19,8,100.86593059936908,94.0,1,2,2021-01-04/2021-01-10
taylor swift,38989467.0,10,12,94.88427947598254,82.5,0,2,2021-01-11/2021-01-17
taylor swift,30448037.0,8,14,86.69482288828338,77.0,0,1,2021-01-18/2021-01-24
taylor swift,24093291.0,5,15,89.61128526645768,80.0,0,1,2021-01-25/2021-01-31
taylor swift,20543339.0,7,20,92.73139158576052,79.0,0,1,2021-02-01/2021-02-07
taylor swift,48812199.0,11,1,94.69364161849711,91.0,1,3,2021-02-08/2021-02-14
taylor swift,37784853.0,9,5,93.79789473684211,85.0,1,2,2021-02-15/2021-02-21
taylor swift,26895441.0,7,28,108.7568306010929,103.0,0,2,2021-02-22/2021-02-28
taylor swift,19160011.0,7,37,122.14666666666666,124.5,0,2,2021-03-01/2021-03-07
taylor swift,13482474.0,7,46,129.4417670682731,135.0,0,1,2021-03-08/2021-03-14
taylor swift,21842494.0,11,39,131.0,136.5,0,1,2021-03-15/2021-03-21
taylor swift,23397671.0,7,2,121.87658227848101,125.0,1,2,2021-03-22/2021-03-28
taylor swift,21172863.0,7,26,122.32442748091603,123.0,0,1,2021-03-29/2021-04-04
taylor swift,204964797.0,37,1,96.92006525285481,93.0,9,28,2021-04-05/2021-04-11
taylor swift,97821635.0,31,6,106.51310043668123,105.5,3,16,2021-04-12/2021-04-18
taylor swift,29720442.0,19,20,119.07552083333333,122.5,0,3,2021-04-19/2021-04-25
taylor swift,16589015.0,10,26,131.5625,136.0,0,2,2021-04-26/2021-05-02
taylor swift,9007386.0,9,36,135.61904761904762,139.0,0,1,2021-05-03/2021-05-09
taylor swift,7075380.0,5,41,131.51063829787233,133.0,0,1,2021-05-10/2021-05-16
taylor swift,4064896.0,4,55,138.7109375,147.5,0,0,2021-05-17/2021-05-23
taylor swift,3274139.0,4,83,155.10569105691056,155.0,0,0,2021-05-24/2021-05-30
taylor swift,2131646.0,5,91,157.69642857142858,157.0,0,0,2021-05-31/2021-06-06
taylor swift,1750446.0,6,102,162.33673469387756,162.5,0,0,2021-06-07/2021-06-13
taylor swift,2333055.0,12,51,156.09166666666667,152.0,0,0,2021-06-14/2021-06-20
taylor swift,1745092.0,7,100,151.54455445544554,150.0,0,0,2021-06-21/2021-06-27
taylor swift,6537201.0,5,24,146.546875,152.0,0,1,2021-06-28/2021-07-04
taylor swift,5015943.0,5,52,150.23841059602648,154.0,0,0,2021-07-05/2021-07-11
taylor swift,1503301.0,5,66,149.92391304347825,152.5,0,0,2021-07-12/2021-07-18
taylor swift,1383997.0,5,111,157.0,156.5,0,0,2021-07-19/2021-07-25
taylor swift,1200822.0,6,51,165.61428571428573,168.0,0,0,2021-07-26/2021-08-01
taylor swift,1375945.0,5,86,161.06756756756758,162.0,0,0,2021-08-02/2021-08-08
taylor swift,1145414.0,3,120,162.14666666666668,162.0,0,0,2021-08-09/2021-08-15
taylor swift,1042098.0,3,132,166.15277777777777,167.5,0,0,2021-08-16/2021-08-22
taylor swift,1081955.0,4,129,170.3013698630137,173.0,0,0,2021-08-23/2021-08-29
taylor swift,1622314.0,4,75,163.06578947368422,169.0,0,0,2021-08-30/2021-09-05
taylor swift,1972410.0,5,62,156.06451612903226,166.0,0,0,2021-09-06/2021-09-12
taylor swift,19382220.0,6,4,121.89788732394366,129.0,1,1,2021-09-13/2021-09-19
taylor swift,33757278.0,6,10,118.85106382978724,127.0,1,1,2021-09-20/2021-09-26
taylor swift,27523717.0,6,18,121.50746268656717,132.0,0,1,2021-09-27/2021-10-03
taylor swift,19304368.0,7,38,133.89347079037802,140.0,0,1,2021-10-04/2021-10-10
taylor swift,15854460.0,7,49,143.86521739130436,148.0,0,1,2021-10-11/2021-10-17
taylor swift,14721762.0,9,66,155.0,156.0,0,0,2021-10-18/2021-10-24
taylor swift,12230469.0,8,79,154.3047619047619,155.0,0,0,2021-10-25/2021-10-31
taylor swift,14876163.0,11,76,153.7792207792208,160.0,0,0,2021-11-01/2021-11-07
taylor swift,423638933.0,66,1,90.31241473396999,81.0,15,46,2021-11-08/2021-11-14
taylor swift,456007544.0,47,1,92.79310344827586,87.0,8,31,2021-11-15/2021-11-21
taylor swift,162718943.0,37,1,105.74947515745276,105.0,1,7,2021-11-22/2021-11-28
taylor swift,81829972.0,28,1,114.81704545454545,125.0,2,5,2021-11-29/2021-12-05
taylor swift,51024873.0,18,2,117.44350758853288,137.0,1,3,2021-12-06/2021-12-12
taylor swift,39394150.0,14,4,111.7957244655582,126.0,1,3,2021-12-13/2021-12-19
taylor swift,36854616.0,14,5,112.10512129380054,119.0,1,3,2021-12-20/2021-12-26
taylor swift,34787889.0,13,7,108.05929919137466,116.0,1,3,2021-12-27/2022-01-02
taylor swift,32988342.0,11,9,113.84657534246575,125.0,1,3,2022-01-03/2022-01-09
taylor swift,30131835.0,10,11,111.9,119.0,0,3,2022-01-10/2022-01-16
taylor swift,28761834.0,10,14,116.22972972972973,123.5,0,3,2022-01-17/2022-01-23
taylor swift,28104757.0,9,13,116.11846689895471,125.0,0,3,2022-01-24/2022-01-30
taylor swift,24918956.0,9,15,115.40234375,118.5,0,3,2022-01-31/2022-02-06
taylor swift,35549543.0,12,2,100.69354838709677,105.0,1,4,2022-02-07/2022-02-13
taylor swift,44221309.0,11,6,96.03174603174604,96.5,1,3,2022-02-14/2022-02-20
taylor swift,33189247.0,11,10,103.95157384987894,105.0,1,3,2022-02-21/2022-02-27
taylor swift,29895991.0,11,16,112.79946524064171,115.0,0,3,2022-02-28/2022-03-06
taylor swift,24942677.0,11,15,115.66257668711657,122.0,0,3,2022-03-07/2022-03-13
taylor swift,22480816.0,11,13,123.23003194888179,137.0,0,3,2022-03-14/2022-03-20
taylor swift,20397499.0,10,15,124.64539007092199,131.5,0,3,2022-03-21/2022-03-27
taylor swift,20974056.0,10,18,123.54873646209386,129.0,0,3,2022-03-28/2022-04-03
taylor swift,19469016.0,11,20,126.17090909090909,130.0,0,3,2022-04-04/2022-04-10
taylor swift,16066208.0,11,26,127.43076923076923,123.5,0,3,2022-04-11/2022-04-17
taylor swift,14861586.0,11,36,131.8171206225681,128.0,0,1,2022-04-18/2022-04-24
taylor swift,13317614.0,11,44,131.53846153846155,134.0,0,1,2022-04-25/2022-05-01
taylor swift,35600725.0,17,2,113.71261682242991,115.0,1,4,2022-05-02/2022-05-08
taylor swift,28005650.0,15,4,117.41588785046729,121.5,1,4,2022-05-09/2022-05-15
taylor swift,24759854.0,17,27,118.29936305732484,122.0,0,4,2022-05-16/2022-05-22
taylor swift,25543343.0,16,15,108.90149892933619,107.0,0,3,2022-05-23/2022-05-29
taylor swift,28642708.0,16,13,103.5375,94.0,0,3,2022-05-30/2022-06-05
taylor swift,28351768.0,17,16,107.50641025641026,102.0,0,3,2022-06-06/2022-06-12
taylor swift,28523995.0,17,22,113.71490280777537,108.0,0,3,2022-06-13/2022-06-19
taylor swift,36221223.0,20,17,119.59099437148218,120.0,0,4,2022-06-20/2022-06-26
taylor swift,29295629.0,18,38,122.28151260504201,129.0,0,3,2022-06-27/2022-07-03
taylor swift,29354584.0,16,39,118.7478448275862,123.0,0,3,2022-07-04/2022-07-10
taylor swift,31103182.0,17,40,119.86680761099366,122.0,0,3,2022-07-11/2022-07-17
taylor swift,30818804.0,18,33,121.02375809935205,119.0,0,3,2022-07-18/2022-07-24
taylor swift,32875069.0,23,3,122.09433962264151,125.0,1,4,2022-07-25/2022-07-31
taylor swift,52506182.0,30,1,113.5818759936407,116.0,1,5,2022-08-01/2022-08-07
taylor swift,41399520.0,16,16,120.71280991735537,123.0,0,5,2022-08-08/2022-08-14
taylor swift,38971128.0,16,19,123.97577092511013,129.5,0,4,2022-08-15/2022-08-21
taylor swift,35973421.0,16,22,128.27431421446383,137.0,0,2,2022-08-22/2022-08-28
taylor swift,45832522.0,16,15,121.72762645914396,127.0,0,2,2022-08-29/2022-09-04
taylor swift,39646960.0,16,28,126.1456953642384,131.0,0,2,2022-09-05/2022-09-11
taylor swift,37661001.0,16,31,131.95486935866984,142.0,0,2,2022-09-12/2022-09-18
taylor swift,37417108.0,16,38,138.94581280788177,151.0,0,1,2022-09-19/2022-09-25
taylor swift,38603187.0,17,37,132.55824175824176,134.0,0,1,2022-09-26/2022-10-02
taylor swift,42136906.0,17,35,131.35805084745763,134.0,0,2,2022-10-03/2022-10-09
taylor swift,39833703.0,18,32,134.31533477321815,140.0,0,2,2022-10-10/2022-10-16
taylor swift,848805267.0,47,1,66.93464758304077,48.0,12,32,2022-10-17/2022-10-23
taylor swift,1125360452.0,36,1,71.4309262166405,57.0,11,23,2022-10-24/2022-10-30
taylor swift,767134814.0,35,1,79.50090854027862,69.0,10,21,2022-10-31/2022-11-06
taylor swift,557787212.0,35,1,88.24325061358059,83.0,8,17,2022-11-07/2022-11-13
taylor swift,452222661.0,34,1,90.6561503013116,89.0,8,16,2022-11-14/2022-11-20
taylor swift,331690354.0,34,1,94.08564814814815,92.0,4,15,2022-11-21/2022-11-27
taylor swift,246858598.0,33,1,97.36482939632546,97.0,2,11,2022-11-28/2022-12-04
taylor swift,184763459.0,30,1,104.69602032176122,111.0,2,8,2022-12-05/2022-12-11
taylor swift,146448640.0,28,1,109.80078508341511,116.0,2,6,2022-12-12/2022-12-18
taylor swift,104176068.0,26,3,110.67945544554455,113.0,1,5,2022-12-19/2022-12-25
taylor swift,120798710.0,26,2,96.46352413019079,99.0,2,4,2022-12-26/2023-01-01
taylor swift,139465648.0,24,3,98.06760847628658,104.0,2,4,2023-01-02/2023-01-08
taylor swift,116665831.0,23,3,100.53653217011995,106.0,1,4,2023-01-09/2023-01-15
taylor swift,115423945.0,23,4,103.77521929824562,112.0,1,3,2023-01-16/2023-01-22
taylor swift,122224080.0,23,4,104.92102454642476,112.0,1,3,2023-01-23/2023-01-29
taylor swift,112615210.0,23,4,105.00457142857142,109.0,1,3,2023-01-30/2023-02-05
taylor swift,104395997.0,23,4,103.71841155234657,107.0,1,3,2023-02-06/2023-02-12
taylor swift,81929098.0,22,5,100.18655692729767,96.0,1,3,2023-02-13/2023-02-19
taylor swift,79276083.0,22,7,101.42265193370166,96.0,1,3,2023-02-20/2023-02-26
taylor swift,80073061.0,20,7,104.265625,101.0,1,4,2023-02-27/2023-03-05
taylor swift,72994979.0,20,8,102.2481089258699,95.0,1,2,2023-03-06/2023-03-12
taylor swift,135288628.0,32,1,101.0844017094017,95.0,2,11,2023-03-13/2023-03-19
taylor swift,224131751.0,30,5,100.66005665722379,99.0,2,8,2023-03-20/2023-03-26
taylor swift,197452579.0,25,5,99.05379746835443,99.0,2,8,2023-03-27/2023-04-02
taylor swift,183284726.0,29,4,98.72285966460724,97.0,1,8,2023-04-03/2023-04-09
taylor swift,189246311.0,27,5,98.51909722222223,96.0,1,8,2023-04-10/2023-04-16
taylor swift,192039085.0,26,7,100.51897616946161,101.0,1,8,2023-04-17/2023-04-23
taylor swift,200560884.0,27,8,103.31916738941891,102.0,1,9,2023-04-24/2023-04-30
taylor swift,201897256.0,31,7,104.54234388366125,102.0,1,9,2023-05-01/2023-05-07
taylor swift,226151500.0,28,7,101.81382113821138,97.0,1,9,2023-05-08/2023-05-14
taylor swift,220475487.0,28,9,104.18018018018019,99.0,2,10,2023-05-15/2023-05-21
taylor swift,301106219.0,38,1,98.79078694817659,94.0,5,15,2023-05-22/2023-05-28
taylor swift,298967391.0,33,5,100.9856303069889,97.0,3,17,2023-05-29/2023-06-04
taylor swift,263352788.0,32,8,112.84353741496598,113.0,1,13,2023-06-05/2023-06-11
taylor swift,233258187.0,30,4,112.02036199095022,116.0,1,12,2023-06-12/2023-06-18
taylor swift,262684208.0,50,1,103.49801023308699,103.0,5,16,2023-06-19/2023-06-25
taylor swift,286930237.0,53,1,99.37727272727273,96.5,6,20,2023-06-26/2023-07-02
taylor swift,736649004.0,84,1,90.3505875769446,83.0,16,43,2023-07-03/2023-07-09
taylor swift,609164124.0,66,1,93.25551470588235,88.0,10,36,2023-07-10/2023-07-16
taylor swift,352468128.0,53,3,98.88729128014842,99.0,3,20,2023-07-17/2023-07-23
taylor swift,294893600.0,40,3,99.50705019740553,96.0,1,15,2023-07-24/2023-07-30
taylor swift,325987501.0,44,3,96.09909909909909,90.0,2,16,2023-07-31/2023-08-06
taylor swift,377188261.0,55,2,99.94800537875392,98.0,2,18,2023-08-07/2023-08-13
taylor swift,338148329.0,42,1,98.00964320154291,92.0,1,14,2023-08-14/2023-08-20
taylor swift,320329030.0,36,2,98.5320677270395,92.0,1,12,2023-08-21/2023-08-27
taylor swift,304408629.0,32,2,98.87532739654269,94.0,1,9,2023-08-28/2023-09-03
taylor swift,265211116.0,29,2,97.53567110036276,94.0,1,10,2023-09-04/2023-09-10
taylor swift,245234222.0,27,2,99.52584556477345,98.0,1,8,2023-09-11/2023-09-17
taylor swift,233934392.0,27,2,99.7069547602971,98.0,1,7,2023-09-18/2023-09-24
taylor swift,245882759.0,27,3,99.10665804783451,97.0,1,7,2023-09-25/2023-10-01
taylor swift,232767916.0,26,3,99.62242090784044,97.0,1,7,2023-10-02/2023-10-08
taylor swift,245571933.0,31,3,101.68246753246753,103.0,1,9,2023-10-09/2023-10-15
taylor swift,300460222.0,35,2,101.0530183727034,103.0,2,10,2023-10-16/2023-10-22
taylor swift,930508447.0,57,1,82.3476439790576,73.0,13,32,2023-10-23/2023-10-29
taylor swift,801402489.0,47,1,90.0301576422207,85.0,10,27,2023-10-30/2023-11-05
taylor swift,482185646.0,51,1,99.78645646721606,100.0,5,15,2023-11-06/2023-11-12
taylor swift,390205868.0,34,1,100.07695810564663,100.0,3,11,2023-11-13/2023-11-19
taylor swift,306359545.0,29,3,105.88901601830663,109.0,2,7,2023-11-20/2023-11-26
taylor swift,333949714.0,33,1,103.6030701754386,107.0,2,10,2023-11-27/2023-12-03
taylor swift,267911805.0,27,2,107.71645736946464,113.0,2,7,2023-12-04/2023-12-10
taylor swift,224743693.0,24,2,111.707102952913,117.0,1,5,2023-12-11/2023-12-17
taylor swift,194263496.0,22,4,116.27864344637946,121.0,1,6,2023-12-18/2023-12-24
taylor swift,191760141.0,23,2,108.57890295358649,110.0,1,6,2023-12-25/2023-12-31
taylor swift,207531234.0,23,2,105.17669459253618,109.0,1,6,2024-01-01/2024-01-07
taylor swift,203082715.0,22,2,105.96481178396073,110.0,1,5,2024-01-08/2024-01-14
taylor swift,184202827.0,21,3,105.45081967213115,112.0,1,4,2024-01-15/2024-01-21
taylor swift,171162141.0,22,4,105.85872855701312,109.0,1,4,2024-01-22/2024-01-28
taylor swift,177469603.0,28,4,107.125,108.0,1,4,2024-01-29/2024-02-04
taylor swift,212726513.0,37,2,106.38530734632684,110.0,1,5,2024-02-05/2024-02-11
taylor swift,218421557.0,55,1,102.33038749150238,104.0,3,20,2024-02-12/2024-02-18
taylor swift,221299473.0,55,1,98.05504019789734,98.0,3,20,2024-02-19/2024-02-25
taylor swift,201031471.0,70,1,91.61406844106465,86.0,9,40,2024-02-26/2024-03-03
taylor swift,204003521.0,78,1,92.26516052318668,86.0,10,41,2024-03-04/2024-03-10
taylor swift,178311385.0,66,1,98.38757596218771,97.0,4,27,2024-03-11/2024-03-17
taylor swift,170649034.0,53,2,100.2937595129376,100.0,2,18,2024-03-18/2024-03-24
taylor swift,140783320.0,43,2,103.15145813734713,101.0,1,10,2024-03-25/2024-03-31
taylor swift,113344932.0,33,4,107.62244897959184,108.0,1,4,2024-04-01/2024-04-07
taylor swift,111970628.0,32,4,110.53908984830805,110.0,1,3,2024-04-08/2024-04-14
taylor swift,1349220109.0,66,1,73.91338100102145,60.0,15,40,2024-04-15/2024-04-21
taylor swift,1540375210.0,40,1,78.1470588235294,64.0,10,32,2024-04-22/2024-04-28
taylor swift,873386804.0,39,1,85.72530945483277,76.0,7,24,2024-04-29/2024-05-05
taylor swift,635758102.0,37,2,91.41292829388908,85.0,3,16,2024-05-06/2024-05-12
taylor swift,536259293.0,53,2,95.27113934100834,87.0,3,15,2024-05-13/2024-05-19
taylor swift,387186068.0,51,4,97.91291439881248,92.0,2,9,2024-05-20/2024-05-26
taylor swift,303968591.0,26,3,97.03168567807352,90.0,1,6,2024-05-27/2024-06-02
taylor swift,255035115.0,26,4,99.94308357348703,98.0,1,7,2024-06-03/2024-06-09
taylor swift,214685456.0,25,5,101.46214511041009,101.0,2,7,2024-06-10/2024-06-16
taylor swift,195608578.0,29,8,103.25517812758906,105.0,2,8,2024-06-17/2024-06-23
taylor swift,194546529.0,55,3,98.05267118133935,96.0,3,24,2024-06-24/2024-06-30
taylor swift,150067201.0,44,8,101.2350710900474,97.0,2,14,2024-07-01/2024-07-07
taylor swift,138454252.0,38,3,100.33434650455926,100.0,2,8,2024-07-08/2024-07-14
taylor swift,132755326.0,17,10,98.55416191562144,97.0,1,4,2024-07-15/2024-07-21
taylor swift,107179975.0,16,12,101.85880829015544,102.0,0,3,2024-07-22/2024-07-28
taylor swift,128030503.0,17,10,101.29082774049218,101.0,2,4,2024-07-29/2024-08-04
taylor swift,120871712.0,41,2,104.34864300626305,102.5,1,6,2024-08-05/2024-08-11
taylor swift,121915456.0,20,9,104.37121212121212,105.0,1,4,2024-08-12/2024-08-18
taylor swift,115658923.0,20,9,104.06524633821572,103.0,1,4,2024-08-19/2024-08-25
taylor swift,96607963.0,9,14,109.12479740680713,109.0,0,3,2024-08-26/2024-09-01
taylor swift,87821768.0,10,14,107.15855855855855,103.0,0,3,2024-09-02/2024-09-08
taylor swift,82918167.0,9,15,107.67120622568093,108.0,0,3,2024-09-09/2024-09-15
taylor swift,77831784.0,10,13,110.45093945720251,112.0,0,2,2024-09-16/2024-09-22
taylor swift,69649649.0,9,15,110.97916666666667,105.0,0,2,2024-09-23/2024-09-29
taylor swift,64340595.0,10,15,108.8525,101.5,0,2,2024-09-30/2024-10-06
taylor swift,54492759.0,8,17,108.60571428571428,102.0,0,2,2024-10-07/2024-10-13
taylor swift,45800091.0,6,22,105.76491228070175,97.0,0,1,2024-10-14/2024-10-20
taylor swift,44300897.0,6,17,105.60507246376811,100.0,0,1,2024-10-21/2024-10-27
taylor swift,41345320.0,6,26,111.78810408921933,107.0,0,1,2024-10-28/2024-11-03
taylor swift,40202541.0,6,26,106.94552529182879,103.0,0,1,2024-11-04/2024-11-10
taylor swift,39457819.0,17,21,114.98969072164948,113.0,0,2,2024-11-11/2024-11-17
taylor swift,31783646.0,10,26,116.931330472103,111.0,0,1,2024-11-18/2024-11-24
taylor swift,24475839.0,5,24,112.17277486910994,104.0,0,1,2024-11-25/2024-12-01
taylor swift,46419489.0,7,21,117.9469696969697,117.0,0,2,2024-12-02/2024-12-08
taylor swift,41730069.0,7,26,121.60740740740741,125.0,0,1,2024-12-09/2024-12-15
taylor swift,37482191.0,5,27,119.2520325203252,114.0,0,1,2024-12-16/2024-12-22
taylor swift,39922445.0,6,26,109.95901639344262,100.0,0,2,2024-12-23/2024-12-29
taylor swift,32339280.0,6,23,111.3048780487805,111.5,0,1,2024-12-30/2025-01-05
taylor swift,27569367.0,5,24,112.70476190476191,109.0,0,1,2025-01-06/2025-01-12
taylor swift,20677152.0,4,32,115.03804347826087,111.5,0,1,2025-01-13/2025-01-19
taylor swift,20386581.0,4,31,118.64285714285714,107.5,0,1,2025-01-20/2025-01-26
taylor swift,16114080.0,4,37,120.09210526315789,116.0,0,1,2025-01-27/2025-02-02
taylor swift,21251484.0,4,42,129.52601156069363,131.0,0,1,2025-02-03/2025-02-09
taylor swift,16925917.0,6,49,133.86184210526315,136.0,0,1,2025-02-10/2025-02-16
taylor swift,13242277.0,4,50,133.1769911504425,135.0,0,1,2025-02-17/2025-02-23
taylor swift,13283967.0,3,54,132.1958762886598,136.0,0,0,2025-02-24/2025-03-02
taylor swift,13355121.0,2,58,131.40625,132.5,0,0,2025-03-03/2025-03-09
taylor swift,12334502.0,3,61,146.88888888888889,152.0,0,0,2025-03-10/2025-03-16
taylor swift,11732354.0,1,59,144.42307692307693,149.5,0,0,2025-03-17/2025-03-23
taylor swift,13031369.0,3,66,136.89655172413794,140.0,0,0,2025-03-24/2025-03-30
taylor swift,12524017.0,2,62,135.21951219512195,133.0,0,0,2025-03-31/2025-04-06
taylor swift,12437373.0,2,59,133.17391304347825,135.0,0,0,2025-04-07/2025-04-13
taylor swift,12171093.0,2,57,128.41052631578947,124.0,0,0,2025-04-14/2025-04-20
taylor swift,12083941.0,2,59,134.48936170212767,129.5,0,0,2025-04-21/2025-04-27
taylor swift,12050685.0,5,63,136.73958333333334,133.0,0,0,2025-04-28/2025-05-04
taylor swift,11838462.0,4,66,141.3372093023256,139.5,0,0,2025-05-05/2025-05-11
taylor swift,11661579.0,2,68,140.33333333333334,139.0,0,0,2025-05-12/2025-05-18
taylor swift,12152753.0,1,76,139.59036144578315,141.0,0,0,2025-05-19/2025-05-25
taylor swift,15823019.0,9,64,141.88990825688074,140.0,0,0,2025-05-26/2025-06-01
taylor swift,27280359.0,9,49,130.1573033707865,128.0,0,1,2025-06-02/2025-06-08
taylor swift,20146605.0,6,55,134.57246376811594,134.0,0,0,2025-06-09/2025-06-15
taylor swift,14967263.0,4,60,141.31578947368422,144.0,0,0,2025-06-16/2025-06-22
taylor swift,14242839.0,3,72,145.44761904761904,145.0,0,0,2025-06-23/2025-06-29
taylor swift,13461182.0,3,76,143.5157894736842,142.0,0,0,2025-06-30/2025-07-06
taylor swift,15623551.0,4,68,140.4957264957265,142.0,0,0,2025-07-07/2025-07-13
taylor swift,15169061.0,3,69,142.2018348623853,146.0,0,0,2025-07-14/2025-07-20
taylor swift,16603545.0,4,62,137.67768595041323,137.0,0,0,2025-07-21/2025-07-27
taylor swift,35527812.0,7,15,122.71748878923766,124.0,0,1,2025-07-28/2025-08-03
taylor swift,36197946.0,7,38,126.51271186440678,125.5,0,1,2025-08-04/2025-08-10
taylor swift,64930499.0,10,47,124.70882352941176,124.0,0,1,2025-08-11/2025-08-17
taylor swift,47135136.0,8,43,126.4307116104869,124.0,0,2,2025-08-18/2025-08-24
taylor swift,79203552.0,14,27,123.52173913043478,124.0,0,3,2025-08-25/2025-08-31
taylor swift,53225376.0,9,51,137.1851851851852,140.0,0,0,2025-09-01/2025-09-07
taylor swift,41110082.0,9,61,147.9744680851064,153.0,0,0,2025-09-08/2025-09-14
taylor swift,48174426.0,10,65,147.7421875,153.0,0,0,2025-09-15/2025-09-21
taylor swift,42698910.0,9,64,147.51541850220264,150.0,0,0,2025-09-22/2025-09-28
taylor swift,1003935503.0,20,1,47.640776699029125,22.0,11,13,2025-09-29/2025-10-05
taylor swift,1184300923.0,19,1,52.25669481302774,31.0,10,12,2025-10-06/2025-10-12
taylor swift,696269906.0,16,1,57.245608220086176,38.0,9,12,2025-10-13/2025-10-19
taylor swift,505301113.0,15,1,64.9957805907173,47.0,8,12,2025-10-20/2025-10-26
taylor swift,399158058.0,17,1,71.1018372703412,56.0,6,12,2025-10-27/2025-11-02
taylor swift,332282298.0,16,1,70.90618892508144,56.0,4,12,2025-11-03/2025-11-09
taylor swift,254496248.0,16,1,71.78445512820512,60.0,2,7,2025-11-10/2025-11-16
taylor swift,200494157.0,16,1,71.837784371909,60.0,2,4,2025-11-17/2025-11-23
taylor swift,171627359.0,17,1,72.65648854961832,58.0,2,3,2025-11-24/2025-11-30
taylor swift,140578291.0,10,1,70.47662337662338,52.0,2,2,2025-12-01/2025-12-07
taylor swift,131869851.0,9,1,66.46963562753037,48.0,2,2,2025-12-08/2025-12-14
taylor swift,134898670.0,10,1,72.29581151832461,54.0,2,2,2025-12-15/2025-12-21
taylor swift,133132776.0,11,1,74.62585969738652,63.0,2,3,2025-12-22/2025-12-28
taylor swift,131162546.0,10,1,65.96680497925311,51.0,2,2,2025-12-29/2026-01-04
taylor swift,132127206.0,9,1,60.87791495198903,45.0,2,2,2026-01-05/2026-01-11
taylor swift,117390244.0,7,1,60.75877192982456,46.0,1,2,2026-01-12/2026-01-18
taylor swift,116981721.0,7,2,70.02797202797203,53.0,1,2,2026-01-19/2026-01-25
taylor swift,112120067.0,7,2,73.26928471248247,63.0,1,2,2026-01-26/2026-02-01
taylor swift,129715280.0,7,2,71.82316313823164,58.0,2,2,2026-02-02/2026-02-08
taylor swift,118365434.0,8,3,77.44041450777202,57.5,2,2,2026-02-09/2026-02-15
taylor swift,98733252.0,8,3,75.17569546120059,53.0,1,2,2026-02-16/2026-02-22
taylor swift,96779588.0,6,2,76.10432190760059,54.0,2,2,2026-02-23/2026-03-01
taylor swift,92286924.0,6,5,79.44104134762634,62.0,1,2,2026-03-02/2026-03-08
taylor swift,90980198.0,6,4,82.15919629057187,65.0,1,2,2026-03-09/2026-03-15
taylor swift,87809401.0,6,5,85.1453957996769,69.0,1,2,2026-03-16/2026-03-22
taylor swift,82376454.0,6,6,88.68989547038328,79.0,1,2,2026-03-23/2026-03-29
taylor swift,83888300.0,8,8,88.78829604130809,79.0,1,3,2026-03-30/2026-04-05
taylor swift,75607844.0,8,7,88.43194192377496,80.0,1,2,2026-04-06/2026-04-12
taylor swift,62221923.0,5,9,90.85802469135803,87.0,1,2,2026-04-13/2026-04-19
taylor swift,60701762.0,5,10,90.37632135306553,89.0,1,2,2026-04-20/2026-04-26
taylor swift,58817518.0,5,10,96.92644135188867,98.0,1,2,2026-04-27/2026-05-03
taylor swift,60803065.0,7,8,90.35009671179884,91.0,1,2,2026-05-04/2026-05-10
taylor swift,57319374.0,6,12,96.42194092827005,101.0,0,2,2026-05-11/2026-05-17
taylor swift,52977157.0,6,17,104.2840909090909,114.0,0,2,2026-05-18/2026-05-24
taylor swift,27672215.0,6,19,105.03463203463204,116.0,0,2,2026-05-25/2026-05-31
the beatles,222204.0,1,110,141.5,144.5,0,0,2016-12-26/2017-01-01
the beatles,26878.0,2,87,140.9,153.0,0,0,2017-01-02/2017-01-08
the beatles,2144.0,1,162,162.5,162.5,0,0,2017-01-09/2017-01-15
the beatles,2137.0,1,151,167.5,167.5,0,0,2017-01-16/2017-01-22
the beatles,2094.0,1,166,169.5,169.5,0,0,2017-01-23/2017-01-29
the beatles,3073.0,1,178,184.0,186.0,0,0,2017-01-30/2017-02-05
the beatles,1019.0,1,191,191.0,191.0,0,0,2017-02-06/2017-02-12
the beatles,2046.0,1,193,194.0,194.0,0,0,2017-02-13/2017-02-19
the beatles,1073.0,1,173,173.0,173.0,0,0,2017-02-27/2017-03-05
the beatles,1140.0,1,200,200.0,200.0,0,0,2017-03-06/2017-03-12
the beatles,1071.0,1,200,200.0,200.0,0,0,2017-03-13/2017-03-19
the beatles,8765.0,1,168,168.0,168.0,0,0,2017-03-20/2017-03-26
the beatles,2219.0,1,185,187.0,187.0,0,0,2017-03-27/2017-04-02
the beatles,42954.0,1,153,181.75,187.5,0,0,2017-04-03/2017-04-09
the beatles,4987.0,1,138,170.75,173.5,0,0,2017-04-10/2017-04-16
the beatles,7393.0,1,114,160.66666666666666,167.0,0,0,2017-04-17/2017-04-23
the beatles,16939.0,1,105,153.77777777777777,167.0,0,0,2017-04-24/2017-04-30
the beatles,8474.0,1,113,163.8,178.0,0,0,2017-05-01/2017-05-07
the beatles,1428.0,1,118,118.0,118.0,0,0,2017-05-08/2017-05-14
the beatles,1279.0,1,138,138.0,138.0,0,0,2017-05-15/2017-05-21
the beatles,25975.0,2,117,167.58333333333334,174.5,0,0,2017-05-22/2017-05-28
the beatles,154185.0,4,104,159.08333333333334,156.0,0,0,2017-05-29/2017-06-04
the beatles,4233.0,1,138,149.0,145.0,0,0,2017-06-05/2017-06-11
the beatles,7688.0,1,122,148.5,141.5,0,0,2017-06-12/2017-06-18
the beatles,1353.0,1,179,179.0,179.0,0,0,2017-06-19/2017-06-25
the beatles,2613.0,1,185,187.0,187.0,0,0,2017-06-26/2017-07-02
the beatles,4209.0,1,131,141.0,136.0,0,0,2017-07-10/2017-07-16
the beatles,2602.0,1,175,179.5,179.5,0,0,2017-07-17/2017-07-23
the beatles,4150.0,1,157,172.66666666666666,171.0,0,0,2017-07-24/2017-07-30
the beatles,4053.0,1,141,153.66666666666666,150.0,0,0,2017-07-31/2017-08-06
the beatles,8045.0,1,146,166.4,164.0,0,0,2017-08-07/2017-08-13
the beatles,5232.0,1,136,162.5,170.0,0,0,2017-08-14/2017-08-20
the beatles,5907.0,1,128,140.75,136.5,0,0,2017-08-21/2017-08-27
the beatles,64150.0,2,105,139.33333333333334,143.0,0,0,2017-08-28/2017-09-03
the beatles,21228.0,1,89,151.4,145.5,0,0,2017-09-04/2017-09-10
the beatles,9299.0,1,141,163.66666666666666,152.5,0,0,2017-09-11/2017-09-17
the beatles,7164.0,1,139,162.2,162.0,0,0,2017-09-18/2017-09-24
the beatles,19462.0,1,105,148.9,143.0,0,0,2017-09-25/2017-10-01
the beatles,32310.0,2,124,153.0,151.5,0,0,2017-10-02/2017-10-08
the beatles,16647.0,1,115,145.0,143.5,0,0,2017-10-09/2017-10-15
the beatles,67641.0,1,84,150.84615384615384,160.0,0,0,2017-10-16/2017-10-22
the beatles,34946.0,2,108,154.2,153.0,0,0,2017-10-23/2017-10-29
the beatles,27824.0,2,135,157.5,160.0,0,0,2017-10-30/2017-11-05
the beatles,37285.0,2,92,149.25,146.5,0,0,2017-11-06/2017-11-12
the beatles,28907.0,2,160,178.14285714285714,175.0,0,0,2017-11-13/2017-11-19
the beatles,206761.0,2,117,166.875,173.0,0,0,2017-11-20/2017-11-26
the beatles,28390.0,2,161,179.6,180.0,0,0,2017-11-27/2017-12-03
the beatles,858069.0,1,93,148.23076923076923,148.0,0,0,2017-12-25/2017-12-31
the beatles,224582.0,1,92,155.66666666666666,178.0,0,0,2018-01-01/2018-01-07
the beatles,30848.0,2,115,161.33333333333334,170.0,0,0,2018-01-08/2018-01-14
the beatles,26606.0,1,114,114.0,114.0,0,0,2018-01-15/2018-01-21
the beatles,2783.0,1,157,174.0,174.0,0,0,2018-01-29/2018-02-04
the beatles,1577.0,1,155,155.0,155.0,0,0,2018-02-12/2018-02-18
the beatles,1543.0,1,160,160.0,160.0,0,0,2018-02-19/2018-02-25
the beatles,25561.0,1,73,131.33333333333334,150.0,0,0,2018-04-02/2018-04-08
the beatles,8117.0,1,192,192.0,192.0,0,0,2018-04-09/2018-04-15
the beatles,9973.0,1,173,173.0,173.0,0,0,2018-04-16/2018-04-22
the beatles,180273.0,1,82,131.8,129.0,0,0,2018-04-30/2018-05-06
the beatles,147731.0,1,89,157.4,166.0,0,0,2018-05-07/2018-05-13
the beatles,119774.0,1,113,176.25,196.0,0,0,2018-05-14/2018-05-20
the beatles,118420.0,1,122,173.4,186.0,0,0,2018-05-21/2018-05-27
the beatles,135468.0,1,116,156.0,148.0,0,0,2018-05-28/2018-06-03
the beatles,68146.0,1,130,162.4,161.0,0,0,2018-06-04/2018-06-10
the beatles,66097.0,1,123,149.66666666666666,147.0,0,0,2018-06-18/2018-06-24
the beatles,234896.0,1,97,141.4,132.0,0,0,2018-06-25/2018-07-01
the beatles,128933.0,2,139,160.83333333333334,157.5,0,0,2018-07-02/2018-07-08
the beatles,49554.0,1,171,171.0,171.0,0,0,2018-07-09/2018-07-15
the beatles,50919.0,1,171,181.0,181.0,0,0,2018-07-16/2018-07-22
the beatles,55313.0,1,159,169.0,169.0,0,0,2018-07-30/2018-08-05
the beatles,3891.0,1,199,199.0,199.0,0,0,2018-08-06/2018-08-12
the beatles,11694.0,1,176,189.6,192.0,0,0,2018-08-27/2018-09-02
the beatles,7649.0,1,173,185.66666666666666,187.0,0,0,2018-09-03/2018-09-09
the beatles,66588.0,1,120,122.5,122.5,0,0,2018-09-24/2018-09-30
the beatles,1943.0,1,183,183.0,183.0,0,0,2018-10-08/2018-10-14
the beatles,4088.0,1,180,186.0,186.0,0,0,2018-10-15/2018-10-21
the beatles,2173.0,1,194,194.0,194.0,0,0,2018-10-22/2018-10-28
the beatles,18490.0,1,137,137.0,137.0,0,0,2018-12-31/2019-01-06
the beatles,2342.0,1,169,169.0,169.0,0,0,2019-01-14/2019-01-20
the beatles,18311.0,1,175,176.5,176.5,0,0,2019-02-25/2019-03-03
the beatles,2420.0,1,187,187.0,187.0,0,0,2019-03-18/2019-03-24
the beatles,82031.0,1,122,171.25,183.5,0,0,2019-04-15/2019-04-21
the beatles,15746.0,1,139,165.33333333333334,168.5,0,0,2019-04-22/2019-04-28
the beatles,19413.0,1,117,166.25,182.5,0,0,2019-04-29/2019-05-05
the beatles,18675.0,1,113,162.0,174.0,0,0,2019-05-06/2019-05-12
the beatles,11560.0,1,120,166.8,170.0,0,0,2019-05-13/2019-05-19
the beatles,7112.0,1,130,159.33333333333334,170.0,0,0,2019-05-20/2019-05-26
the beatles,30771.0,1,139,178.125,183.0,0,0,2019-05-27/2019-06-02
the beatles,4964.0,1,143,160.0,160.0,0,0,2019-06-03/2019-06-09
the beatles,3213.0,1,153,153.0,153.0,0,0,2019-06-10/2019-06-16
the beatles,117432.0,1,155,164.66666666666666,159.0,0,0,2019-06-17/2019-06-23
the beatles,324612.0,1,119,167.13333333333333,175.0,0,0,2019-06-24/2019-06-30
the beatles,309096.0,1,126,175.05882352941177,174.0,0,0,2019-07-01/2019-07-07
the beatles,163916.0,1,132,177.66666666666666,181.0,0,0,2019-07-08/2019-07-14
the beatles,136206.0,1,153,186.625,192.0,0,0,2019-07-15/2019-07-21
the beatles,312210.0,1,113,177.63636363636363,185.0,0,0,2019-07-22/2019-07-28
the beatles,145382.0,1,151,183.28571428571428,189.0,0,0,2019-07-29/2019-08-04
the beatles,190868.0,1,166,185.66666666666666,188.0,0,0,2019-08-05/2019-08-11
the beatles,94684.0,1,150,182.0,190.0,0,0,2019-08-12/2019-08-18
the beatles,190665.0,1,116,168.33333333333334,176.0,0,0,2019-08-19/2019-08-25
the beatles,62931.0,1,144,168.66666666666666,172.0,0,0,2019-08-26/2019-09-01
the beatles,3227.0,1,168,168.0,168.0,0,0,2019-09-02/2019-09-08
the beatles,40326.0,1,170,188.0,193.0,0,0,2019-09-23/2019-09-29
the beatles,5148.0,1,171,171.0,171.0,0,0,2019-09-30/2019-10-06
the beatles,26773.0,1,187,187.0,187.0,0,0,2019-10-07/2019-10-13
the beatles,25508.0,1,194,194.0,194.0,0,0,2019-10-14/2019-10-20
the beatles,56132.0,1,198,198.0,198.0,0,0,2019-11-18/2019-11-24
the beatles,54628.0,1,189,191.0,191.0,0,0,2020-03-16/2020-03-22
the beatles,56453.0,1,179,187.5,187.5,0,0,2020-03-30/2020-04-05
the beatles,280633.0,1,128,169.8,181.0,0,0,2020-04-06/2020-04-12
the beatles,104700.0,1,143,179.33333333333334,195.0,0,0,2020-04-13/2020-04-19
the beatles,182349.0,1,137,161.8,155.0,0,0,2020-04-20/2020-04-26
the beatles,134740.0,1,147,181.6,191.0,0,0,2020-04-27/2020-05-03
the beatles,307781.0,1,115,159.83333333333334,166.0,0,0,2020-05-04/2020-05-10
the beatles,159991.0,1,163,182.14285714285714,187.0,0,0,2020-05-11/2020-05-17
the beatles,346144.0,1,127,170.0,178.0,0,0,2020-05-18/2020-05-24
the beatles,486270.0,1,61,139.5,150.0,0,0,2020-05-25/2020-05-31
the beatles,249395.0,1,75,168.91666666666666,172.0,0,0,2020-06-01/2020-06-07
the beatles,200123.0,1,130,164.25,164.0,0,0,2020-06-08/2020-06-14
the beatles,198227.0,1,128,154.71428571428572,156.0,0,0,2020-06-15/2020-06-21
the beatles,421040.0,1,123,170.5,174.0,0,0,2020-06-22/2020-06-28
the beatles,167400.0,1,185,191.2,193.0,0,0,2020-06-29/2020-07-05
the beatles,130743.0,1,145,170.75,172.0,0,0,2020-07-06/2020-07-12
the beatles,187742.0,1,150,173.0,167.0,0,0,2020-07-13/2020-07-19
the beatles,48184.0,1,194,194.0,194.0,0,0,2020-07-20/2020-07-26
the beatles,254323.0,1,153,175.71428571428572,170.0,0,0,2020-07-27/2020-08-02
the beatles,209935.0,1,108,127.8,117.0,0,0,2020-08-03/2020-08-09
the beatles,134709.0,1,168,185.0,187.5,0,0,2020-08-10/2020-08-16
the beatles,50489.0,1,196,196.0,196.0,0,0,2020-08-17/2020-08-23
the beatles,57566.0,1,187,194.66666666666666,198.0,0,0,2020-08-24/2020-08-30
the beatles,84151.0,1,184,190.66666666666666,192.0,0,0,2020-09-07/2020-09-13
the beatles,29513.0,1,182,182.0,182.0,0,0,2020-10-05/2020-10-11
the beatles,348175.0,1,76,76.0,76.0,0,0,2020-11-23/2020-11-29
the beatles,22774.0,1,190,190.0,190.0,0,0,2020-12-28/2021-01-03
the beatles,6975.0,1,182,182.0,182.0,0,0,2021-02-15/2021-02-21
the beatles,6542.0,1,137,137.0,137.0,0,0,2021-02-22/2021-02-28
the beatles,5972.0,1,161,161.0,161.0,0,0,2021-03-01/2021-03-07
the beatles,66519.0,1,113,113.0,113.0,0,0,2021-03-08/2021-03-14
the beatles,64183.0,1,188,194.0,194.0,0,0,2021-03-15/2021-03-21
the beatles,186602.0,1,97,147.0,158.5,0,0,2021-03-29/2021-04-04
the beatles,34454.0,1,187,193.66666666666666,197.0,0,0,2021-04-05/2021-04-11
the beatles,152551.0,1,170,184.4,193.0,0,0,2021-04-12/2021-04-18
the beatles,183358.0,1,83,155.125,165.5,0,0,2021-04-19/2021-04-25
the beatles,122897.0,1,135,175.33333333333334,185.0,0,0,2021-04-26/2021-05-02
the beatles,147738.0,1,108,157.0,165.0,0,0,2021-05-03/2021-05-09
the beatles,83933.0,1,172,184.0,182.5,0,0,2021-05-10/2021-05-16
the beatles,72643.0,1,179,190.66666666666666,195.0,0,0,2021-05-17/2021-05-23
the beatles,243123.0,1,69,141.57142857142858,144.0,0,0,2021-05-24/2021-05-30
the beatles,543354.0,1,72,141.64285714285714,148.0,0,0,2021-05-31/2021-06-06
the beatles,475041.0,1,67,124.42857142857143,128.0,0,0,2021-06-07/2021-06-13
the beatles,358414.0,1,85,140.6153846153846,148.0,0,0,2021-06-14/2021-06-20
the beatles,153468.0,1,96,157.375,165.5,0,0,2021-06-21/2021-06-27
the beatles,128709.0,1,131,156.11111111111111,153.0,0,0,2021-06-28/2021-07-04
the beatles,366540.0,1,107,173.53846153846155,186.0,0,0,2021-07-05/2021-07-11
the beatles,499287.0,1,58,139.85714285714286,162.0,0,0,2021-07-12/2021-07-18
the beatles,500729.0,1,93,133.73333333333332,133.0,0,0,2021-07-19/2021-07-25
the beatles,127013.0,1,139,174.83333333333334,180.5,0,0,2021-07-26/2021-08-01
the beatles,63674.0,1,171,178.0,178.5,0,0,2021-08-02/2021-08-08
the beatles,141145.0,1,170,182.6,181.0,0,0,2021-08-09/2021-08-15
the beatles,110721.0,1,167,175.0,172.0,0,0,2021-08-16/2021-08-22
the beatles,130700.0,1,127,163.83333333333334,169.5,0,0,2021-08-23/2021-08-29
the beatles,80054.0,1,186,187.0,187.0,0,0,2021-08-30/2021-09-05
the beatles,69777.0,1,98,132.5,132.5,0,0,2021-10-04/2021-10-10
the beatles,34989.0,1,109,109.0,109.0,0,0,2021-10-11/2021-10-17
the beatles,290457.0,1,100,100.0,100.0,0,0,2021-11-22/2021-11-28
the beatles,6867.0,1,187,187.0,187.0,0,0,2021-12-20/2021-12-26
the beatles,5143.0,1,183,183.0,183.0,0,0,2021-12-27/2022-01-02
the beatles,6155.0,1,187,187.0,187.0,0,0,2022-02-21/2022-02-27
the beatles,144460.0,1,89,133.25,128.0,0,0,2022-03-21/2022-03-27
the beatles,275969.0,1,106,161.42857142857142,164.0,0,0,2022-04-11/2022-04-17
the beatles,97004.0,1,174,186.5,186.5,0,0,2022-04-18/2022-04-24
the beatles,137241.0,1,133,154.8,148.0,0,0,2022-05-02/2022-05-08
the beatles,79029.0,1,181,185.66666666666666,181.0,0,0,2022-05-09/2022-05-15
the beatles,51577.0,1,193,193.0,193.0,0,0,2022-05-16/2022-05-22
the beatles,14778.0,1,144,148.5,148.5,0,0,2022-05-23/2022-05-29
the beatles,231659.0,1,168,185.5,189.0,0,0,2022-05-30/2022-06-05
the beatles,85903.0,1,180,190.0,190.0,0,0,2022-06-13/2022-06-19
the beatles,130676.0,1,174,182.25,183.0,0,0,2022-06-20/2022-06-26
the beatles,106298.0,1,138,154.33333333333334,144.0,0,0,2022-06-27/2022-07-03
the beatles,212775.0,1,101,157.0,166.0,0,0,2022-07-04/2022-07-10
the beatles,220373.0,1,90,134.0,133.5,0,0,2022-07-11/2022-07-17
the beatles,182076.0,1,149,175.33333333333334,179.0,0,0,2022-07-18/2022-07-24
the beatles,74088.0,1,161,171.33333333333334,173.0,0,0,2022-07-25/2022-07-31
the beatles,169655.0,1,114,161.33333333333334,166.5,0,0,2022-08-01/2022-08-07
the beatles,256246.0,1,115,156.5,154.5,0,0,2022-08-08/2022-08-14
the beatles,70256.0,1,180,184.66666666666666,181.0,0,0,2022-08-15/2022-08-21
the beatles,87868.0,1,193,196.0,196.0,0,0,2022-08-22/2022-08-28
the beatles,77149.0,1,80,121.0,121.0,0,0,2022-10-03/2022-10-09
the beatles,39331.0,1,95,95.0,95.0,0,0,2022-10-10/2022-10-16
the beatles,326756.0,1,96,96.0,96.0,0,0,2022-11-21/2022-11-27
the beatles,73945.0,1,139,168.5,168.5,0,0,2023-03-13/2023-03-19
the beatles,310901.0,1,130,168.375,167.0,0,0,2023-04-03/2023-04-09
the beatles,95313.0,1,152,181.75,187.5,0,0,2023-04-10/2023-04-16
the beatles,7172.0,1,191,191.0,191.0,0,0,2023-04-24/2023-04-30
the beatles,82667.0,1,170,188.33333333333334,195.0,0,0,2023-05-01/2023-05-07
the beatles,141061.0,1,102,147.75,147.5,0,0,2023-05-08/2023-05-14
the beatles,256632.0,1,142,160.33333333333334,156.5,0,0,2023-05-15/2023-05-21
the beatles,315005.0,1,72,129.125,121.0,0,0,2023-05-22/2023-05-28
the beatles,356271.0,1,58,135.45454545454547,149.0,0,0,2023-05-29/2023-06-04
the beatles,308476.0,1,92,152.44444444444446,161.0,0,0,2023-06-05/2023-06-11
the beatles,205047.0,1,141,164.0,160.0,0,0,2023-06-12/2023-06-18
the beatles,248001.0,1,161,179.16666666666666,178.5,0,0,2023-06-19/2023-06-25
the beatles,165163.0,1,153,173.4,175.0,0,0,2023-06-26/2023-07-02
the beatles,209542.0,1,126,173.33333333333334,183.0,0,0,2023-07-03/2023-07-09
the beatles,6619.0,1,196,196.0,196.0,0,0,2023-07-10/2023-07-16
the beatles,40478.0,1,196,196.0,196.0,0,0,2023-07-17/2023-07-23
the beatles,41990.0,1,194,194.0,194.0,0,0,2023-07-24/2023-07-30
the beatles,91397.0,1,175,185.0,180.0,0,0,2023-07-31/2023-08-06
the beatles,45479.0,1,195,196.0,196.0,0,0,2023-08-07/2023-08-13
the beatles,6877.0,1,191,191.0,191.0,0,0,2023-08-14/2023-08-20
the beatles,118911.0,1,144,179.5,187.0,0,0,2023-08-28/2023-09-03
the beatles,132258.0,1,167,184.0,185.0,0,0,2023-09-04/2023-09-10
the beatles,93972.0,1,118,149.0,149.0,0,0,2023-10-02/2023-10-08
the beatles,45325.0,1,139,139.0,139.0,0,0,2023-10-09/2023-10-15
the beatles,43639.0,1,191,191.0,191.0,0,0,2023-10-23/2023-10-29
the beatles,19017126.0,3,1,83.70860927152317,71.0,1,2,2023-10-30/2023-11-05
the beatles,13555453.0,3,13,97.05645161290323,93.5,0,2,2023-11-06/2023-11-12
the beatles,613768.0,2,72,150.65,152.0,0,0,2023-11-13/2023-11-19
the beatles,337855.0,1,139,166.5,166.5,0,0,2023-11-20/2023-11-26
the beatles,254292.0,1,165,178.7,179.0,0,0,2023-12-25/2023-12-31
the beatles,615432.0,1,122,156.35,158.0,0,0,2024-01-01/2024-01-07
the beatles,323913.0,1,146,167.27272727272728,161.0,0,0,2024-01-08/2024-01-14
the beatles,673023.0,1,115,157.57142857142858,149.0,0,0,2024-01-15/2024-01-21
the beatles,654278.0,1,135,172.27777777777777,170.5,0,0,2024-01-22/2024-01-28
the beatles,540308.0,1,133,170.85714285714286,176.0,0,0,2024-01-29/2024-02-04
the beatles,613320.0,1,134,177.0952380952381,179.0,0,0,2024-02-05/2024-02-11
the beatles,403018.0,1,109,169.5,175.5,0,0,2024-02-12/2024-02-18
the beatles,745450.0,1,111,168.69565217391303,175.0,0,0,2024-02-19/2024-02-25
the beatles,501171.0,1,123,167.5,172.0,0,0,2024-02-26/2024-03-03
the beatles,754797.0,1,126,167.68,171.0,0,0,2024-03-04/2024-03-10
the beatles,536462.0,1,130,173.36666666666667,175.5,0,0,2024-03-11/2024-03-17
the beatles,859164.0,1,119,164.2941176470588,161.0,0,0,2024-03-18/2024-03-24
the beatles,1190110.0,1,92,159.06976744186048,162.0,0,0,2024-03-25/2024-03-31
the beatles,1049393.0,1,101,156.27272727272728,160.0,0,0,2024-04-01/2024-04-07
the beatles,1374791.0,1,80,154.05,157.5,0,0,2024-04-08/2024-04-14
the beatles,328888.0,1,145,173.7,173.5,0,0,2024-04-15/2024-04-21
the beatles,206449.0,1,123,173.07692307692307,182.0,0,0,2024-04-22/2024-04-28
the beatles,405378.0,1,132,179.04761904761904,187.0,0,0,2024-04-29/2024-05-05
the beatles,589003.0,1,99,160.20833333333334,163.5,0,0,2024-05-06/2024-05-12
the beatles,583046.0,1,84,156.67857142857142,161.0,0,0,2024-05-13/2024-05-19
the beatles,564325.0,1,133,160.7037037037037,158.0,0,0,2024-05-20/2024-05-26
the beatles,1232608.0,1,97,158.15151515151516,162.0,0,0,2024-05-27/2024-06-02
the beatles,604977.0,1,107,161.28571428571428,166.5,0,0,2024-06-03/2024-06-09
the beatles,365615.0,1,110,167.89473684210526,169.0,0,0,2024-06-10/2024-06-16
the beatles,870960.0,1,89,161.17241379310346,161.0,0,0,2024-06-17/2024-06-23
the beatles,819158.0,1,121,169.62962962962962,179.0,0,0,2024-06-24/2024-06-30
the beatles,1605071.0,1,105,159.23684210526315,160.0,0,0,2024-07-01/2024-07-07
the beatles,718865.0,1,134,172.32258064516128,169.0,0,0,2024-07-08/2024-07-14
the beatles,1019653.0,1,89,144.2941176470588,143.5,0,0,2024-07-15/2024-07-21
the beatles,1155826.0,1,100,159.55,158.5,0,0,2024-07-22/2024-07-28
the beatles,1289677.0,1,95,160.56410256410257,164.0,0,0,2024-07-29/2024-08-04
the beatles,1484873.0,1,85,155.46808510638297,156.0,0,0,2024-08-05/2024-08-11
the beatles,1725341.0,1,85,144.92592592592592,147.0,0,0,2024-08-12/2024-08-18
the beatles,610516.0,1,122,156.92857142857142,154.5,0,0,2024-08-19/2024-08-25
the beatles,649117.0,1,118,163.8181818181818,171.0,0,0,2024-08-26/2024-09-01
the beatles,748097.0,1,118,168.0,171.5,0,0,2024-09-02/2024-09-08
the beatles,428404.0,1,133,165.7391304347826,164.0,0,0,2024-09-09/2024-09-15
the beatles,192190.0,1,133,168.11764705882354,175.0,0,0,2024-09-16/2024-09-22
the beatles,388824.0,1,120,163.27777777777777,167.5,0,0,2024-09-23/2024-09-29
the beatles,116109.0,1,146,175.5,176.5,0,0,2024-09-30/2024-10-06
the beatles,311272.0,1,83,160.53846153846155,164.0,0,0,2024-10-07/2024-10-13
the beatles,276157.0,1,89,163.875,163.5,0,0,2024-10-14/2024-10-20
the beatles,19039.0,1,145,165.5,165.5,0,0,2024-10-21/2024-10-27
the beatles,53232.0,1,179,184.75,180.5,0,0,2024-10-28/2024-11-03
the beatles,219533.0,1,132,175.54545454545453,182.0,0,0,2024-11-04/2024-11-10
the beatles,27639.0,1,164,182.66666666666666,192.0,0,0,2024-11-11/2024-11-17
the beatles,346469.0,1,184,184.0,184.0,0,0,2024-11-25/2024-12-01
the beatles,9032.0,1,199,199.0,199.0,0,0,2024-12-23/2024-12-29
the beatles,49173.0,1,162,176.0,177.5,0,0,2024-12-30/2025-01-05
the beatles,145531.0,1,163,171.75,173.5,0,0,2025-04-14/2025-04-20
the beatles,11184.0,1,189,189.0,189.0,0,0,2025-05-05/2025-05-11
the beatles,34576.0,1,171,180.0,180.0,0,0,2025-05-12/2025-05-18
the beatles,1062.0,1,200,200.0,200.0,0,0,2025-05-19/2025-05-25
the beatles,47939.0,1,187,187.0,187.0,0,0,2025-06-16/2025-06-22
the beatles,90538.0,1,177,177.0,177.0,0,0,2026-05-18/2026-05-24
the beatles,89444.0,1,194,194.0,194.0,0,0,2026-05-25/2026-05-31
the rolling stones,147227.0,1,169,181.0,181.0,0,0,2016-12-26/2017-01-01
the rolling stones,1044.0,1,185,185.0,185.0,0,0,2017-01-02/2017-01-08
the rolling stones,18864.0,1,178,178.0,178.0,0,0,2017-06-19/2017-06-25
the rolling stones,64084.0,2,95,135.33333333333334,116.0,0,0,2017-09-11/2017-09-17
the rolling stones,208988.0,1,157,177.5,177.5,0,0,2017-10-30/2017-11-05
the rolling stones,96971.0,7,59,121.0,128.0,0,0,2018-05-14/2018-05-20
the rolling stones,26517.0,6,66,108.27272727272727,105.0,0,0,2018-07-02/2018-07-08
the rolling stones,309471.0,1,114,165.33333333333334,182.0,0,0,2018-10-29/2018-11-04
the rolling stones,15574.0,1,183,183.0,183.0,0,0,2018-12-31/2019-01-06
the rolling stones,322317.0,1,160,174.0,167.0,0,0,2019-10-28/2019-11-03
the rolling stones,924341.0,1,81,152.16666666666666,155.5,0,0,2020-04-20/2020-04-26
the rolling stones,416859.0,1,95,117.75,117.5,0,0,2020-10-26/2020-11-01
the rolling stones,954631.0,2,109,163.0,161.0,0,0,2021-08-23/2021-08-29
the rolling stones,95867.0,1,143,145.0,143.0,0,0,2021-10-25/2021-10-31
the rolling stones,28326.0,1,134,162.0,160.5,0,0,2022-07-11/2022-07-17
the rolling stones,5191.0,1,184,184.0,184.0,0,0,2023-07-24/2023-07-30
the rolling stones,4473.0,1,195,195.0,195.0,0,0,2023-07-31/2023-08-06
the rolling stones,39069.0,1,113,158.28571428571428,169.0,0,0,2023-08-07/2023-08-13
the rolling stones,10134.0,1,183,190.0,190.0,0,0,2023-08-14/2023-08-20
the rolling stones,271132.0,1,58,135.83333333333334,146.5,0,0,2023-09-04/2023-09-10
the rolling stones,96325.0,1,132,157.25,155.5,0,0,2023-09-25/2023-10-01
the rolling stones,2408523.0,12,16,102.01315789473684,87.5,0,8,2023-10-16/2023-10-22
the rolling stones,251081.0,8,58,146.0,149.0,0,0,2023-10-23/2023-10-29
the rolling stones,49728.0,1,164,164.0,164.0,0,0,2023-10-30/2023-11-05
the rolling stones,448795.0,1,179,186.4,187.0,0,0,2024-02-19/2024-02-25
the rolling stones,137946.0,1,198,199.0,199.0,0,0,2024-02-26/2024-03-03
the rolling stones,24784.0,1,169,175.66666666666666,178.0,0,0,2024-04-01/2024-04-07
the rolling stones,11547.0,1,143,169.0,169.0,0,0,2024-04-08/2024-04-14
the weeknd,18197696.0,16,1,74.26605504587155,55.0,2,5,2016-12-26/2017-01-01
the weeknd,147769999.0,23,1,76.7530048076923,53.0,3,6,2017-01-02/2017-01-08
the weeknd,150823828.0,23,2,73.19935691318328,42.0,3,6,2017-01-09/2017-01-15
the weeknd,139507434.0,20,2,70.06310013717422,37.5,3,5,2017-01-16/2017-01-22
the weeknd,125051918.0,18,2,66.10668670172802,32.0,3,5,2017-01-23/2017-01-29
the weeknd,112540689.0,17,2,61.24433249370277,28.0,3,3,2017-01-30/2017-02-05
the weeknd,103238922.0,15,2,56.03545454545455,29.0,2,3,2017-02-06/2017-02-12
the weeknd,106166101.0,15,3,57.3733681462141,29.0,3,5,2017-02-13/2017-02-19
the weeknd,108105821.0,17,3,64.5244195356285,36.0,3,6,2017-02-20/2017-02-26
the weeknd,103540207.0,15,5,68.2190635451505,43.0,2,5,2017-02-27/2017-03-05
the weeknd,95446777.0,13,5,69.18222222222222,46.0,1,2,2017-03-06/2017-03-12
the weeknd,87324908.0,14,6,66.10654205607477,43.0,2,3,2017-03-13/2017-03-19
the weeknd,70033696.0,11,7,62.4962486602358,46.0,2,2,2017-03-20/2017-03-26
the weeknd,63325463.0,10,9,61.146503884572695,44.0,1,2,2017-03-27/2017-04-02
the weeknd,58837604.0,11,11,62.25972540045767,46.0,0,2,2017-04-03/2017-04-09
the weeknd,52769667.0,10,10,63.59036144578313,49.0,1,2,2017-04-10/2017-04-16
the weeknd,59966830.0,11,6,70.06868686868687,60.0,2,3,2017-04-17/2017-04-23
the weeknd,60224094.0,10,11,79.69679849340866,67.5,0,3,2017-04-24/2017-04-30
the weeknd,51114686.0,11,20,87.1634121274409,76.0,0,3,2017-05-01/2017-05-07
the weeknd,45447374.0,10,22,89.86689814814815,78.0,0,2,2017-05-08/2017-05-14
the weeknd,40959202.0,10,26,92.8505603985056,82.0,0,2,2017-05-15/2017-05-21
the weeknd,41551100.0,10,18,97.21341463414635,86.0,0,2,2017-05-22/2017-05-28
the weeknd,37115809.0,9,23,100.7123473541384,91.0,0,2,2017-05-29/2017-06-04
the weeknd,33698686.0,10,30,101.97032640949556,95.0,0,2,2017-06-05/2017-06-11
the weeknd,31865552.0,10,30,103.9923896499239,99.0,0,2,2017-06-12/2017-06-18
the weeknd,29020251.0,9,30,107.53554502369668,103.0,0,2,2017-06-19/2017-06-25
the weeknd,28103177.0,11,29,110.02905198776759,103.0,0,2,2017-06-26/2017-07-02
the weeknd,26506335.0,14,29,113.59028831562973,109.0,0,2,2017-07-03/2017-07-09
the weeknd,29999351.0,12,31,118.00151057401813,114.0,0,3,2017-07-10/2017-07-16
the weeknd,34614152.0,13,29,120.43065693430657,117.0,0,3,2017-07-17/2017-07-23
the weeknd,32268948.0,9,41,124.38269794721407,122.0,0,3,2017-07-24/2017-07-30
the weeknd,28143330.0,12,42,122.74367622259696,122.0,0,2,2017-07-31/2017-08-06
the weeknd,29619598.0,10,41,125.88305084745762,129.0,0,2,2017-08-07/2017-08-13
the weeknd,25261415.0,9,43,127.47600767754318,130.0,0,1,2017-08-14/2017-08-20
the weeknd,26058452.0,10,27,133.376953125,135.5,0,2,2017-08-21/2017-08-27
the weeknd,24985391.0,9,48,135.95859213250517,137.0,0,1,2017-08-28/2017-09-03
the weeknd,21808206.0,9,50,138.03711790393012,137.0,0,1,2017-09-04/2017-09-10
the weeknd,26781581.0,10,36,139.41082164328657,139.0,0,1,2017-09-11/2017-09-17
the weeknd,27902932.0,10,35,140.91350210970464,144.0,0,1,2017-09-18/2017-09-24
the weeknd,24222927.0,8,31,142.42118226600985,142.0,0,1,2017-09-25/2017-10-01
the weeknd,20214089.0,7,34,142.2945945945946,146.0,0,1,2017-10-02/2017-10-08
the weeknd,20374984.0,7,38,143.657223796034,147.0,0,1,2017-10-09/2017-10-15
the weeknd,22961768.0,7,39,147.02535211267605,152.0,0,1,2017-10-16/2017-10-22
the weeknd,20031873.0,7,49,147.86084142394822,151.0,0,1,2017-10-23/2017-10-29
the weeknd,15128501.0,6,60,149.34108527131784,149.5,0,0,2017-10-30/2017-11-05
the weeknd,15679312.0,5,63,152.04761904761904,153.0,0,0,2017-11-06/2017-11-12
the weeknd,15709539.0,5,58,155.4140625,162.0,0,0,2017-11-13/2017-11-19
the weeknd,14153259.0,5,56,154.48627450980393,159.0,0,0,2017-11-20/2017-11-26
the weeknd,13137633.0,5,61,152.08212560386474,158.0,0,0,2017-11-27/2017-12-03
the weeknd,15849226.0,5,56,145.49473684210525,150.0,0,0,2017-12-04/2017-12-10
the weeknd,14658987.0,4,56,149.47122302158274,157.0,0,0,2017-12-11/2017-12-17
the weeknd,10071711.0,3,57,152.08056872037915,159.0,0,0,2017-12-18/2017-12-24
the weeknd,13531700.0,7,29,146.5690789473684,148.5,0,2,2017-12-25/2017-12-31
the weeknd,13983929.0,6,48,153.36567164179104,156.0,0,1,2018-01-01/2018-01-07
the weeknd,13663171.0,4,77,152.3095238095238,155.0,0,0,2018-01-08/2018-01-14
the weeknd,13248120.0,4,65,150.87640449438203,160.0,0,0,2018-01-15/2018-01-21
the weeknd,8838273.0,3,63,152.96341463414635,163.5,0,0,2018-01-22/2018-01-28
the weeknd,26056389.0,5,1,107.13719512195122,121.5,2,2,2018-01-29/2018-02-04
the weeknd,50602298.0,5,1,77.69202226345084,66.0,2,2,2018-02-05/2018-02-11
the weeknd,52732111.0,6,1,73.91746641074856,50.0,1,3,2018-02-12/2018-02-18
the weeknd,53453902.0,4,2,69.02554027504911,41.0,1,1,2018-02-19/2018-02-25
the weeknd,49674034.0,4,2,69.67338709677419,35.5,1,1,2018-02-26/2018-03-04
the weeknd,44570152.0,4,3,71.39004149377594,39.0,1,1,2018-03-05/2018-03-11
the weeknd,38438649.0,4,3,71.94372294372295,47.0,1,1,2018-03-12/2018-03-18
the weeknd,34194595.0,4,4,75.03828828828829,54.5,1,1,2018-03-19/2018-03-25
the weeknd,156641908.0,12,1,62.168061366806135,46.0,7,7,2018-03-26/2018-04-01
the weeknd,232910934.0,10,1,64.14355628058728,50.0,7,7,2018-04-02/2018-04-08
the weeknd,144254461.0,10,1,76.23536511768256,62.0,3,7,2018-04-09/2018-04-15
the weeknd,116256948.0,9,1,81.76398026315789,71.0,2,4,2018-04-16/2018-04-22
the weeknd,81749650.0,9,1,78.41480611045829,73.0,1,3,2018-04-23/2018-04-29
the weeknd,59711281.0,8,2,82.91268758526603,71.0,1,3,2018-04-30/2018-05-06
the weeknd,45405355.0,7,3,81.1283676703645,70.0,1,1,2018-05-07/2018-05-13
the weeknd,40147337.0,7,4,84.3271186440678,71.5,1,1,2018-05-14/2018-05-20
the weeknd,35896815.0,6,6,86.27188081936686,75.0,1,2,2018-05-21/2018-05-27
the weeknd,31980234.0,5,10,91.0039603960396,82.0,1,2,2018-05-28/2018-06-03
the weeknd,28657049.0,5,16,95.15800865800865,85.0,0,1,2018-06-04/2018-06-10
the weeknd,25171713.0,5,17,98.35351089588377,92.0,0,1,2018-06-11/2018-06-17
the weeknd,17178847.0,6,26,117.52296819787986,119.0,0,1,2018-06-18/2018-06-24
the weeknd,13646527.0,5,36,125.29680365296804,134.0,0,1,2018-06-25/2018-07-01
the weeknd,13027752.0,5,37,126.38829787234043,138.0,0,1,2018-07-02/2018-07-08
the weeknd,11026174.0,5,40,127.7065868263473,134.0,0,1,2018-07-09/2018-07-15
the weeknd,9955729.0,4,48,127.85314685314685,122.0,0,1,2018-07-16/2018-07-22
the weeknd,9344226.0,4,47,123.41880341880342,116.0,0,1,2018-07-23/2018-07-29
the weeknd,8772470.0,4,52,132.38053097345133,130.0,0,0,2018-07-30/2018-08-05
the weeknd,10203231.0,6,42,130.38793103448276,131.0,0,2,2018-08-06/2018-08-12
the weeknd,9380102.0,5,46,133.9047619047619,137.0,0,1,2018-08-13/2018-08-19
the weeknd,7972206.0,4,51,135.86458333333334,136.0,0,0,2018-08-20/2018-08-26
the weeknd,7840256.0,4,53,137.08988764044943,140.0,0,0,2018-08-27/2018-09-02
the weeknd,7691668.0,4,60,143.8372093023256,152.5,0,0,2018-09-03/2018-09-09
the weeknd,7448437.0,3,57,142.89743589743588,154.0,0,0,2018-09-10/2018-09-16
the weeknd,7255223.0,3,61,144.1216216216216,160.5,0,0,2018-09-17/2018-09-23
the weeknd,5882923.0,2,52,142.44285714285715,159.5,0,0,2018-09-24/2018-09-30
the weeknd,5627121.0,3,60,150.52238805970148,172.0,0,0,2018-10-01/2018-10-07
the weeknd,6449957.0,3,61,155.76923076923077,174.5,0,0,2018-10-08/2018-10-14
the weeknd,5822088.0,3,69,151.98529411764707,167.5,0,0,2018-10-15/2018-10-21
the weeknd,6084370.0,3,74,149.96,162.0,0,0,2018-10-22/2018-10-28
the weeknd,6084569.0,3,67,153.4,163.0,0,0,2018-10-29/2018-11-04
the weeknd,2649563.0,3,77,151.0,162.0,0,0,2018-11-05/2018-11-11
the weeknd,2137434.0,4,78,154.37735849056602,165.0,0,0,2018-11-12/2018-11-18
the weeknd,1521762.0,4,75,145.96153846153845,157.0,0,0,2018-11-19/2018-11-25
the weeknd,1334991.0,9,47,150.61971830985917,160.0,0,1,2018-11-26/2018-12-02
the weeknd,3515867.0,3,77,156.609756097561,168.0,0,0,2018-12-03/2018-12-09
the weeknd,3622277.0,3,81,151.33898305084745,166.0,0,0,2018-12-10/2018-12-16
the weeknd,1023518.0,2,91,149.48837209302326,156.0,0,0,2018-12-17/2018-12-23
the weeknd,1886545.0,2,71,144.24528301886792,147.0,0,0,2018-12-24/2018-12-30
the weeknd,3876232.0,3,67,135.24193548387098,132.5,0,0,2018-12-31/2019-01-06
the weeknd,18911084.0,5,1,90.63133640552995,85.0,1,1,2019-01-07/2019-01-13
the weeknd,38536157.0,4,1,67.4095238095238,38.0,1,1,2019-01-14/2019-01-20
the weeknd,29382291.0,3,2,63.67297297297297,37.0,1,1,2019-01-21/2019-01-27
the weeknd,22798166.0,3,5,72.11076923076924,54.0,1,1,2019-01-28/2019-02-03
the weeknd,16829709.0,3,6,88.58724832214764,82.0,1,1,2019-02-04/2019-02-10
the weeknd,12701422.0,4,16,107.33333333333333,110.5,0,1,2019-02-11/2019-02-17
the weeknd,7543222.0,3,17,118.97206703910615,125.0,0,1,2019-02-18/2019-02-24
the weeknd,1119864.0,3,33,115.74157303370787,118.0,0,1,2019-02-25/2019-03-03
the weeknd,902809.0,4,34,127.91358024691358,133.0,0,2,2019-03-04/2019-03-10
the weeknd,539934.0,3,32,136.01408450704224,143.0,0,1,2019-03-11/2019-03-17
the weeknd,5740954.0,4,4,116.88,119.0,1,2,2019-03-18/2019-03-24
the weeknd,9888692.0,4,9,118.08823529411765,121.0,1,2,2019-03-25/2019-03-31
the weeknd,7761942.0,5,22,130.35164835164835,141.0,0,2,2019-04-01/2019-04-07
the weeknd,5525534.0,4,30,136.98684210526315,143.0,0,1,2019-04-08/2019-04-14
the weeknd,11800529.0,5,2,79.65895953757226,62.0,1,2,2019-04-15/2019-04-21
the weeknd,28377650.0,5,3,66.29752066115702,50.0,1,2,2019-04-22/2019-04-28
the weeknd,17415662.0,6,6,76.56209150326798,59.0,2,3,2019-04-29/2019-05-05
the weeknd,14436320.0,5,6,86.67615658362989,73.0,1,1,2019-05-06/2019-05-12
the weeknd,10448624.0,4,8,97.52777777777777,93.0,1,1,2019-05-13/2019-05-19
the weeknd,5930861.0,4,29,117.61783439490446,113.0,0,1,2019-05-20/2019-05-26
the weeknd,842737.0,4,42,141.2987012987013,147.0,0,1,2019-05-27/2019-06-02
the weeknd,383459.0,4,48,138.2549019607843,146.0,0,1,2019-06-03/2019-06-09
the weeknd,292470.0,4,122,164.03030303030303,168.0,0,0,2019-06-10/2019-06-16
the weeknd,74266.0,2,122,162.47058823529412,170.0,0,0,2019-06-17/2019-06-23
the weeknd,68419.0,2,137,162.33333333333334,161.0,0,0,2019-06-24/2019-06-30
the weeknd,66444.0,1,148,170.83333333333334,168.5,0,0,2019-07-01/2019-07-07
the weeknd,27689.0,2,178,188.8,188.0,0,0,2019-07-08/2019-07-14
the weeknd,4801.0,1,184,192.5,194.0,0,0,2019-07-15/2019-07-21
the weeknd,2573.0,1,185,189.5,189.5,0,0,2019-07-22/2019-07-28
the weeknd,5100.0,1,181,187.25,187.0,0,0,2019-07-29/2019-08-04
the weeknd,11610.0,2,175,185.55555555555554,183.0,0,0,2019-08-05/2019-08-11
the weeknd,6474.0,1,183,190.6,191.0,0,0,2019-08-12/2019-08-18
the weeknd,1345.0,1,200,200.0,200.0,0,0,2019-08-19/2019-08-25
the weeknd,83423.0,2,187,190.85714285714286,191.0,0,0,2019-08-26/2019-09-01
the weeknd,69625.0,2,178,191.0,193.5,0,0,2019-09-02/2019-09-08
the weeknd,1384.0,1,198,198.0,198.0,0,0,2019-09-09/2019-09-15
the weeknd,4147.0,1,189,194.0,193.0,0,0,2019-09-16/2019-09-22
the weeknd,5855.0,1,180,190.25,190.5,0,0,2019-09-23/2019-09-29
the weeknd,1541.0,1,195,195.0,195.0,0,0,2019-09-30/2019-10-06
the weeknd,1394.0,1,198,198.0,198.0,0,0,2019-10-14/2019-10-20
the weeknd,345562.0,1,156,170.75,169.0,0,0,2019-10-28/2019-11-03
the weeknd,3197.0,1,186,190.5,190.5,0,0,2019-11-11/2019-11-17
the weeknd,4694.0,1,170,184.66666666666666,184.0,0,0,2019-11-18/2019-11-24
the weeknd,70585193.0,5,1,54.741996233521654,30.0,2,2,2019-11-25/2019-12-01
the weeknd,90934440.0,5,1,53.80528846153846,31.0,2,2,2019-12-02/2019-12-08
the weeknd,74196232.0,5,1,58.36352040816327,34.5,2,2,2019-12-09/2019-12-15
the weeknd,72713798.0,5,2,61.8,42.0,2,2,2019-12-16/2019-12-22
the weeknd,64315332.0,5,1,66.09038737446198,49.0,2,2,2019-12-23/2019-12-29
the weeknd,74009949.0,5,1,57.71899736147757,39.0,2,2,2019-12-30/2020-01-05
the weeknd,84218303.0,5,1,57.627848101265826,44.0,2,2,2020-01-06/2020-01-12
the weeknd,82537917.0,5,1,61.67123287671233,50.0,2,2,2020-01-13/2020-01-19
the weeknd,83552319.0,5,1,59.851063829787236,50.0,1,2,2020-01-20/2020-01-26
the weeknd,88294870.0,4,1,54.0251968503937,36.0,1,2,2020-01-27/2020-02-02
the weeknd,90846477.0,5,1,47.05237315875614,25.0,1,2,2020-02-03/2020-02-09
the weeknd,93263554.0,5,1,44.81186440677966,18.0,1,2,2020-02-10/2020-02-16
the weeknd,141864353.0,6,1,50.762054507337524,26.0,2,3,2020-02-17/2020-02-23
the weeknd,147621026.0,6,1,53.32476190476191,30.0,2,3,2020-02-24/2020-03-01
the weeknd,125734049.0,6,1,54.88364779874214,35.0,2,3,2020-03-02/2020-03-08
the weeknd,111332748.0,6,1,55.31061452513966,38.0,2,3,2020-03-09/2020-03-15
the weeknd,337107639.0,22,1,56.22423398328691,43.0,13,18,2020-03-16/2020-03-22
the weeknd,359179735.0,19,1,75.14807035967445,64.0,10,15,2020-03-23/2020-03-29
the weeknd,233147533.0,21,1,78.34132996632997,67.0,3,13,2020-03-30/2020-04-05
the weeknd,173647664.0,17,1,67.73570989551321,49.0,2,5,2020-04-06/2020-04-12
the weeknd,147049359.0,10,1,63.68583752695902,44.0,2,5,2020-04-13/2020-04-19
the weeknd,133045806.0,8,1,62.76426174496644,40.5,2,4,2020-04-20/2020-04-26
the weeknd,119717321.0,7,1,60.806215722120655,38.0,2,4,2020-04-27/2020-05-03
the weeknd,115097757.0,7,1,57.14868804664723,34.0,2,3,2020-05-04/2020-05-10
the weeknd,110165947.0,6,1,56.80844490216272,35.0,2,2,2020-05-11/2020-05-17
the weeknd,112909006.0,7,1,57.21041879468846,35.0,2,2,2020-05-18/2020-05-24
the weeknd,105400899.0,7,1,59.46121147715196,36.0,2,3,2020-05-25/2020-05-31
the weeknd,91206781.0,6,1,52.9988358556461,32.0,2,2,2020-06-01/2020-06-07
the weeknd,90760881.0,6,1,51.46180963572268,31.0,2,2,2020-06-08/2020-06-14
the weeknd,91180437.0,5,1,48.81220657276995,29.0,2,2,2020-06-15/2020-06-21
the weeknd,88722081.0,6,1,48.32292917166867,28.0,2,2,2020-06-22/2020-06-28
the weeknd,86966686.0,4,1,47.67118226600985,25.0,2,2,2020-06-29/2020-07-05
the weeknd,82902358.0,3,1,45.63706563706564,24.0,1,2,2020-07-06/2020-07-12
the weeknd,79371656.0,7,1,45.781167108753316,25.0,1,2,2020-07-13/2020-07-19
the weeknd,76856723.0,4,1,45.8168249660787,26.0,1,2,2020-07-20/2020-07-26
the weeknd,72747847.0,2,1,43.51497860199715,24.0,1,2,2020-07-27/2020-08-02
the weeknd,89433566.0,3,1,42.7551766138855,24.0,2,3,2020-08-03/2020-08-09
the weeknd,104118478.0,3,1,44.13333333333333,26.0,2,3,2020-08-10/2020-08-16
the weeknd,96304733.0,4,1,47.46713852376138,29.0,2,3,2020-08-17/2020-08-23
the weeknd,103514529.0,5,2,51.452229299363054,36.0,3,4,2020-08-24/2020-08-30
the weeknd,110258138.0,6,2,57.15857605177994,42.0,1,4,2020-08-31/2020-09-06
the weeknd,96631460.0,6,4,61.38575152041703,50.0,1,4,2020-09-07/2020-09-13
the weeknd,88424663.0,6,5,67.15555555555555,56.0,1,4,2020-09-14/2020-09-20
the weeknd,80159293.0,8,4,73.8191056910569,64.0,1,3,2020-09-21/2020-09-27
the weeknd,72705683.0,6,4,74.36148648648648,61.0,1,4,2020-09-28/2020-10-04
the weeknd,66833450.0,5,3,70.26485148514851,54.0,1,4,2020-10-05/2020-10-11
the weeknd,64735602.0,6,3,71.27943078913324,49.0,1,3,2020-10-12/2020-10-18
the weeknd,61540841.0,6,4,72.06111111111112,45.0,1,3,2020-10-19/2020-10-25
the weeknd,77498089.0,7,4,74.5260663507109,49.5,3,4,2020-10-26/2020-11-01
the weeknd,87606023.0,7,5,74.73045267489712,51.0,3,4,2020-11-02/2020-11-08
the weeknd,93194573.0,7,6,71.60819828408007,48.0,1,4,2020-11-09/2020-11-15
the weeknd,80551656.0,6,8,71.77286742034943,51.0,1,3,2020-11-16/2020-11-22
the weeknd,73894313.0,9,3,71.82151029748283,55.5,1,3,2020-11-23/2020-11-29
the weeknd,86699374.0,10,1,75.89147286821705,64.0,1,3,2020-11-30/2020-12-06
the weeknd,71449769.0,7,5,76.69962917181705,61.0,1,3,2020-12-07/2020-12-13
the weeknd,57634025.0,7,5,76.56361149110808,54.0,1,2,2020-12-14/2020-12-20
the weeknd,49053580.0,8,4,77.55981595092024,59.0,1,1,2020-12-21/2020-12-27
the weeknd,68779060.0,9,1,69.70496083550914,49.0,1,2,2020-12-28/2021-01-03
the weeknd,76543845.0,8,2,76.70833333333333,64.5,2,3,2021-01-04/2021-01-10
the weeknd,94126013.0,8,2,69.28127623845508,49.0,2,3,2021-01-11/2021-01-17
the weeknd,97145542.0,7,2,65.66666666666667,44.0,2,3,2021-01-18/2021-01-24
the weeknd,101502641.0,8,3,62.834057341442225,38.0,2,3,2021-01-25/2021-01-31
the weeknd,122812820.0,12,2,66.87643020594966,41.0,2,3,2021-02-01/2021-02-07
the weeknd,232321660.0,19,1,82.23763250883393,77.0,4,10,2021-02-08/2021-02-14
the weeknd,158714113.0,13,1,75.86532602071907,49.0,2,5,2021-02-15/2021-02-21
the weeknd,151014284.0,11,1,76.9598517603459,50.0,2,5,2021-02-22/2021-02-28
the weeknd,135878761.0,10,1,65.51458489154824,37.0,2,3,2021-03-01/2021-03-07
the weeknd,126478584.0,8,1,60.878763222131816,35.0,2,3,2021-03-08/2021-03-14
the weeknd,119293763.0,8,1,57.13943541488452,33.0,2,3,2021-03-15/2021-03-21
the weeknd,114202238.0,7,1,55.296663660955815,34.0,2,2,2021-03-22/2021-03-28
the weeknd,108761073.0,7,3,53.18645640074212,32.0,2,2,2021-03-29/2021-04-04
the weeknd,99507258.0,7,4,52.397350993377486,34.0,2,2,2021-04-05/2021-04-11
the weeknd,95956696.0,8,4,55.15715622076707,36.0,2,2,2021-04-12/2021-04-18
the weeknd,115558560.0,8,2,53.885623510722795,36.0,3,3,2021-04-19/2021-04-25
the weeknd,129848686.0,8,3,53.42973523421588,38.0,3,3,2021-04-26/2021-05-02
the weeknd,115493422.0,6,6,56.93600562587904,42.0,2,3,2021-05-03/2021-05-09
the weeknd,108900934.0,6,7,63.063604240282686,47.0,2,3,2021-05-10/2021-05-16
the weeknd,99041330.0,6,11,70.78809869375907,56.0,0,3,2021-05-17/2021-05-23
the weeknd,103604413.0,6,8,73.15721464465183,60.0,1,3,2021-05-24/2021-05-30
the weeknd,109062686.0,6,5,67.03223495702005,56.0,1,3,2021-05-31/2021-06-06
the weeknd,102987975.0,6,5,67.67127272727272,57.0,1,3,2021-06-07/2021-06-13
the weeknd,98273843.0,6,6,69.50768105340161,59.0,1,3,2021-06-14/2021-06-20
the weeknd,115678606.0,7,4,71.4474034620506,61.0,2,4,2021-06-21/2021-06-27
the weeknd,134598938.0,7,4,71.06545247581104,60.0,2,4,2021-06-28/2021-07-04
the weeknd,123443821.0,7,7,73.24235294117648,62.0,2,4,2021-07-05/2021-07-11
the weeknd,114334349.0,7,9,78.51620947630923,69.0,1,4,2021-07-12/2021-07-18
the weeknd,117709051.0,8,11,82.29530600118835,74.0,0,4,2021-07-19/2021-07-25
the weeknd,106740503.0,9,13,83.49075844486934,75.0,0,4,2021-07-26/2021-08-01
the weeknd,121065131.0,9,1,79.43374925727866,71.0,1,5,2021-08-02/2021-08-08
the weeknd,145725375.0,9,5,73.80670508119434,66.0,1,4,2021-08-09/2021-08-15
the weeknd,129976460.0,9,5,77.2942794279428,68.0,1,5,2021-08-16/2021-08-22
the weeknd,138657806.0,12,2,82.0026766595289,73.0,2,7,2021-08-23/2021-08-29
the weeknd,183331951.0,10,1,84.43450942484291,76.0,1,6,2021-08-30/2021-09-05
the weeknd,146309383.0,10,1,83.96342737722048,76.0,1,6,2021-09-06/2021-09-12
the weeknd,132179578.0,9,1,87.99298434970318,80.0,1,6,2021-09-13/2021-09-19
the weeknd,123244257.0,9,3,91.603324099723,83.0,1,6,2021-09-20/2021-09-26
the weeknd,116005047.0,9,4,94.0835734870317,87.0,1,6,2021-09-27/2021-10-03
the weeknd,108441873.0,9,6,94.92533659730722,87.0,1,6,2021-10-04/2021-10-10
the weeknd,103541788.0,9,9,96.50796685787125,88.0,1,6,2021-10-11/2021-10-17
the weeknd,129141228.0,11,1,93.67436743674368,87.0,1,7,2021-10-18/2021-10-24
the weeknd,154127227.0,11,1,91.43770883054893,87.0,1,7,2021-10-25/2021-10-31
the weeknd,159846473.0,12,1,91.57347670250896,84.0,2,9,2021-11-01/2021-11-07
the weeknd,186688637.0,13,1,91.26642771804062,87.0,3,10,2021-11-08/2021-11-14
the weeknd,172966528.0,13,1,96.57675696898312,91.0,3,11,2021-11-15/2021-11-21
the weeknd,156080375.0,13,1,100.8348271446863,97.0,2,9,2021-11-22/2021-11-28
the weeknd,151015061.0,13,1,104.24775583482945,102.0,1,9,2021-11-29/2021-12-05
the weeknd,131708656.0,13,1,110.4625784645099,108.0,1,9,2021-12-06/2021-12-12
the weeknd,124958538.0,15,2,113.50870010235414,114.0,1,10,2021-12-13/2021-12-19
the weeknd,91627358.0,14,4,121.21485411140584,122.0,1,9,2021-12-20/2021-12-26
the weeknd,137352784.0,14,6,102.06471421823335,98.0,1,9,2021-12-27/2022-01-02
the weeknd,410916630.0,36,1,83.47907169498549,74.0,15,29,2022-01-03/2022-01-09
the weeknd,431141034.0,29,1,89.81222030981067,83.0,9,25,2022-01-10/2022-01-16
the weeknd,253871085.0,27,5,99.62546125461255,97.0,4,17,2022-01-17/2022-01-23
the weeknd,189316194.0,23,9,103.0872641509434,102.0,1,14,2022-01-24/2022-01-30
the weeknd,159258586.0,21,13,105.09529411764706,102.0,0,13,2022-01-31/2022-02-06
the weeknd,143225233.0,21,12,105.37429193899783,104.0,0,12,2022-02-07/2022-02-13
the weeknd,121921747.0,17,13,109.36836886465048,108.0,0,10,2022-02-14/2022-02-20
the weeknd,114759227.0,17,11,109.89355007865758,107.0,0,10,2022-02-21/2022-02-27
the weeknd,116368458.0,17,8,108.93226473629782,104.0,1,10,2022-02-28/2022-03-06
the weeknd,118461277.0,17,7,110.86510701841712,111.0,1,11,2022-03-07/2022-03-13
the weeknd,122451523.0,17,4,110.54010695187166,109.0,2,10,2022-03-14/2022-03-20
the weeknd,115885531.0,16,4,109.26965699208444,107.0,2,10,2022-03-21/2022-03-27
the weeknd,103389431.0,15,5,110.17453347969264,107.0,2,9,2022-03-28/2022-04-03
the weeknd,111610474.0,16,6,111.27207392197126,109.0,2,10,2022-04-04/2022-04-10
the weeknd,105761440.0,16,6,109.3950749464668,105.0,2,10,2022-04-11/2022-04-17
the weeknd,118350815.0,17,6,109.53073770491804,107.0,2,9,2022-04-18/2022-04-24
the weeknd,106144474.0,14,8,114.83100167879127,111.0,2,9,2022-04-25/2022-05-01
the weeknd,92802390.0,15,7,116.48192019950125,113.0,2,9,2022-05-02/2022-05-08
the weeknd,81788747.0,17,7,123.11851851851851,122.0,1,9,2022-05-09/2022-05-15
the weeknd,80368815.0,16,7,124.6367956551256,125.0,1,9,2022-05-16/2022-05-22
the weeknd,80893942.0,16,9,124.51915184678522,125.0,1,8,2022-05-23/2022-05-29
the weeknd,86780808.0,17,9,122.39615384615385,123.0,1,9,2022-05-30/2022-06-05
the weeknd,88855151.0,16,10,123.95259165613147,127.0,1,8,2022-06-06/2022-06-12
the weeknd,84674979.0,17,13,124.87840531561461,129.0,0,7,2022-06-13/2022-06-19
the weeknd,88817316.0,17,11,124.52131147540983,129.0,0,8,2022-06-20/2022-06-26
the weeknd,106194614.0,16,11,121.4846878680801,126.0,0,9,2022-06-27/2022-07-03
the weeknd,105551478.0,17,11,120.69492440604752,125.0,0,9,2022-07-04/2022-07-10
the weeknd,106672502.0,16,10,120.16483516483517,125.0,1,9,2022-07-11/2022-07-17
the weeknd,120990161.0,17,11,114.51647811116577,117.0,0,10,2022-07-18/2022-07-24
the weeknd,126106624.0,16,11,113.02995169082125,114.5,0,10,2022-07-25/2022-07-31
the weeknd,126656317.0,19,11,112.70388349514563,112.0,0,9,2022-08-01/2022-08-07
the weeknd,128410576.0,18,11,111.5779376498801,109.0,0,8,2022-08-08/2022-08-14
the weeknd,127891952.0,17,11,112.49060240963856,113.0,0,8,2022-08-15/2022-08-21
the weeknd,132146056.0,17,13,113.3083173996176,114.5,0,7,2022-08-22/2022-08-28
the weeknd,134855662.0,16,15,114.95952380952382,114.0,0,6,2022-08-29/2022-09-04
the weeknd,137559751.0,16,12,115.94206896551724,117.0,0,6,2022-09-05/2022-09-11
the weeknd,137425477.0,16,12,114.3733843944471,113.0,0,6,2022-09-12/2022-09-18
the weeknd,139672465.0,23,9,115.39180722891567,114.0,1,8,2022-09-19/2022-09-25
the weeknd,135840270.0,21,7,116.7303651825913,116.0,1,6,2022-09-26/2022-10-02
the weeknd,134874161.0,17,10,116.92445125063809,117.0,1,6,2022-10-03/2022-10-09
the weeknd,134009338.0,18,11,116.4037037037037,117.0,0,7,2022-10-10/2022-10-16
the weeknd,132363608.0,18,11,120.89084707220012,123.0,0,7,2022-10-17/2022-10-23
the weeknd,132521753.0,18,14,124.26224611708483,124.0,0,5,2022-10-24/2022-10-30
the weeknd,128970158.0,18,13,127.0925925925926,131.0,0,5,2022-10-31/2022-11-06
the weeknd,131827271.0,17,11,128.16131025957972,134.0,0,4,2022-11-07/2022-11-13
the weeknd,130489427.0,17,10,125.15519399249061,132.0,1,7,2022-11-14/2022-11-20
the weeknd,121557694.0,17,10,126.11229946524064,132.0,1,5,2022-11-21/2022-11-27
the weeknd,175764504.0,26,1,117.0965424337674,125.0,4,12,2022-11-28/2022-12-04
the weeknd,206761962.0,22,1,111.19859092910612,120.0,3,10,2022-12-05/2022-12-11
the weeknd,186865858.0,20,1,112.13489461358314,121.0,2,7,2022-12-12/2022-12-18
the weeknd,158575492.0,20,1,114.26381059751974,122.0,2,5,2022-12-19/2022-12-25
the weeknd,197864949.0,21,1,105.0253112033195,107.0,3,9,2022-12-26/2023-01-01
the weeknd,207307725.0,21,1,104.83121732636296,106.5,2,10,2023-01-02/2023-01-08
the weeknd,215035839.0,22,1,104.35912847483095,106.0,2,9,2023-01-09/2023-01-15
the weeknd,226349186.0,22,2,106.02715956242928,108.0,1,10,2023-01-16/2023-01-22
the weeknd,230002420.0,20,2,106.8271375464684,111.0,2,7,2023-01-23/2023-01-29
the weeknd,229024078.0,21,2,106.44076526857984,110.5,3,10,2023-01-30/2023-02-05
the weeknd,229005575.0,21,2,106.4300878477306,110.0,3,10,2023-02-06/2023-02-12
the weeknd,225831473.0,21,2,105.67859892224789,106.0,4,10,2023-02-13/2023-02-19
the weeknd,285161165.0,21,1,98.67400881057269,99.0,5,14,2023-02-20/2023-02-26
the weeknd,358962411.0,21,1,94.19096922634455,92.0,5,14,2023-02-27/2023-03-05
the weeknd,358640921.0,22,1,95.3459319099827,93.0,5,13,2023-03-06/2023-03-12
the weeknd,317886231.0,23,1,97.8141241210639,96.0,7,13,2023-03-13/2023-03-19
the weeknd,289264618.0,21,2,98.39150178397665,96.0,4,11,2023-03-20/2023-03-26
the weeknd,274196993.0,21,2,99.17833333333333,98.0,4,10,2023-03-27/2023-04-02
the weeknd,253106833.0,20,1,99.88495891389782,100.0,2,10,2023-04-03/2023-04-09
the weeknd,245243581.0,18,2,99.98981132075471,101.0,2,9,2023-04-10/2023-04-16
the weeknd,257552898.0,22,2,98.63351351351352,98.0,4,11,2023-04-17/2023-04-23
the weeknd,273547274.0,22,3,98.81149825783972,98.0,4,9,2023-04-24/2023-04-30
the weeknd,237481748.0,20,3,102.81252430960716,104.0,3,11,2023-05-01/2023-05-07
the weeknd,207375773.0,19,4,107.69286359530263,113.0,3,9,2023-05-08/2023-05-14
the weeknd,191009214.0,20,6,109.76923076923077,115.0,3,7,2023-05-15/2023-05-21
the weeknd,176138313.0,19,7,110.86670124481327,116.0,3,7,2023-05-22/2023-05-28
the weeknd,179947659.0,20,2,105.92666317443688,108.0,3,7,2023-05-29/2023-06-04
the weeknd,192028562.0,24,3,105.45873233014136,106.0,3,10,2023-06-05/2023-06-11
the weeknd,186338596.0,24,8,106.36372007366482,107.0,3,9,2023-06-12/2023-06-18
the weeknd,176993179.0,26,4,107.47272727272727,109.0,3,9,2023-06-19/2023-06-25
the weeknd,168585603.0,37,4,106.24621397166585,108.0,4,14,2023-06-26/2023-07-02
the weeknd,163869308.0,25,3,105.40146366962885,106.0,1,9,2023-07-03/2023-07-09
the weeknd,170831931.0,33,3,104.17363184079602,103.0,3,14,2023-07-10/2023-07-16
the weeknd,193512670.0,24,1,99.26780626780626,100.0,2,11,2023-07-17/2023-07-23
the weeknd,221310175.0,24,3,99.5589519650655,98.0,2,11,2023-07-24/2023-07-30
the weeknd,226624394.0,32,2,102.94437961882537,101.0,2,13,2023-07-31/2023-08-06
the weeknd,198078763.0,53,1,100.74467316720838,97.0,12,36,2023-08-07/2023-08-13
the weeknd,185681843.0,46,1,103.52252964426877,103.0,9,31,2023-08-14/2023-08-20
the weeknd,189513359.0,30,3,106.4773728474169,109.0,1,19,2023-08-21/2023-08-27
the weeknd,185858541.0,26,5,108.08607266435986,111.0,1,16,2023-08-28/2023-09-03
the weeknd,177393647.0,25,5,110.38909426987061,114.0,1,14,2023-09-04/2023-09-10
the weeknd,174928319.0,26,6,110.40639923591213,113.0,1,13,2023-09-11/2023-09-17
the weeknd,165167402.0,24,8,110.5187165775401,112.0,1,11,2023-09-18/2023-09-24
the weeknd,169202481.0,23,8,110.27338877338877,113.0,1,10,2023-09-25/2023-10-01
the weeknd,167271200.0,24,10,114.29460352422907,119.0,1,7,2023-10-02/2023-10-08
the weeknd,159497820.0,23,13,114.68883747831116,118.0,0,8,2023-10-09/2023-10-15
the weeknd,158025858.0,23,12,113.95197255574614,116.0,0,8,2023-10-16/2023-10-22
the weeknd,162222825.0,20,13,114.90643985419199,116.0,0,8,2023-10-23/2023-10-29
the weeknd,146731069.0,21,12,116.57566585956417,120.0,0,8,2023-10-30/2023-11-05
the weeknd,137042419.0,20,9,117.8264724509183,121.0,1,6,2023-11-06/2023-11-12
the weeknd,131681374.0,20,9,121.03629032258064,127.0,1,6,2023-11-13/2023-11-19
the weeknd,126290641.0,19,8,121.99348769898698,129.0,1,6,2023-11-20/2023-11-26
the weeknd,152394038.0,20,7,121.71231155778895,129.0,1,6,2023-11-27/2023-12-03
the weeknd,168554057.0,20,3,122.60450704225352,131.0,1,7,2023-12-04/2023-12-10
the weeknd,194964123.0,21,3,118.48702887909937,124.0,2,9,2023-12-11/2023-12-17
the weeknd,168409804.0,19,3,119.16594157862026,123.0,2,8,2023-12-18/2023-12-24
the weeknd,197492227.0,21,3,108.1544957774466,109.0,2,9,2023-12-25/2023-12-31
the weeknd,221439791.0,22,3,103.84210526315789,102.0,2,9,2024-01-01/2024-01-07
the weeknd,246230912.0,21,1,104.59373729158195,108.0,2,9,2024-01-08/2024-01-14
the weeknd,248676880.0,21,1,100.52302922940656,101.0,2,7,2024-01-15/2024-01-21
the weeknd,238154290.0,20,1,100.81188582124473,101.0,2,7,2024-01-22/2024-01-28
the weeknd,240796886.0,19,1,97.56542502387775,100.0,2,7,2024-01-29/2024-02-04
the weeknd,224317183.0,21,1,100.3406374501992,103.0,4,9,2024-02-05/2024-02-11
the weeknd,204658471.0,18,1,106.50586979722519,106.0,2,4,2024-02-12/2024-02-18
the weeknd,203889226.0,18,1,102.61511627906977,100.0,2,4,2024-02-19/2024-02-25
the weeknd,199615301.0,17,1,101.24459134615384,100.0,2,4,2024-02-26/2024-03-03
the weeknd,190030210.0,17,1,103.3515228426396,104.0,2,5,2024-03-04/2024-03-10
the weeknd,183838539.0,16,2,106.31632653061224,108.0,1,4,2024-03-11/2024-03-17
the weeknd,182845840.0,17,3,106.19788425637834,109.0,2,5,2024-03-18/2024-03-24
the weeknd,175219926.0,17,5,109.59382871536523,111.0,1,6,2024-03-25/2024-03-31
the weeknd,156238917.0,14,6,114.33809864188706,119.0,1,6,2024-04-01/2024-04-07
the weeknd,163588742.0,19,1,112.13832853025937,114.0,3,8,2024-04-08/2024-04-14
the weeknd,154206098.0,13,5,113.51951951951952,117.0,1,4,2024-04-15/2024-04-21
the weeknd,126253453.0,11,1,112.62886597938144,112.0,1,4,2024-04-22/2024-04-28
the weeknd,115019162.0,11,7,111.85343035343035,114.0,1,3,2024-04-29/2024-05-05
the weeknd,111689925.0,11,9,113.26906318082789,115.0,1,4,2024-05-06/2024-05-12
the weeknd,113051143.0,10,9,112.8812729498164,117.0,1,3,2024-05-13/2024-05-19
the weeknd,107705111.0,11,8,112.1543287327478,117.0,2,3,2024-05-20/2024-05-26
the weeknd,102399662.0,11,7,114.11041405269762,116.0,1,3,2024-05-27/2024-06-02
the weeknd,101230977.0,11,8,118.68536585365854,122.0,1,2,2024-06-03/2024-06-09
the weeknd,95075175.0,10,9,116.0827489481066,121.0,1,2,2024-06-10/2024-06-16
the weeknd,88813765.0,10,5,116.30814814814815,121.0,1,2,2024-06-17/2024-06-23
the weeknd,92231503.0,9,3,118.2143928035982,124.0,1,2,2024-06-24/2024-06-30
the weeknd,85546518.0,8,5,116.89784172661871,126.0,1,2,2024-07-01/2024-07-07
the weeknd,79937266.0,10,7,120.06332842415317,126.0,1,2,2024-07-08/2024-07-14
the weeknd,77672560.0,9,7,120.13406940063092,126.0,1,2,2024-07-15/2024-07-21
the weeknd,78955559.0,9,7,121.68289085545723,129.0,1,2,2024-07-22/2024-07-28
the weeknd,77943036.0,8,8,122.14395099540582,127.0,1,2,2024-07-29/2024-08-04
the weeknd,76492140.0,9,8,123.20588235294117,127.0,1,2,2024-08-05/2024-08-11
the weeknd,75034678.0,10,8,122.40261865793781,128.0,1,2,2024-08-12/2024-08-18
the weeknd,75934593.0,9,10,120.26003490401396,125.0,1,2,2024-08-19/2024-08-25
the weeknd,74313058.0,6,9,118.00563909774436,121.0,1,2,2024-08-26/2024-09-01
the weeknd,76379786.0,8,8,121.01964285714286,127.0,1,2,2024-09-02/2024-09-08
the weeknd,113499921.0,12,2,111.21846846846847,117.0,2,4,2024-09-09/2024-09-15
the weeknd,133194787.0,13,4,108.57889733840304,112.0,2,4,2024-09-16/2024-09-22
the weeknd,163016061.0,12,1,108.02380952380952,113.0,2,5,2024-09-23/2024-09-29
the weeknd,174533696.0,11,1,100.36450079239303,106.0,2,4,2024-09-30/2024-10-06
the weeknd,148320592.0,12,1,100.71313672922253,105.0,2,3,2024-10-07/2024-10-13
the weeknd,133097827.0,11,2,100.6643495531281,106.0,1,3,2024-10-14/2024-10-20
the weeknd,125006356.0,14,2,103.23971915747242,107.0,1,3,2024-10-21/2024-10-27
the weeknd,159521523.0,13,1,96.85859375,92.0,2,5,2024-10-28/2024-11-03
the weeknd,153701430.0,14,1,92.48356054530873,88.0,2,4,2024-11-04/2024-11-10
the weeknd,138069010.0,12,3,92.73813868613139,93.0,2,4,2024-11-11/2024-11-17
the weeknd,130840296.0,11,2,91.61530398322851,87.0,2,4,2024-11-18/2024-11-24
the weeknd,125325350.0,13,3,93.57780195865071,89.0,1,3,2024-11-25/2024-12-01
the weeknd,123267849.0,12,3,97.41639697950377,95.0,1,3,2024-12-02/2024-12-08
the weeknd,121757159.0,11,4,94.96969696969697,91.0,1,3,2024-12-09/2024-12-15
the weeknd,119493776.0,11,3,97.29006772009029,89.0,1,4,2024-12-16/2024-12-22
the weeknd,107755885.0,12,2,100.69320594479831,100.0,1,4,2024-12-23/2024-12-29
the weeknd,131173206.0,15,2,96.73862696443342,96.0,1,6,2024-12-30/2025-01-05
the weeknd,139100044.0,16,2,95.93111831442464,96.0,1,4,2025-01-06/2025-01-12
the weeknd,140120352.0,12,3,94.68838763575606,93.0,2,4,2025-01-13/2025-01-19
the weeknd,140869836.0,14,5,97.29311740890688,97.0,1,5,2025-01-20/2025-01-26
the weeknd,364149610.0,36,1,88.57567567567567,81.0,10,25,2025-01-27/2025-02-02
the weeknd,393996518.0,32,1,91.55084217092951,87.0,4,16,2025-02-03/2025-02-09
the weeknd,213283329.0,23,4,93.13322717622081,88.0,3,7,2025-02-10/2025-02-16
the weeknd,163383041.0,15,8,93.15531335149863,83.0,1,4,2025-02-17/2025-02-23
the weeknd,149782692.0,13,8,95.88308651597818,90.0,1,4,2025-02-24/2025-03-02
the weeknd,133775591.0,11,8,100.57067603160667,98.0,1,4,2025-03-03/2025-03-09
the weeknd,161889334.0,13,2,94.85871404399323,91.0,2,5,2025-03-10/2025-03-16
the weeknd,175386014.0,11,2,88.67927501970055,82.0,2,5,2025-03-17/2025-03-23
the weeknd,153055272.0,10,4,95.63545150501672,92.0,2,4,2025-03-24/2025-03-30
the weeknd,139773021.0,11,8,101.93093922651934,101.5,1,4,2025-03-31/2025-04-06
the weeknd,131415951.0,11,7,104.85544554455446,109.0,1,4,2025-04-07/2025-04-13
the weeknd,115877493.0,11,8,106.73627556512379,110.0,1,4,2025-04-14/2025-04-20
the weeknd,105828734.0,11,7,106.00449438202247,106.0,1,3,2025-04-21/2025-04-27
the weeknd,96526536.0,10,7,108.2209595959596,113.0,1,4,2025-04-28/2025-05-04
the weeknd,102054786.0,10,9,111.67722289890378,118.0,1,5,2025-05-05/2025-05-11
the weeknd,95476501.0,11,9,111.3527815468114,112.0,1,4,2025-05-12/2025-05-18
the weeknd,87544397.0,9,10,115.04643962848297,119.0,1,3,2025-05-19/2025-05-25
the weeknd,88586077.0,10,11,114.37460815047022,119.0,0,3,2025-05-26/2025-06-01
the weeknd,85140761.0,8,10,116.06849315068493,119.0,1,3,2025-06-02/2025-06-08
the weeknd,84819410.0,8,15,117.1360544217687,125.0,0,3,2025-06-09/2025-06-15
the weeknd,80336906.0,8,14,116.71228070175438,123.5,0,3,2025-06-16/2025-06-22
the weeknd,79540279.0,7,14,117.94485294117646,124.0,0,3,2025-06-23/2025-06-29
the weeknd,74313951.0,6,18,117.832,124.5,0,3,2025-06-30/2025-07-06
the weeknd,76610889.0,6,22,123.01953125,127.5,0,3,2025-07-07/2025-07-13
the weeknd,79497009.0,7,24,123.91788321167883,127.0,0,3,2025-07-14/2025-07-20
the weeknd,77243784.0,8,24,125.62426614481409,130.0,0,3,2025-07-21/2025-07-27
the weeknd,79387464.0,9,27,119.83487940630798,121.0,0,3,2025-07-28/2025-08-03
the weeknd,80975896.0,10,19,121.12244897959184,122.0,0,2,2025-08-04/2025-08-10
the weeknd,77303548.0,9,21,123.2984496124031,125.5,0,2,2025-08-11/2025-08-17
the weeknd,76658284.0,6,22,123.78571428571429,127.0,0,2,2025-08-18/2025-08-24
the weeknd,73738726.0,9,23,124.49896907216495,130.0,0,2,2025-08-25/2025-08-31
the weeknd,80188818.0,12,23,126.77878787878788,133.0,0,3,2025-09-01/2025-09-07
the weeknd,121211014.0,16,17,121.87302904564315,124.0,0,4,2025-09-08/2025-09-14
the weeknd,113868513.0,15,16,124.32909090909091,129.0,0,4,2025-09-15/2025-09-21
the weeknd,95762900.0,13,14,123.77497255762898,127.0,0,3,2025-09-22/2025-09-28
the weeknd,92267565.0,13,15,125.460661345496,130.0,0,3,2025-09-29/2025-10-05
the weeknd,94914943.0,13,24,131.0614849187935,138.0,0,4,2025-10-06/2025-10-12
the weeknd,99627867.0,12,19,129.51029252437704,136.0,0,4,2025-10-13/2025-10-19
the weeknd,114874730.0,12,17,126.85554425228891,132.0,0,4,2025-10-20/2025-10-26
the weeknd,116296980.0,13,15,122.68944723618091,128.0,0,4,2025-10-27/2025-11-02
the weeknd,103288492.0,13,3,125.98640167364017,133.0,1,4,2025-11-03/2025-11-09
the weeknd,99414785.0,13,19,128.92471769134252,139.0,0,4,2025-11-10/2025-11-16
the weeknd,91311289.0,12,18,127.19740634005764,135.0,0,4,2025-11-17/2025-11-23
the weeknd,77972276.0,10,19,123.50994575045208,134.0,0,3,2025-11-24/2025-11-30
the weeknd,85201195.0,11,18,122.40856672158155,128.0,0,3,2025-12-01/2025-12-07
the weeknd,85326572.0,10,19,123.3711507293355,127.0,0,4,2025-12-08/2025-12-14
the weeknd,81943968.0,13,21,122.21989528795811,125.0,0,4,2025-12-15/2025-12-21
the weeknd,73252670.0,13,22,124.77049180327869,131.0,0,4,2025-12-22/2025-12-28
the weeknd,93940174.0,13,21,119.30331125827814,124.0,0,5,2025-12-29/2026-01-04
the weeknd,86973102.0,12,20,127.88023952095809,134.0,0,4,2026-01-05/2026-01-11
the weeknd,83756687.0,11,25,130.71334431630973,139.0,0,3,2026-01-12/2026-01-18
the weeknd,83110359.0,11,26,129.01470588235293,137.0,0,3,2026-01-19/2026-01-25
the weeknd,81022147.0,12,27,128.40998217468805,136.0,0,3,2026-01-26/2026-02-01
the weeknd,74797748.0,11,29,130.7170542635659,140.0,0,3,2026-02-02/2026-02-08
the weeknd,69879840.0,10,24,128.69631236442515,141.0,0,3,2026-02-09/2026-02-15
the weeknd,63877348.0,10,34,130.02380952380952,140.5,0,3,2026-02-16/2026-02-22
the weeknd,63847262.0,8,30,133.44743276283617,143.0,0,3,2026-02-23/2026-03-01
the weeknd,57812375.0,7,32,128.28070175438597,131.5,0,3,2026-03-02/2026-03-08
the weeknd,59892962.0,8,28,130.14076246334312,137.0,0,3,2026-03-09/2026-03-15
the weeknd,60198254.0,9,29,131.02967359050444,134.0,0,3,2026-03-16/2026-03-22
the weeknd,60159681.0,8,46,129.020979020979,130.0,0,2,2026-03-23/2026-03-29
the weeknd,57103985.0,8,39,124.27054794520548,123.5,0,2,2026-03-30/2026-04-05
the weeknd,55016275.0,10,32,127.01315789473684,126.5,0,2,2026-04-06/2026-04-12
the weeknd,52227203.0,8,35,128.6811023622047,130.0,0,1,2026-04-13/2026-04-19
the weeknd,51892387.0,7,44,129.36290322580646,133.5,0,1,2026-04-20/2026-04-26
the weeknd,58469738.0,8,41,129.16206896551725,131.0,0,1,2026-04-27/2026-05-03
the weeknd,60148534.0,9,36,131.89473684210526,138.0,0,2,2026-05-04/2026-05-10
the weeknd,59360411.0,9,29,126.01886792452831,129.0,0,3,2026-05-11/2026-05-17
the weeknd,52018468.0,13,19,115.50581395348837,113.5,0,5,2026-05-18/2026-05-24
the weeknd,27490011.0,9,38,121.61184210526316,124.0,0,2,2026-05-25/2026-05-31
whitney houston,47854.0,1,95,119.66666666666667,123.0,0,0,2016-12-26/2017-01-01
whitney houston,38647.0,1,184,189.5,189.5,0,0,2017-01-02/2017-01-08
whitney houston,42535.0,1,178,188.0,188.0,0,0,2017-01-09/2017-01-15
whitney houston,46038.0,1,143,149.5,149.5,0,0,2017-01-16/2017-01-22
whitney houston,46107.0,1,147,153.5,153.5,0,0,2017-01-23/2017-01-29
whitney houston,7591.0,1,172,181.66666666666666,184.0,0,0,2017-01-30/2017-02-05
whitney houston,67460.0,2,109,143.66666666666666,125.0,0,0,2017-02-06/2017-02-12
whitney houston,140375.0,2,60,164.28571428571428,190.0,0,0,2017-02-13/2017-02-19
whitney houston,16612.0,1,196,196.0,196.0,0,0,2017-04-10/2017-04-16
whitney houston,16950.0,1,200,200.0,200.0,0,0,2017-05-01/2017-05-07
whitney houston,60793.0,1,117,121.5,121.5,0,0,2017-05-15/2017-05-21
whitney houston,50459.0,1,129,133.0,133.0,0,0,2017-06-05/2017-06-11
whitney houston,15138.0,1,200,200.0,200.0,0,0,2017-06-26/2017-07-02
whitney houston,56609.0,1,178,185.5,185.5,0,0,2017-07-03/2017-07-09
whitney houston,15085.0,1,200,200.0,200.0,0,0,2017-07-10/2017-07-16
whitney houston,42725.0,1,147,172.66666666666666,172.0,0,0,2017-07-24/2017-07-30
whitney houston,65222.0,1,165,176.5,175.5,0,0,2017-07-31/2017-08-06
whitney houston,22329.0,1,168,178.0,178.0,0,0,2017-08-07/2017-08-13
whitney houston,21858.0,1,174,187.0,187.0,0,0,2017-08-14/2017-08-20
whitney houston,20926.0,2,184,186.5,186.5,0,0,2017-08-21/2017-08-27
whitney houston,60694.0,2,165,175.5,175.5,0,0,2017-08-28/2017-09-03
whitney houston,19090.0,1,182,182.0,182.0,0,0,2017-09-04/2017-09-10
whitney houston,79891.0,1,101,131.33333333333334,113.0,0,0,2017-09-11/2017-09-17
whitney houston,20216.0,1,178,178.0,178.0,0,0,2017-09-18/2017-09-24
whitney houston,58567.0,2,179,183.5,183.5,0,0,2017-09-25/2017-10-01
whitney houston,144886.0,1,138,166.0,170.5,0,0,2017-10-02/2017-10-08
whitney houston,66758.0,1,161,169.33333333333334,168.0,0,0,2017-10-09/2017-10-15
whitney houston,68115.0,1,162,173.66666666666666,175.0,0,0,2017-10-16/2017-10-22
whitney houston,69146.0,1,162,165.33333333333334,167.0,0,0,2017-10-23/2017-10-29
whitney houston,62596.0,1,186,189.0,189.0,0,0,2017-10-30/2017-11-05
whitney houston,21394.0,1,182,182.0,182.0,0,0,2017-11-06/2017-11-12
whitney houston,62543.0,1,164,180.0,180.0,0,0,2017-11-13/2017-11-19
whitney houston,224950.0,1,54,146.125,165.5,0,0,2017-11-20/2017-11-26
whitney houston,95844.0,2,120,155.0,155.0,0,0,2017-12-04/2017-12-10
whitney houston,58794.0,1,150,174.0,174.0,0,0,2017-12-11/2017-12-17
whitney houston,442515.0,3,72,122.36363636363636,106.0,0,0,2017-12-18/2017-12-24
whitney houston,703567.0,4,48,112.26923076923077,87.5,0,1,2017-12-25/2017-12-31
whitney houston,237474.0,1,72,138.53846153846155,151.0,0,0,2018-01-01/2018-01-07
whitney houston,105402.0,1,166,175.75,175.0,0,0,2018-01-08/2018-01-14
whitney houston,109747.0,1,160,168.5,171.0,0,0,2018-01-15/2018-01-21
whitney houston,112821.0,1,157,168.0,166.5,0,0,2018-01-22/2018-01-28
whitney houston,111271.0,1,155,161.5,159.0,0,0,2018-01-29/2018-02-04
whitney houston,59651.0,1,168,176.0,179.0,0,0,2018-02-05/2018-02-11
whitney houston,124269.0,2,125,157.0,165.0,0,0,2018-02-12/2018-02-18
whitney houston,108897.0,1,159,178.5,180.0,0,0,2018-02-19/2018-02-25
whitney houston,128904.0,1,131,166.6,152.0,0,0,2018-02-26/2018-03-04
whitney houston,273145.0,1,90,132.0,132.0,0,0,2018-03-05/2018-03-11
whitney houston,117940.0,1,154,180.66666666666666,184.0,0,0,2018-03-12/2018-03-18
whitney houston,193701.0,1,118,156.0,153.0,0,0,2018-03-19/2018-03-25
whitney houston,302083.0,1,118,154.66666666666666,155.5,0,0,2018-03-26/2018-04-01
whitney houston,229435.0,1,110,164.63636363636363,165.0,0,0,2018-04-02/2018-04-08
whitney houston,219171.0,1,118,150.625,152.0,0,0,2018-04-09/2018-04-15
whitney houston,297462.0,1,136,174.63636363636363,180.0,0,0,2018-04-16/2018-04-22
whitney houston,120599.0,1,165,174.5,170.5,0,0,2018-04-23/2018-04-29
whitney houston,58597.0,1,185,185.0,185.0,0,0,2018-04-30/2018-05-06
whitney houston,119743.0,1,133,168.66666666666666,176.0,0,0,2018-05-14/2018-05-20
whitney houston,113844.0,1,159,176.5,175.0,0,0,2018-05-21/2018-05-27
whitney houston,124878.0,1,151,162.4,156.0,0,0,2018-05-28/2018-06-03
whitney houston,112091.0,2,174,186.25,187.5,0,0,2018-06-04/2018-06-10
whitney houston,48752.0,1,187,187.0,187.0,0,0,2018-06-11/2018-06-17
whitney houston,57219.0,1,164,175.5,175.5,0,0,2018-06-18/2018-06-24
whitney houston,5804.0,1,146,146.0,146.0,0,0,2018-06-25/2018-07-01
whitney houston,119281.0,1,157,173.0,172.0,0,0,2018-07-02/2018-07-08
whitney houston,61304.0,1,190,192.66666666666666,190.0,0,0,2018-07-09/2018-07-15
whitney houston,120470.0,1,148,161.25,160.0,0,0,2018-07-16/2018-07-22
whitney houston,137095.0,1,171,181.0,179.0,0,0,2018-07-23/2018-07-29
whitney houston,253927.0,1,58,118.85714285714286,140.0,0,0,2018-07-30/2018-08-05
whitney houston,162680.0,1,133,167.875,169.0,0,0,2018-08-06/2018-08-12
whitney houston,153657.0,1,141,163.5,155.5,0,0,2018-08-13/2018-08-19
whitney houston,192999.0,1,119,149.71428571428572,142.0,0,0,2018-08-20/2018-08-26
whitney houston,196231.0,1,138,163.0,164.0,0,0,2018-08-27/2018-09-02
whitney houston,150441.0,1,154,176.57142857142858,165.0,0,0,2018-09-03/2018-09-09
whitney houston,199370.0,1,130,155.28571428571428,144.0,0,0,2018-09-10/2018-09-16
whitney houston,205293.0,1,137,166.33333333333334,167.0,0,0,2018-09-17/2018-09-23
whitney houston,375964.0,1,97,156.94736842105263,156.0,0,0,2018-09-24/2018-09-30
whitney houston,239989.0,1,129,169.23076923076923,175.0,0,0,2018-10-01/2018-10-07
whitney houston,158343.0,1,144,166.5,161.0,0,0,2018-10-08/2018-10-14
whitney houston,201923.0,1,138,172.22222222222223,169.0,0,0,2018-10-15/2018-10-21
whitney houston,162715.0,1,140,174.14285714285714,176.0,0,0,2018-10-22/2018-10-28
whitney houston,150280.0,1,141,172.0,181.0,0,0,2018-10-29/2018-11-04
whitney houston,148367.0,1,153,178.8,183.0,0,0,2018-11-05/2018-11-11
whitney houston,156585.0,1,169,183.66666666666666,186.0,0,0,2018-11-12/2018-11-18
whitney houston,118140.0,1,169,171.75,171.0,0,0,2018-11-19/2018-11-25
whitney houston,55967.0,3,153,174.25,174.0,0,0,2018-12-17/2018-12-23
whitney houston,1010258.0,4,66,143.83333333333334,140.5,0,0,2018-12-24/2018-12-30
whitney houston,1493949.0,1,50,119.57575757575758,118.0,0,1,2018-12-31/2019-01-06
whitney houston,469393.0,1,114,153.3125,159.0,0,0,2019-01-07/2019-01-13
whitney houston,533087.0,1,98,146.66666666666666,150.5,0,0,2019-01-14/2019-01-20
whitney houston,505860.0,1,103,147.76470588235293,149.0,0,0,2019-01-21/2019-01-27
whitney houston,484731.0,1,113,155.83333333333334,149.5,0,0,2019-01-28/2019-02-03
whitney houston,718404.0,2,104,153.51724137931035,156.0,0,0,2019-02-04/2019-02-10
whitney houston,684567.0,3,100,152.80769230769232,155.5,0,0,2019-02-11/2019-02-17
whitney houston,614850.0,1,100,156.24,162.0,0,0,2019-02-18/2019-02-24
whitney houston,539057.0,1,108,159.0,151.0,0,0,2019-02-25/2019-03-03
whitney houston,576053.0,1,112,158.7,156.5,0,0,2019-03-04/2019-03-10
whitney houston,526213.0,1,109,157.6,157.0,0,0,2019-03-11/2019-03-17
whitney houston,479330.0,1,113,157.16666666666666,156.5,0,0,2019-03-18/2019-03-24
whitney houston,481354.0,1,114,157.1764705882353,158.0,0,0,2019-03-25/2019-03-31
whitney houston,456907.0,1,133,165.1875,166.5,0,0,2019-04-01/2019-04-07
whitney houston,471020.0,1,133,174.1764705882353,182.0,0,0,2019-04-08/2019-04-14
whitney houston,598964.0,1,105,156.04545454545453,165.5,0,0,2019-04-15/2019-04-21
whitney houston,301538.0,1,128,164.15384615384616,161.0,0,0,2019-04-22/2019-04-28
whitney houston,214181.0,1,123,153.0,155.0,0,0,2019-04-29/2019-05-05
whitney houston,278649.0,1,126,164.83333333333334,173.5,0,0,2019-05-06/2019-05-12
whitney houston,171746.0,1,140,170.71428571428572,179.0,0,0,2019-05-13/2019-05-19
whitney houston,318763.0,1,122,157.27272727272728,145.0,0,0,2019-05-20/2019-05-26
whitney houston,276305.0,1,141,170.8,174.5,0,0,2019-05-27/2019-06-02
whitney houston,259451.0,1,148,175.0909090909091,170.0,0,0,2019-06-03/2019-06-09
whitney houston,332906.0,1,136,176.26666666666668,185.0,0,0,2019-06-10/2019-06-16
whitney houston,232915.0,1,143,180.8,187.5,0,0,2019-06-17/2019-06-23
whitney houston,10564115.0,2,2,70.4748201438849,55.0,1,1,2019-06-24/2019-06-30
whitney houston,23757690.0,2,2,59.53,46.0,1,1,2019-07-01/2019-07-07
whitney houston,21817728.0,2,3,67.30851063829788,49.5,1,1,2019-07-08/2019-07-14
whitney houston,21490102.0,2,5,62.63003663003663,51.0,1,1,2019-07-15/2019-07-21
whitney houston,21410164.0,2,5,62.17110266159696,47.0,1,1,2019-07-22/2019-07-28
whitney houston,20689385.0,2,7,65.59839357429719,47.0,1,1,2019-07-29/2019-08-04
whitney houston,20081215.0,2,7,66.10699588477367,48.0,1,1,2019-08-05/2019-08-11
whitney houston,20227040.0,2,5,67.31967213114754,49.5,1,1,2019-08-12/2019-08-18
whitney houston,21091136.0,2,5,67.40677966101696,46.5,1,1,2019-08-19/2019-08-25
whitney houston,21033099.0,2,4,62.42978723404255,42.0,1,1,2019-08-26/2019-09-01
whitney houston,20242593.0,2,7,64.59051724137932,46.0,1,1,2019-09-02/2019-09-08
whitney houston,20730291.0,2,9,67.95435684647303,46.0,1,1,2019-09-09/2019-09-15
whitney houston,20623301.0,2,7,65.64016736401673,41.0,1,1,2019-09-16/2019-09-22
whitney houston,19858796.0,2,10,65.31739130434782,40.0,1,1,2019-09-23/2019-09-29
whitney houston,19356258.0,2,7,62.308370044052865,39.0,1,1,2019-09-30/2019-10-06
whitney houston,19502997.0,2,4,61.247899159663866,39.0,1,1,2019-10-07/2019-10-13
whitney houston,19585456.0,2,4,60.57786885245902,38.0,1,1,2019-10-14/2019-10-20
whitney houston,17262562.0,2,14,62.69724770642202,45.0,0,1,2019-10-21/2019-10-27
whitney houston,13632718.0,2,18,65.91573033707866,58.0,0,1,2019-10-28/2019-11-03
whitney houston,12870604.0,2,20,70.80113636363636,60.5,0,1,2019-11-04/2019-11-10
whitney houston,12087055.0,2,23,69.3975155279503,62.0,0,1,2019-11-11/2019-11-17
whitney houston,10897216.0,2,30,72.82236842105263,64.0,0,1,2019-11-18/2019-11-24
whitney houston,9719000.0,2,31,79.97101449275362,70.5,0,1,2019-11-25/2019-12-01
whitney houston,8999189.0,1,41,100.8359375,93.0,0,1,2019-12-02/2019-12-08
whitney houston,7824117.0,1,47,114.03875968992249,112.0,0,1,2019-12-09/2019-12-15
whitney houston,7797046.0,1,51,123.27692307692308,120.0,0,0,2019-12-16/2019-12-22
whitney houston,5599017.0,3,45,110.1858407079646,100.0,0,1,2019-12-23/2019-12-29
whitney houston,10168872.0,2,19,80.04320987654322,72.0,0,2,2019-12-30/2020-01-05
whitney houston,9212156.0,2,39,82.56164383561644,78.0,0,1,2020-01-06/2020-01-12
whitney houston,8892174.0,2,42,95.29931972789116,88.0,0,1,2020-01-13/2020-01-19
whitney houston,8747533.0,2,48,96.81632653061224,88.0,0,1,2020-01-20/2020-01-26
whitney houston,8581302.0,2,45,94.28965517241379,87.0,0,1,2020-01-27/2020-02-02
whitney houston,8395725.0,2,44,96.21379310344828,90.0,0,1,2020-02-03/2020-02-09
whitney houston,8147532.0,2,43,101.85714285714286,91.0,0,1,2020-02-10/2020-02-16
whitney houston,7991243.0,2,50,103.24460431654676,93.0,0,1,2020-02-17/2020-02-23
whitney houston,7331488.0,2,52,107.68794326241135,98.0,0,0,2020-02-24/2020-03-01
whitney houston,7323386.0,2,55,108.9568345323741,101.0,0,0,2020-03-02/2020-03-08
whitney houston,4592324.0,2,57,113.96774193548387,109.0,0,0,2020-03-09/2020-03-15
whitney houston,6609351.0,2,49,111.89763779527559,105.0,0,1,2020-03-16/2020-03-22
whitney houston,7485063.0,2,39,105.77692307692308,100.0,0,1,2020-03-23/2020-03-29
whitney houston,7689690.0,2,41,107.38571428571429,96.5,0,1,2020-03-30/2020-04-05
whitney houston,8499070.0,2,43,99.49032258064516,88.0,0,1,2020-04-06/2020-04-12
whitney houston,7428221.0,2,48,106.76470588235294,92.5,0,1,2020-04-13/2020-04-19
whitney houston,7394048.0,2,51,107.78030303030303,94.0,0,0,2020-04-20/2020-04-26
whitney houston,6700635.0,2,55,119.9469696969697,105.0,0,0,2020-04-27/2020-05-03
whitney houston,6284313.0,2,61,120.00746268656717,105.0,0,0,2020-05-04/2020-05-10
whitney houston,6651480.0,2,63,123.04545454545455,109.0,0,0,2020-05-11/2020-05-17
whitney houston,6965280.0,2,63,124.52173913043478,109.0,0,0,2020-05-18/2020-05-24
whitney houston,8863882.0,3,41,114.37931034482759,104.0,0,1,2020-05-25/2020-05-31
whitney houston,8823377.0,2,53,112.63087248322148,99.0,0,0,2020-06-01/2020-06-07
whitney houston,7638355.0,2,57,113.25,100.0,0,0,2020-06-08/2020-06-14
whitney houston,7224961.0,2,63,119.95138888888889,106.5,0,0,2020-06-15/2020-06-21
whitney houston,7174215.0,2,54,119.71527777777777,107.5,0,0,2020-06-22/2020-06-28
whitney houston,7298752.0,2,65,131.42857142857142,123.0,0,0,2020-06-29/2020-07-05
whitney houston,5449820.0,2,57,133.64661654135338,125.0,0,0,2020-07-06/2020-07-12
whitney houston,4478503.0,2,63,131.5,122.5,0,0,2020-07-13/2020-07-19
whitney houston,6460582.0,2,69,132.48529411764707,121.0,0,0,2020-07-20/2020-07-26
whitney houston,5893973.0,2,73,128.94927536231884,116.0,0,0,2020-07-27/2020-08-02
whitney houston,6947857.0,2,76,130.02189781021897,119.0,0,0,2020-08-03/2020-08-09
whitney houston,5686139.0,2,75,133.2753623188406,121.0,0,0,2020-08-10/2020-08-16
whitney houston,4774420.0,2,64,137.63636363636363,128.5,0,0,2020-08-17/2020-08-23
whitney houston,2182901.0,2,66,136.6209677419355,128.5,0,0,2020-08-24/2020-08-30
whitney houston,2106388.0,2,72,139.60833333333332,138.0,0,0,2020-08-31/2020-09-06
whitney houston,2071084.0,2,71,136.85470085470087,136.0,0,0,2020-09-07/2020-09-13
whitney houston,2015648.0,2,78,140.60714285714286,140.0,0,0,2020-09-14/2020-09-20
whitney houston,2049554.0,2,75,143.65,143.0,0,0,2020-09-21/2020-09-27
whitney houston,2112459.0,2,83,148.56034482758622,149.0,0,0,2020-09-28/2020-10-04
whitney houston,2063621.0,2,85,152.17543859649123,158.0,0,0,2020-10-05/2020-10-11
whitney houston,2104821.0,2,80,148.65217391304347,151.0,0,0,2020-10-12/2020-10-18
whitney houston,1990724.0,2,82,148.7962962962963,147.0,0,0,2020-10-19/2020-10-25
whitney houston,1694527.0,2,92,158.38636363636363,159.5,0,0,2020-10-26/2020-11-01
whitney houston,1662673.0,2,71,158.66666666666666,165.5,0,0,2020-11-02/2020-11-08
whitney houston,1395849.0,2,76,154.81927710843374,163.0,0,0,2020-11-09/2020-11-15
whitney houston,1337736.0,2,76,164.83783783783784,176.0,0,0,2020-11-16/2020-11-22
whitney houston,863881.0,2,84,165.0408163265306,177.0,0,0,2020-11-23/2020-11-29
whitney houston,473727.0,2,100,160.57692307692307,175.0,0,0,2020-11-30/2020-12-06
whitney houston,332011.0,2,91,155.61111111111111,178.5,0,0,2020-12-07/2020-12-13
whitney houston,164969.0,2,90,140.93333333333334,153.0,0,0,2020-12-14/2020-12-20
whitney houston,900346.0,4,57,132.96296296296296,135.0,0,0,2020-12-21/2020-12-27
whitney houston,5437687.0,2,13,127.38461538461539,136.0,0,2,2020-12-28/2021-01-03
whitney houston,1494252.0,2,70,154.65217391304347,157.5,0,0,2021-01-04/2021-01-10
whitney houston,1383727.0,2,83,158.03703703703704,168.0,0,0,2021-01-11/2021-01-17
whitney houston,1448934.0,2,84,160.3780487804878,169.5,0,0,2021-01-18/2021-01-24
whitney houston,1045692.0,2,92,161.54545454545453,167.5,0,0,2021-01-25/2021-01-31
whitney houston,1233998.0,2,84,157.69014084507043,163.0,0,0,2021-02-01/2021-02-07
whitney houston,1071072.0,3,86,157.44262295081967,157.0,0,0,2021-02-08/2021-02-14
whitney houston,1135247.0,2,75,154.2,162.0,0,0,2021-02-15/2021-02-21
whitney houston,1181887.0,2,73,160.1549295774648,172.0,0,0,2021-02-22/2021-02-28
whitney houston,1124418.0,2,74,149.9814814814815,156.0,0,0,2021-03-01/2021-03-07
whitney houston,1107132.0,2,81,152.2156862745098,162.0,0,0,2021-03-08/2021-03-14
whitney houston,1008627.0,2,109,159.08510638297872,165.0,0,0,2021-03-15/2021-03-21
whitney houston,987088.0,2,93,166.11363636363637,177.5,0,0,2021-03-22/2021-03-28
whitney houston,1076500.0,2,76,150.8653846153846,158.5,0,0,2021-03-29/2021-04-04
whitney houston,962235.0,2,101,163.66666666666666,167.0,0,0,2021-04-05/2021-04-11
whitney houston,1166471.0,2,87,159.21428571428572,160.5,0,0,2021-04-12/2021-04-18
whitney houston,1145611.0,2,76,158.3,167.5,0,0,2021-04-19/2021-04-25
whitney houston,1055421.0,2,80,157.78846153846155,170.0,0,0,2021-04-26/2021-05-02
whitney houston,951512.0,2,96,160.70212765957447,171.0,0,0,2021-05-03/2021-05-09
whitney houston,1039034.0,2,100,167.79245283018867,175.0,0,0,2021-05-10/2021-05-16
whitney houston,1012995.0,2,95,170.95238095238096,181.5,0,0,2021-05-17/2021-05-23
whitney houston,863132.0,2,76,161.82926829268294,171.0,0,0,2021-05-24/2021-05-30
whitney houston,1059055.0,2,70,156.87234042553192,161.0,0,0,2021-05-31/2021-06-06
whitney houston,891732.0,2,77,159.6153846153846,167.0,0,0,2021-06-07/2021-06-13
whitney houston,865185.0,2,86,164.025,173.0,0,0,2021-06-14/2021-06-20
whitney houston,778251.0,2,87,163.1290322580645,164.0,0,0,2021-06-21/2021-06-27
whitney houston,683193.0,2,94,158.86206896551724,168.0,0,0,2021-06-28/2021-07-04
whitney houston,710972.0,2,92,154.58620689655172,160.0,0,0,2021-07-05/2021-07-11
whitney houston,710676.0,2,81,156.0,159.0,0,0,2021-07-12/2021-07-18
whitney houston,691673.0,2,99,162.03125,167.5,0,0,2021-07-19/2021-07-25
whitney houston,517260.0,2,115,168.04,179.0,0,0,2021-07-26/2021-08-01
whitney houston,467919.0,2,85,157.94117647058823,169.0,0,0,2021-08-02/2021-08-08
whitney houston,668177.0,2,82,155.0,163.0,0,0,2021-08-09/2021-08-15
whitney houston,600705.0,2,81,158.52380952380952,174.0,0,0,2021-08-16/2021-08-22
whitney houston,549054.0,2,77,141.5,150.5,0,0,2021-08-23/2021-08-29
whitney houston,355402.0,1,123,165.45454545454547,172.0,0,0,2021-08-30/2021-09-05
whitney houston,352513.0,1,110,160.30769230769232,168.0,0,0,2021-09-06/2021-09-12
whitney houston,295724.0,1,114,160.72727272727272,170.0,0,0,2021-09-13/2021-09-19
whitney houston,432325.0,2,63,146.0,146.0,0,0,2021-09-20/2021-09-26
whitney houston,397780.0,2,111,162.9375,175.0,0,0,2021-09-27/2021-10-03
whitney houston,383902.0,1,123,159.64285714285714,157.5,0,0,2021-10-04/2021-10-10
whitney houston,306115.0,1,140,171.8,172.0,0,0,2021-10-11/2021-10-17
whitney houston,223494.0,1,134,151.125,147.0,0,0,2021-10-18/2021-10-24
whitney houston,282717.0,1,116,162.44444444444446,164.0,0,0,2021-10-25/2021-10-31
whitney houston,210677.0,1,146,171.0,169.0,0,0,2021-11-01/2021-11-07
whitney houston,237616.0,1,160,178.14285714285714,180.0,0,0,2021-11-08/2021-11-14
whitney houston,80104.0,1,166,181.66666666666666,186.0,0,0,2021-11-15/2021-11-21
whitney houston,81468.0,1,142,167.66666666666666,169.0,0,0,2021-11-22/2021-11-28
whitney houston,78095.0,1,150,163.5,163.5,0,0,2021-11-29/2021-12-05
whitney houston,75073.0,1,150,162.5,162.5,0,0,2021-12-06/2021-12-12
whitney houston,114127.0,1,144,157.0,150.0,0,0,2021-12-13/2021-12-19
whitney houston,690923.0,4,84,146.33333333333334,157.5,0,0,2021-12-20/2021-12-26
whitney houston,5161234.0,2,19,115.49333333333334,112.0,0,2,2021-12-27/2022-01-02
whitney houston,388722.0,1,151,171.93333333333334,172.0,0,0,2022-01-03/2022-01-09
whitney houston,306537.0,1,141,171.54545454545453,175.0,0,0,2022-01-10/2022-01-16
whitney houston,258853.0,1,129,163.6,168.0,0,0,2022-01-17/2022-01-23
whitney houston,220388.0,1,125,161.5,164.0,0,0,2022-01-24/2022-01-30
whitney houston,209818.0,1,146,163.42857142857142,161.0,0,0,2022-01-31/2022-02-06
whitney houston,215561.0,1,134,164.85714285714286,176.0,0,0,2022-02-07/2022-02-13
whitney houston,151407.0,1,142,168.33333333333334,168.5,0,0,2022-02-14/2022-02-20
whitney houston,207858.0,1,131,162.42857142857142,169.0,0,0,2022-02-21/2022-02-27
whitney houston,246634.0,1,104,161.125,162.5,0,0,2022-02-28/2022-03-06
whitney houston,210551.0,1,120,163.85714285714286,170.0,0,0,2022-03-07/2022-03-13
whitney houston,202198.0,1,155,169.33333333333334,168.0,0,0,2022-03-14/2022-03-20
whitney houston,118537.0,1,150,170.4,170.0,0,0,2022-03-21/2022-03-27
whitney houston,149763.0,1,156,177.42857142857142,179.0,0,0,2022-03-28/2022-04-03
whitney houston,199886.0,1,137,166.0,166.0,0,0,2022-04-04/2022-04-10
whitney houston,370190.0,1,112,145.27272727272728,143.0,0,0,2022-04-11/2022-04-17
whitney houston,257778.0,1,125,159.625,162.0,0,0,2022-04-18/2022-04-24
whitney houston,285617.0,1,121,155.33333333333334,154.0,0,0,2022-04-25/2022-05-01
whitney houston,278545.0,1,120,163.77777777777777,174.0,0,0,2022-05-02/2022-05-08
whitney houston,192303.0,1,125,163.0,172.5,0,0,2022-05-09/2022-05-15
whitney houston,238125.0,1,127,169.0,172.0,0,0,2022-05-16/2022-05-22
whitney houston,285677.0,1,104,159.4,169.5,0,0,2022-05-23/2022-05-29
whitney houston,400163.0,1,110,164.16666666666666,176.0,0,0,2022-05-30/2022-06-05
whitney houston,281088.0,1,125,171.0,174.0,0,0,2022-06-06/2022-06-12
whitney houston,189960.0,1,144,171.33333333333334,177.5,0,0,2022-06-13/2022-06-19
whitney houston,183174.0,1,111,167.33333333333334,184.5,0,0,2022-06-20/2022-06-26
whitney houston,306059.0,2,91,167.23076923076923,178.0,0,0,2022-06-27/2022-07-03
whitney houston,282584.0,1,114,157.125,168.0,0,0,2022-07-04/2022-07-10
whitney houston,254871.0,1,122,166.0,177.0,0,0,2022-07-11/2022-07-17
whitney houston,200394.0,1,132,169.16666666666666,174.0,0,0,2022-07-18/2022-07-24
whitney houston,140845.0,1,149,173.4,170.0,0,0,2022-07-25/2022-07-31
whitney houston,231308.0,1,121,168.42857142857142,174.0,0,0,2022-08-01/2022-08-07
whitney houston,166716.0,1,125,164.14285714285714,166.0,0,0,2022-08-08/2022-08-14
whitney houston,74224.0,1,138,167.66666666666666,165.0,0,0,2022-08-15/2022-08-21
whitney houston,228293.0,1,125,161.66666666666666,169.5,0,0,2022-08-22/2022-08-28
whitney houston,129863.0,1,147,177.25,181.0,0,0,2022-08-29/2022-09-04
whitney houston,97856.0,1,148,169.0,169.0,0,0,2022-09-05/2022-09-11
whitney houston,161702.0,1,147,181.75,191.5,0,0,2022-09-12/2022-09-18
whitney houston,114545.0,1,171,178.8,177.0,0,0,2022-09-19/2022-09-25
whitney houston,189694.0,1,155,175.42857142857142,181.0,0,0,2022-09-26/2022-10-02
whitney houston,106512.0,1,168,182.25,181.5,0,0,2022-10-03/2022-10-09
whitney houston,65552.0,1,198,198.5,198.5,0,0,2022-10-10/2022-10-16
whitney houston,64491.0,1,185,185.0,185.0,0,0,2022-10-24/2022-10-30
whitney houston,62952.0,1,175,175.0,175.0,0,0,2022-10-31/2022-11-06
whitney houston,62042.0,1,192,192.0,192.0,0,0,2022-11-07/2022-11-13
whitney houston,60987.0,1,195,195.0,195.0,0,0,2022-11-14/2022-11-20
whitney houston,460585.0,2,104,150.875,152.0,0,0,2022-12-19/2022-12-25
whitney houston,7067145.0,3,9,92.79069767441861,82.0,1,2,2022-12-26/2023-01-01
whitney houston,794272.0,1,100,155.0,164.0,0,0,2023-01-02/2023-01-08
whitney houston,354242.0,2,101,158.5,164.0,0,0,2023-01-09/2023-01-15
whitney houston,295478.0,1,110,159.0,167.5,0,0,2023-01-16/2023-01-22
whitney houston,216108.0,1,133,165.2,165.0,0,0,2023-01-23/2023-01-29
whitney houston,226358.0,1,132,166.33333333333334,161.5,0,0,2023-01-30/2023-02-05
whitney houston,155742.0,1,142,173.25,177.0,0,0,2023-02-06/2023-02-12
whitney houston,157440.0,2,141,169.0,175.5,0,0,2023-02-13/2023-02-19
whitney houston,157774.0,1,127,162.25,165.0,0,0,2023-02-20/2023-02-26
whitney houston,148253.0,1,129,167.33333333333334,186.0,0,0,2023-02-27/2023-03-05
whitney houston,145314.0,1,141,178.0,195.0,0,0,2023-03-06/2023-03-12
whitney houston,209841.0,1,133,161.0,171.0,0,0,2023-03-13/2023-03-19
whitney houston,155390.0,1,137,172.0,189.0,0,0,2023-03-20/2023-03-26
whitney houston,209703.0,1,129,164.25,171.0,0,0,2023-03-27/2023-04-02
whitney houston,309461.0,1,119,152.85714285714286,163.0,0,0,2023-04-03/2023-04-09
whitney houston,292387.0,1,122,168.33333333333334,178.5,0,0,2023-04-10/2023-04-16
whitney houston,168965.0,1,130,163.75,163.5,0,0,2023-04-17/2023-04-23
whitney houston,255730.0,1,133,156.0,156.0,0,0,2023-04-24/2023-04-30
whitney houston,240693.0,1,113,149.0,147.5,0,0,2023-05-01/2023-05-07
whitney houston,176157.0,1,137,157.75,161.0,0,0,2023-05-08/2023-05-14
whitney houston,248838.0,1,128,170.2,169.0,0,0,2023-05-15/2023-05-21
whitney houston,378468.0,1,99,147.75,143.5,0,0,2023-05-22/2023-05-28
whitney houston,342371.0,1,114,150.14285714285714,159.0,0,0,2023-05-29/2023-06-04
whitney houston,253843.0,1,129,176.2,186.0,0,0,2023-06-05/2023-06-11
whitney houston,158115.0,1,154,173.5,173.5,0,0,2023-06-12/2023-06-18
whitney houston,93159.0,1,144,155.0,155.0,0,0,2023-06-19/2023-06-25
whitney houston,163401.0,1,131,174.33333333333334,192.0,0,0,2023-06-26/2023-07-02
whitney houston,156533.0,1,154,173.0,173.0,0,0,2023-07-03/2023-07-09
whitney houston,78522.0,1,156,156.0,156.0,0,0,2023-07-10/2023-07-16
whitney houston,149094.0,1,141,160.0,160.0,0,0,2023-07-17/2023-07-23
whitney houston,163385.0,1,122,149.5,149.5,0,0,2023-07-24/2023-07-30
whitney houston,215301.0,1,113,150.0,155.0,0,0,2023-07-31/2023-08-06
whitney houston,210455.0,1,115,151.33333333333334,153.0,0,0,2023-08-07/2023-08-13
whitney houston,213320.0,1,113,144.0,149.0,0,0,2023-08-14/2023-08-20
whitney houston,217971.0,1,120,137.33333333333334,138.0,0,0,2023-08-21/2023-08-27
whitney houston,225380.0,1,111,163.75,175.5,0,0,2023-08-28/2023-09-03
whitney houston,171433.0,1,116,159.0,161.0,0,0,2023-09-04/2023-09-10
whitney houston,73178.0,1,167,167.0,167.0,0,0,2023-09-11/2023-09-17
whitney houston,155216.0,1,141,160.0,160.0,0,0,2023-09-18/2023-09-24
whitney houston,148858.0,1,151,175.5,175.5,0,0,2023-09-25/2023-10-01
whitney houston,74388.0,1,173,173.0,173.0,0,0,2023-10-02/2023-10-08
whitney houston,71510.0,1,163,163.0,163.0,0,0,2023-10-09/2023-10-15
whitney houston,143452.0,1,137,165.0,165.0,0,0,2023-10-16/2023-10-22
whitney houston,148311.0,1,167,183.5,183.5,0,0,2023-10-23/2023-10-29
whitney houston,73981.0,1,147,147.0,147.0,0,0,2023-10-30/2023-11-05
whitney houston,146928.0,1,146,170.0,170.0,0,0,2023-11-06/2023-11-12
whitney houston,146956.0,1,175,182.0,182.0,0,0,2023-11-13/2023-11-19
whitney houston,74143.0,2,145,170.5,170.5,0,0,2023-12-18/2023-12-24
whitney houston,4355908.0,3,8,92.70175438596492,94.0,1,2,2023-12-25/2023-12-31
whitney houston,1967622.0,2,34,114.1,130.0,0,1,2024-01-01/2024-01-07
whitney houston,76982.0,1,199,199.0,199.0,0,0,2024-01-22/2024-01-28
whitney houston,391132.0,1,108,161.6,166.0,0,0,2024-02-26/2024-03-03
whitney houston,472954.0,1,106,157.53846153846155,152.0,0,0,2024-03-04/2024-03-10
whitney houston,491406.0,1,109,168.84615384615384,184.0,0,0,2024-03-11/2024-03-17
whitney houston,669425.0,1,113,170.4375,176.0,0,0,2024-03-18/2024-03-24
whitney houston,708925.0,1,108,155.2,163.0,0,0,2024-03-25/2024-03-31
whitney houston,584889.0,1,130,177.3,185.5,0,0,2024-04-01/2024-04-07
whitney houston,359383.0,1,120,162.33333333333334,160.0,0,0,2024-04-08/2024-04-14
whitney houston,284055.0,1,151,175.6,179.0,0,0,2024-04-15/2024-04-21
whitney houston,327319.0,1,157,183.25,190.0,0,0,2024-04-22/2024-04-28
whitney houston,631151.0,1,102,154.07692307692307,151.0,0,0,2024-04-29/2024-05-05
whitney houston,427805.0,1,107,153.0,157.0,0,0,2024-05-06/2024-05-12
whitney houston,337566.0,1,110,149.6,161.0,0,0,2024-05-13/2024-05-19
whitney houston,541470.0,1,94,153.4,162.5,0,0,2024-05-20/2024-05-26
whitney houston,725811.0,1,91,151.91666666666666,146.0,0,0,2024-05-27/2024-06-02
whitney houston,647601.0,1,117,175.3,186.5,0,0,2024-06-03/2024-06-09
whitney houston,307016.0,1,116,154.66666666666666,157.5,0,0,2024-06-10/2024-06-16
whitney houston,545403.0,1,93,155.0,150.0,0,0,2024-06-17/2024-06-23
whitney houston,672689.0,1,94,160.3,169.5,0,0,2024-06-24/2024-06-30
whitney houston,244849.0,1,149,173.33333333333334,176.0,0,0,2024-07-01/2024-07-07
whitney houston,402373.0,1,109,150.16666666666666,156.0,0,0,2024-07-08/2024-07-14
whitney houston,678279.0,1,83,158.0,170.0,0,0,2024-07-15/2024-07-21
whitney houston,390320.0,1,106,158.16666666666666,166.5,0,0,2024-07-22/2024-07-28
whitney houston,82077.0,1,188,188.0,188.0,0,0,2024-07-29/2024-08-04
whitney houston,79449.0,1,189,189.0,189.0,0,0,2024-08-05/2024-08-11
whitney houston,83028.0,1,192,192.0,192.0,0,0,2024-08-12/2024-08-18
whitney houston,81831.0,1,199,199.0,199.0,0,0,2024-09-30/2024-10-06
whitney houston,80865.0,1,188,188.0,188.0,0,0,2024-10-07/2024-10-13
whitney houston,85133.0,1,168,168.0,168.0,0,0,2024-10-21/2024-10-27
whitney houston,77469.0,1,187,187.0,187.0,0,0,2024-10-28/2024-11-03
whitney houston,406836.0,1,140,160.0,154.0,0,0,2024-12-16/2024-12-22
whitney houston,5418582.0,3,79,132.78787878787878,126.0,0,0,2024-12-23/2024-12-29
whitney houston,3595270.0,2,13,92.41666666666667,82.5,0,1,2024-12-30/2025-01-05
whitney houston,103435.0,1,137,137.0,137.0,0,0,2025-03-10/2025-03-16
whitney houston,82396.0,1,162,162.0,162.0,0,0,2025-03-17/2025-03-23
whitney houston,165776.0,1,178,190.33333333333334,196.0,0,0,2025-03-24/2025-03-30
whitney houston,83401.0,1,187,187.0,187.0,0,0,2025-03-31/2025-04-06
whitney houston,168464.0,1,174,181.0,181.0,0,0,2025-04-07/2025-04-13
whitney houston,161276.0,1,171,185.75,186.5,0,0,2025-04-14/2025-04-20
whitney houston,76431.0,1,179,179.0,179.0,0,0,2025-04-21/2025-04-27
whitney houston,184372.0,1,165,184.25,187.0,0,0,2025-04-28/2025-05-04
whitney houston,92134.0,1,164,164.0,164.0,0,0,2025-05-05/2025-05-11
whitney houston,94840.0,1,158,174.5,174.5,0,0,2025-05-12/2025-05-18
whitney houston,74521.0,1,196,196.0,196.0,0,0,2025-05-19/2025-05-25
whitney houston,113058.0,1,157,173.6,175.0,0,0,2025-05-26/2025-06-01
whitney houston,76018.0,1,185,185.0,185.0,0,0,2025-06-02/2025-06-08
whitney houston,96783.0,1,169,181.66666666666666,185.0,0,0,2025-06-09/2025-06-15
whitney houston,105769.0,1,146,158.33333333333334,151.0,0,0,2025-06-16/2025-06-22
whitney houston,78540.0,1,198,198.0,198.0,0,0,2025-06-30/2025-07-06
whitney houston,147779.0,2,162,163.5,163.5,0,0,2025-07-07/2025-07-13
whitney houston,76417.0,1,193,193.0,193.0,0,0,2025-07-21/2025-07-27
whitney houston,77529.0,1,162,162.0,162.0,0,0,2025-08-04/2025-08-10
whitney houston,76446.0,1,156,156.0,156.0,0,0,2025-08-11/2025-08-17
whitney houston,70079.0,1,199,199.0,199.0,0,0,2025-08-25/2025-08-31
whitney houston,410119.0,3,124,159.83333333333334,159.5,0,0,2025-12-22/2025-12-28
whitney houston,7539497.0,1,9,89.51666666666667,74.0,1,1,2025-12-29/2026-01-04
whitney houston,9079.0,1,173,173.0,173.0,0,0,2026-01-05/2026-01-11
whitney houston,180661.0,1,189,194.5,194.5,0,0,2026-05-18/2026-05-24
