artist,week,weekly_best_rank,weekly_number_1_appearances,weekly_top_10_appearances,reached_number_1
adele,2016-12-26/2017-01-01,29,0,0,False
beyonce,2016-12-26/2017-01-01,176,0,0,False
bruno mars,2016-12-26/2017-01-01,1,1,12,True
eminem,2016-12-26/2017-01-01,87,0,0,False
lady gaga,2016-12-26/2017-01-01,51,0,0,False
michael jackson,2016-12-26/2017-01-01,43,0,0,False
rihanna,2016-12-26/2017-01-01,25,0,0,False
taylor swift,2016-12-26/2017-01-01,3,0,19,False
the beatles,2016-12-26/2017-01-01,110,0,0,False
the rolling stones,2016-12-26/2017-01-01,169,0,0,False
the weeknd,2016-12-26/2017-01-01,1,12,56,True
whitney houston,2016-12-26/2017-01-01,95,0,0,False
adele,2017-01-02/2017-01-08,21,0,0,False
beyonce,2017-01-02/2017-01-08,143,0,0,False
bruno mars,2017-01-02/2017-01-08,1,6,58,True
eminem,2017-01-02/2017-01-08,72,0,0,False
lady gaga,2017-01-02/2017-01-08,32,0,0,False
michael jackson,2017-01-02/2017-01-08,67,0,0,False
rihanna,2017-01-02/2017-01-08,23,0,0,False
taylor swift,2017-01-02/2017-01-08,1,6,219,True
the beatles,2017-01-02/2017-01-08,87,0,0,False
the rolling stones,2017-01-02/2017-01-08,185,0,0,False
the weeknd,2017-01-02/2017-01-08,1,54,413,True
whitney houston,2017-01-02/2017-01-08,184,0,0,False
adele,2017-01-09/2017-01-15,21,0,0,False
beyonce,2017-01-09/2017-01-15,146,0,0,False
bruno mars,2017-01-09/2017-01-15,1,7,29,True
eminem,2017-01-09/2017-01-15,77,0,0,False
lady gaga,2017-01-09/2017-01-15,29,0,0,False
michael jackson,2017-01-09/2017-01-15,182,0,0,False
rihanna,2017-01-09/2017-01-15,22,0,0,False
taylor swift,2017-01-09/2017-01-15,2,0,244,False
the beatles,2017-01-09/2017-01-15,162,0,0,False
the weeknd,2017-01-09/2017-01-15,2,0,391,False
whitney houston,2017-01-09/2017-01-15,178,0,0,False
adele,2017-01-16/2017-01-22,23,0,0,False
beyonce,2017-01-16/2017-01-22,114,0,0,False
bruno mars,2017-01-16/2017-01-22,1,9,23,True
eminem,2017-01-16/2017-01-22,82,0,0,False
lady gaga,2017-01-16/2017-01-22,28,0,0,False
michael jackson,2017-01-16/2017-01-22,199,0,0,False
rihanna,2017-01-16/2017-01-22,18,0,0,False
taylor swift,2017-01-16/2017-01-22,2,0,236,False
the beatles,2017-01-16/2017-01-22,151,0,0,False
the weeknd,2017-01-16/2017-01-22,2,0,347,False
whitney houston,2017-01-16/2017-01-22,143,0,0,False
adele,2017-01-23/2017-01-29,25,0,0,False
beyonce,2017-01-23/2017-01-29,84,0,0,False
bruno mars,2017-01-23/2017-01-29,1,8,26,True
eminem,2017-01-23/2017-01-29,86,0,0,False
lady gaga,2017-01-23/2017-01-29,22,0,0,False
michael jackson,2017-01-23/2017-01-29,180,0,0,False
rihanna,2017-01-23/2017-01-29,14,0,0,False
taylor swift,2017-01-23/2017-01-29,2,0,250,False
the beatles,2017-01-23/2017-01-29,166,0,0,False
the weeknd,2017-01-23/2017-01-29,2,0,280,False
whitney houston,2017-01-23/2017-01-29,147,0,0,False
adele,2017-01-30/2017-02-05,26,0,0,False
beyonce,2017-01-30/2017-02-05,72,0,0,False
bruno mars,2017-01-30/2017-02-05,1,7,28,True
eminem,2017-01-30/2017-02-05,6,0,3,False
lady gaga,2017-01-30/2017-02-05,19,0,0,False
rihanna,2017-01-30/2017-02-05,14,0,0,False
taylor swift,2017-01-30/2017-02-05,2,0,253,False
the beatles,2017-01-30/2017-02-05,178,0,0,False
the weeknd,2017-01-30/2017-02-05,2,0,199,False
whitney houston,2017-01-30/2017-02-05,172,0,0,False
adele,2017-02-06/2017-02-12,28,0,0,False
beyonce,2017-02-06/2017-02-12,74,0,0,False
bruno mars,2017-02-06/2017-02-12,1,7,29,True
elvis presley,2017-02-06/2017-02-12,168,0,0,False
eminem,2017-02-06/2017-02-12,8,0,4,False
lady gaga,2017-02-06/2017-02-12,19,0,0,False
michael jackson,2017-02-06/2017-02-12,159,0,0,False
rihanna,2017-02-06/2017-02-12,8,0,3,False
taylor swift,2017-02-06/2017-02-12,2,0,270,False
the beatles,2017-02-06/2017-02-12,191,0,0,False
the weeknd,2017-02-06/2017-02-12,2,0,149,False
whitney houston,2017-02-06/2017-02-12,109,0,0,False
adele,2017-02-13/2017-02-19,18,0,0,False
beyonce,2017-02-13/2017-02-19,49,0,0,False
bruno mars,2017-02-13/2017-02-19,1,1,44,True
eminem,2017-02-13/2017-02-19,21,0,0,False
lady gaga,2017-02-13/2017-02-19,28,0,0,False
michael jackson,2017-02-13/2017-02-19,176,0,0,False
rihanna,2017-02-13/2017-02-19,6,0,7,False
taylor swift,2017-02-13/2017-02-19,2,0,309,False
the beatles,2017-02-13/2017-02-19,193,0,0,False
the weeknd,2017-02-13/2017-02-19,3,0,105,False
whitney houston,2017-02-13/2017-02-19,60,0,0,False
adele,2017-02-20/2017-02-26,28,0,0,False
beyonce,2017-02-20/2017-02-26,80,0,0,False
bruno mars,2017-02-20/2017-02-26,2,0,51,False
eminem,2017-02-20/2017-02-26,40,0,0,False
lady gaga,2017-02-20/2017-02-26,28,0,0,False
michael jackson,2017-02-20/2017-02-26,181,0,0,False
rihanna,2017-02-20/2017-02-26,6,0,7,False
taylor swift,2017-02-20/2017-02-26,2,0,311,False
the weeknd,2017-02-20/2017-02-26,3,0,57,False
adele,2017-02-27/2017-03-05,27,0,0,False
beyonce,2017-02-27/2017-03-05,79,0,0,False
bruno mars,2017-02-27/2017-03-05,2,0,60,False
eminem,2017-02-27/2017-03-05,52,0,0,False
lady gaga,2017-02-27/2017-03-05,32,0,0,False
michael jackson,2017-02-27/2017-03-05,189,0,0,False
rihanna,2017-02-27/2017-03-05,9,0,7,False
taylor swift,2017-02-27/2017-03-05,2,0,261,False
the beatles,2017-02-27/2017-03-05,173,0,0,False
the weeknd,2017-02-27/2017-03-05,5,0,23,False
adele,2017-03-06/2017-03-12,22,0,0,False
beyonce,2017-03-06/2017-03-12,79,0,0,False
bruno mars,2017-03-06/2017-03-12,2,0,80,False
eminem,2017-03-06/2017-03-12,76,0,0,False
lady gaga,2017-03-06/2017-03-12,52,0,0,False
michael jackson,2017-03-06/2017-03-12,191,0,0,False
rihanna,2017-03-06/2017-03-12,9,0,2,False
taylor swift,2017-03-06/2017-03-12,3,0,206,False
the beatles,2017-03-06/2017-03-12,200,0,0,False
the weeknd,2017-03-06/2017-03-12,5,0,8,False
adele,2017-03-13/2017-03-19,26,0,0,False
beyonce,2017-03-13/2017-03-19,81,0,0,False
bruno mars,2017-03-13/2017-03-19,2,0,100,False
eminem,2017-03-13/2017-03-19,90,0,0,False
lady gaga,2017-03-13/2017-03-19,52,0,0,False
michael jackson,2017-03-13/2017-03-19,196,0,0,False
rihanna,2017-03-13/2017-03-19,11,0,0,False
taylor swift,2017-03-13/2017-03-19,2,0,198,False
the beatles,2017-03-13/2017-03-19,200,0,0,False
the weeknd,2017-03-13/2017-03-19,6,0,16,False
adele,2017-03-20/2017-03-26,15,0,0,False
beyonce,2017-03-20/2017-03-26,102,0,0,False
bruno mars,2017-03-20/2017-03-26,2,0,93,False
eminem,2017-03-20/2017-03-26,115,0,0,False
lady gaga,2017-03-20/2017-03-26,51,0,0,False
rihanna,2017-03-20/2017-03-26,12,0,0,False
taylor swift,2017-03-20/2017-03-26,4,0,142,False
the beatles,2017-03-20/2017-03-26,168,0,0,False
the weeknd,2017-03-20/2017-03-26,7,0,11,False
adele,2017-03-27/2017-04-02,18,0,0,False
beyonce,2017-03-27/2017-04-02,106,0,0,False
bruno mars,2017-03-27/2017-04-02,2,0,118,False
eminem,2017-03-27/2017-04-02,105,0,0,False
lady gaga,2017-03-27/2017-04-02,53,0,0,False
michael jackson,2017-03-27/2017-04-02,113,0,0,False
rihanna,2017-03-27/2017-04-02,11,0,0,False
taylor swift,2017-03-27/2017-04-02,4,0,103,False
the beatles,2017-03-27/2017-04-02,185,0,0,False
the weeknd,2017-03-27/2017-04-02,9,0,2,False
adele,2017-04-03/2017-04-09,33,0,0,False
beyonce,2017-04-03/2017-04-09,152,0,0,False
bruno mars,2017-04-03/2017-04-09,2,0,113,False
eminem,2017-04-03/2017-04-09,113,0,0,False
lady gaga,2017-04-03/2017-04-09,51,0,0,False
rihanna,2017-04-03/2017-04-09,14,0,0,False
taylor swift,2017-04-03/2017-04-09,5,0,32,False
the beatles,2017-04-03/2017-04-09,153,0,0,False
the weeknd,2017-04-03/2017-04-09,11,0,0,False
adele,2017-04-10/2017-04-16,41,0,0,False
bruno mars,2017-04-10/2017-04-16,3,0,95,False
eminem,2017-04-10/2017-04-16,123,0,0,False
lady gaga,2017-04-10/2017-04-16,5,0,3,False
michael jackson,2017-04-10/2017-04-16,168,0,0,False
rihanna,2017-04-10/2017-04-16,3,0,30,False
taylor swift,2017-04-10/2017-04-16,9,0,5,False
the beatles,2017-04-10/2017-04-16,138,0,0,False
the weeknd,2017-04-10/2017-04-16,10,0,1,False
whitney houston,2017-04-10/2017-04-16,196,0,0,False
adele,2017-04-17/2017-04-23,57,0,0,False
beyonce,2017-04-17/2017-04-23,117,0,0,False
bruno mars,2017-04-17/2017-04-23,2,0,78,False
eminem,2017-04-17/2017-04-23,104,0,0,False
lady gaga,2017-04-17/2017-04-23,4,0,2,False
michael jackson,2017-04-17/2017-04-23,173,0,0,False
rihanna,2017-04-17/2017-04-23,3,0,27,False
taylor swift,2017-04-17/2017-04-23,11,0,0,False
the beatles,2017-04-17/2017-04-23,114,0,0,False
the weeknd,2017-04-17/2017-04-23,6,0,8,False
adele,2017-04-24/2017-04-30,62,0,0,False
beyonce,2017-04-24/2017-04-30,165,0,0,False
bruno mars,2017-04-24/2017-04-30,3,0,66,False
eminem,2017-04-24/2017-04-30,121,0,0,False
lady gaga,2017-04-24/2017-04-30,6,0,5,False
rihanna,2017-04-24/2017-04-30,8,0,5,False
taylor swift,2017-04-24/2017-04-30,11,0,0,False
the beatles,2017-04-24/2017-04-30,105,0,0,False
the weeknd,2017-04-24/2017-04-30,11,0,0,False
adele,2017-05-01/2017-05-07,65,0,0,False
beyonce,2017-05-01/2017-05-07,86,0,0,False
bruno mars,2017-05-01/2017-05-07,2,0,67,False
eminem,2017-05-01/2017-05-07,115,0,0,False
lady gaga,2017-05-01/2017-05-07,4,0,7,False
rihanna,2017-05-01/2017-05-07,13,0,0,False
taylor swift,2017-05-01/2017-05-07,13,0,0,False
the beatles,2017-05-01/2017-05-07,113,0,0,False
the weeknd,2017-05-01/2017-05-07,20,0,0,False
whitney houston,2017-05-01/2017-05-07,200,0,0,False
adele,2017-05-08/2017-05-14,69,0,0,False
beyonce,2017-05-08/2017-05-14,109,0,0,False
bruno mars,2017-05-08/2017-05-14,3,0,63,False
eminem,2017-05-08/2017-05-14,121,0,0,False
lady gaga,2017-05-08/2017-05-14,8,0,1,False
rihanna,2017-05-08/2017-05-14,18,0,0,False
taylor swift,2017-05-08/2017-05-14,14,0,0,False
the beatles,2017-05-08/2017-05-14,118,0,0,False
the weeknd,2017-05-08/2017-05-14,22,0,0,False
adele,2017-05-15/2017-05-21,83,0,0,False
bruno mars,2017-05-15/2017-05-21,3,0,39,False
eminem,2017-05-15/2017-05-21,128,0,0,False
lady gaga,2017-05-15/2017-05-21,11,0,0,False
rihanna,2017-05-15/2017-05-21,22,0,0,False
taylor swift,2017-05-15/2017-05-21,15,0,0,False
the beatles,2017-05-15/2017-05-21,138,0,0,False
the weeknd,2017-05-15/2017-05-21,26,0,0,False
whitney houston,2017-05-15/2017-05-21,117,0,0,False
adele,2017-05-22/2017-05-28,87,0,0,False
beyonce,2017-05-22/2017-05-28,183,0,0,False
bruno mars,2017-05-22/2017-05-28,3,0,46,False
eminem,2017-05-22/2017-05-28,128,0,0,False
lady gaga,2017-05-22/2017-05-28,11,0,0,False
rihanna,2017-05-22/2017-05-28,33,0,0,False
taylor swift,2017-05-22/2017-05-28,17,0,0,False
the beatles,2017-05-22/2017-05-28,117,0,0,False
the weeknd,2017-05-22/2017-05-28,18,0,0,False
adele,2017-05-29/2017-06-04,91,0,0,False
beyonce,2017-05-29/2017-06-04,199,0,0,False
bruno mars,2017-05-29/2017-06-04,3,0,33,False
eminem,2017-05-29/2017-06-04,119,0,0,False
lady gaga,2017-05-29/2017-06-04,14,0,0,False
rihanna,2017-05-29/2017-06-04,33,0,0,False
taylor swift,2017-05-29/2017-06-04,28,0,0,False
the beatles,2017-05-29/2017-06-04,104,0,0,False
the weeknd,2017-05-29/2017-06-04,23,0,0,False
adele,2017-06-05/2017-06-11,110,0,0,False
beyonce,2017-06-05/2017-06-11,108,0,0,False
bruno mars,2017-06-05/2017-06-11,5,0,12,False
eminem,2017-06-05/2017-06-11,119,0,0,False
lady gaga,2017-06-05/2017-06-11,17,0,0,False
rihanna,2017-06-05/2017-06-11,36,0,0,False
taylor swift,2017-06-05/2017-06-11,29,0,0,False
the beatles,2017-06-05/2017-06-11,138,0,0,False
the weeknd,2017-06-05/2017-06-11,30,0,0,False
whitney houston,2017-06-05/2017-06-11,129,0,0,False
adele,2017-06-12/2017-06-18,122,0,0,False
bruno mars,2017-06-12/2017-06-18,4,0,7,False
eminem,2017-06-12/2017-06-18,118,0,0,False
lady gaga,2017-06-12/2017-06-18,22,0,0,False
rihanna,2017-06-12/2017-06-18,1,1,21,True
taylor swift,2017-06-12/2017-06-18,31,0,0,False
the beatles,2017-06-12/2017-06-18,122,0,0,False
the weeknd,2017-06-12/2017-06-18,30,0,0,False
adele,2017-06-19/2017-06-25,129,0,0,False
beyonce,2017-06-19/2017-06-25,61,0,0,False
bruno mars,2017-06-19/2017-06-25,7,0,7,False
eminem,2017-06-19/2017-06-25,85,0,0,False
lady gaga,2017-06-19/2017-06-25,24,0,0,False
rihanna,2017-06-19/2017-06-25,1,17,189,True
taylor swift,2017-06-19/2017-06-25,39,0,0,False
the beatles,2017-06-19/2017-06-25,179,0,0,False
the rolling stones,2017-06-19/2017-06-25,178,0,0,False
the weeknd,2017-06-19/2017-06-25,30,0,0,False
adele,2017-06-26/2017-07-02,119,0,0,False
beyonce,2017-06-26/2017-07-02,118,0,0,False
bruno mars,2017-06-26/2017-07-02,7,0,4,False
eminem,2017-06-26/2017-07-02,121,0,0,False
lady gaga,2017-06-26/2017-07-02,27,0,0,False
rihanna,2017-06-26/2017-07-02,1,27,209,True
taylor swift,2017-06-26/2017-07-02,43,0,0,False
the beatles,2017-06-26/2017-07-02,185,0,0,False
the weeknd,2017-06-26/2017-07-02,29,0,0,False
whitney houston,2017-06-26/2017-07-02,200,0,0,False
adele,2017-07-03/2017-07-09,112,0,0,False
beyonce,2017-07-03/2017-07-09,128,0,0,False
bruno mars,2017-07-03/2017-07-09,10,0,1,False
eminem,2017-07-03/2017-07-09,120,0,0,False
lady gaga,2017-07-03/2017-07-09,30,0,0,False
rihanna,2017-07-03/2017-07-09,1,30,203,True
taylor swift,2017-07-03/2017-07-09,43,0,0,False
the weeknd,2017-07-03/2017-07-09,29,0,0,False
whitney houston,2017-07-03/2017-07-09,178,0,0,False
adele,2017-07-10/2017-07-16,111,0,0,False
bruno mars,2017-07-10/2017-07-16,14,0,0,False
eminem,2017-07-10/2017-07-16,113,0,0,False
lady gaga,2017-07-10/2017-07-16,26,0,0,False
rihanna,2017-07-10/2017-07-16,1,28,197,True
taylor swift,2017-07-10/2017-07-16,47,0,0,False
the beatles,2017-07-10/2017-07-16,131,0,0,False
the weeknd,2017-07-10/2017-07-16,31,0,0,False
whitney houston,2017-07-10/2017-07-16,200,0,0,False
adele,2017-07-17/2017-07-23,121,0,0,False
bruno mars,2017-07-17/2017-07-23,17,0,0,False
eminem,2017-07-17/2017-07-23,118,0,0,False
lady gaga,2017-07-17/2017-07-23,29,0,0,False
michael jackson,2017-07-17/2017-07-23,154,0,0,False
rihanna,2017-07-17/2017-07-23,1,16,193,True
taylor swift,2017-07-17/2017-07-23,51,0,0,False
the beatles,2017-07-17/2017-07-23,175,0,0,False
the weeknd,2017-07-17/2017-07-23,29,0,0,False
adele,2017-07-24/2017-07-30,105,0,0,False
beyonce,2017-07-24/2017-07-30,199,0,0,False
bruno mars,2017-07-24/2017-07-30,18,0,0,False
eminem,2017-07-24/2017-07-30,99,0,0,False
lady gaga,2017-07-24/2017-07-30,30,0,0,False
michael jackson,2017-07-24/2017-07-30,152,0,0,False
rihanna,2017-07-24/2017-07-30,1,20,191,True
taylor swift,2017-07-24/2017-07-30,68,0,0,False
the beatles,2017-07-24/2017-07-30,157,0,0,False
the weeknd,2017-07-24/2017-07-30,41,0,0,False
whitney houston,2017-07-24/2017-07-30,147,0,0,False
adele,2017-07-31/2017-08-06,110,0,0,False
beyonce,2017-07-31/2017-08-06,182,0,0,False
bruno mars,2017-07-31/2017-08-06,19,0,0,False
eminem,2017-07-31/2017-08-06,111,0,0,False
lady gaga,2017-07-31/2017-08-06,31,0,0,False
michael jackson,2017-07-31/2017-08-06,194,0,0,False
rihanna,2017-07-31/2017-08-06,1,28,182,True
taylor swift,2017-07-31/2017-08-06,59,0,0,False
the beatles,2017-07-31/2017-08-06,141,0,0,False
the weeknd,2017-07-31/2017-08-06,42,0,0,False
whitney houston,2017-07-31/2017-08-06,165,0,0,False
adele,2017-08-07/2017-08-13,110,0,0,False
beyonce,2017-08-07/2017-08-13,162,0,0,False
bruno mars,2017-08-07/2017-08-13,19,0,0,False
eminem,2017-08-07/2017-08-13,55,0,0,False
lady gaga,2017-08-07/2017-08-13,31,0,0,False
michael jackson,2017-08-07/2017-08-13,198,0,0,False
rihanna,2017-08-07/2017-08-13,1,11,164,True
taylor swift,2017-08-07/2017-08-13,61,0,0,False
the beatles,2017-08-07/2017-08-13,146,0,0,False
the weeknd,2017-08-07/2017-08-13,41,0,0,False
whitney houston,2017-08-07/2017-08-13,168,0,0,False
adele,2017-08-14/2017-08-20,94,0,0,False
beyonce,2017-08-14/2017-08-20,172,0,0,False
bruno mars,2017-08-14/2017-08-20,21,0,0,False
elvis presley,2017-08-14/2017-08-20,175,0,0,False
eminem,2017-08-14/2017-08-20,81,0,0,False
lady gaga,2017-08-14/2017-08-20,33,0,0,False
michael jackson,2017-08-14/2017-08-20,190,0,0,False
rihanna,2017-08-14/2017-08-20,2,0,140,False
taylor swift,2017-08-14/2017-08-20,57,0,0,False
the beatles,2017-08-14/2017-08-20,136,0,0,False
the weeknd,2017-08-14/2017-08-20,43,0,0,False
whitney houston,2017-08-14/2017-08-20,174,0,0,False
adele,2017-08-21/2017-08-27,102,0,0,False
beyonce,2017-08-21/2017-08-27,165,0,0,False
bruno mars,2017-08-21/2017-08-27,25,0,0,False
eminem,2017-08-21/2017-08-27,105,0,0,False
lady gaga,2017-08-21/2017-08-27,35,0,0,False
michael jackson,2017-08-21/2017-08-27,128,0,0,False
rihanna,2017-08-21/2017-08-27,4,0,112,False
taylor swift,2017-08-21/2017-08-27,1,57,94,True
the beatles,2017-08-21/2017-08-27,128,0,0,False
the weeknd,2017-08-21/2017-08-27,27,0,0,False
whitney houston,2017-08-21/2017-08-27,184,0,0,False
adele,2017-08-28/2017-09-03,95,0,0,False
beyonce,2017-08-28/2017-09-03,160,0,0,False
bruno mars,2017-08-28/2017-09-03,30,0,0,False
eminem,2017-08-28/2017-09-03,102,0,0,False
lady gaga,2017-08-28/2017-09-03,36,0,0,False
michael jackson,2017-08-28/2017-09-03,181,0,0,False
rihanna,2017-08-28/2017-09-03,4,0,71,False
taylor swift,2017-08-28/2017-09-03,1,151,275,True
the beatles,2017-08-28/2017-09-03,105,0,0,False
the weeknd,2017-08-28/2017-09-03,48,0,0,False
whitney houston,2017-08-28/2017-09-03,165,0,0,False
adele,2017-09-04/2017-09-10,78,0,0,False
beyonce,2017-09-04/2017-09-10,156,0,0,False
bruno mars,2017-09-04/2017-09-10,32,0,0,False
eminem,2017-09-04/2017-09-10,110,0,0,False
lady gaga,2017-09-04/2017-09-10,35,0,0,False
michael jackson,2017-09-04/2017-09-10,121,0,0,False
rihanna,2017-09-04/2017-09-10,5,0,26,False
taylor swift,2017-09-04/2017-09-10,1,106,363,True
the beatles,2017-09-04/2017-09-10,89,0,0,False
the weeknd,2017-09-04/2017-09-10,50,0,0,False
whitney houston,2017-09-04/2017-09-10,182,0,0,False
adele,2017-09-11/2017-09-17,96,0,0,False
beyonce,2017-09-11/2017-09-17,162,0,0,False
bruno mars,2017-09-11/2017-09-17,35,0,0,False
eminem,2017-09-11/2017-09-17,109,0,0,False
lady gaga,2017-09-11/2017-09-17,38,0,0,False
michael jackson,2017-09-11/2017-09-17,138,0,0,False
rihanna,2017-09-11/2017-09-17,7,0,5,False
taylor swift,2017-09-11/2017-09-17,1,33,248,True
the beatles,2017-09-11/2017-09-17,141,0,0,False
the rolling stones,2017-09-11/2017-09-17,95,0,0,False
the weeknd,2017-09-11/2017-09-17,36,0,0,False
whitney houston,2017-09-11/2017-09-17,101,0,0,False
adele,2017-09-18/2017-09-24,83,0,0,False
beyonce,2017-09-18/2017-09-24,183,0,0,False
bruno mars,2017-09-18/2017-09-24,39,0,0,False
eminem,2017-09-18/2017-09-24,108,0,0,False
lady gaga,2017-09-18/2017-09-24,43,0,0,False
rihanna,2017-09-18/2017-09-24,16,0,0,False
taylor swift,2017-09-18/2017-09-24,1,12,173,True
the beatles,2017-09-18/2017-09-24,139,0,0,False
the weeknd,2017-09-18/2017-09-24,35,0,0,False
whitney houston,2017-09-18/2017-09-24,178,0,0,False
adele,2017-09-25/2017-10-01,83,0,0,False
beyonce,2017-09-25/2017-10-01,5,0,5,False
bruno mars,2017-09-25/2017-10-01,41,0,0,False
eminem,2017-09-25/2017-10-01,59,0,0,False
lady gaga,2017-09-25/2017-10-01,49,0,0,False
michael jackson,2017-09-25/2017-10-01,135,0,0,False
rihanna,2017-09-25/2017-10-01,17,0,0,False
taylor swift,2017-09-25/2017-10-01,1,11,116,True
the beatles,2017-09-25/2017-10-01,105,0,0,False
the weeknd,2017-09-25/2017-10-01,31,0,0,False
whitney houston,2017-09-25/2017-10-01,179,0,0,False
adele,2017-10-02/2017-10-08,66,0,0,False
beyonce,2017-10-02/2017-10-08,7,0,2,False
bruno mars,2017-10-02/2017-10-08,56,0,0,False
eminem,2017-10-02/2017-10-08,63,0,0,False
lady gaga,2017-10-02/2017-10-08,55,0,0,False
rihanna,2017-10-02/2017-10-08,22,0,0,False
taylor swift,2017-10-02/2017-10-08,1,2,100,True
the beatles,2017-10-02/2017-10-08,124,0,0,False
the weeknd,2017-10-02/2017-10-08,34,0,0,False
whitney houston,2017-10-02/2017-10-08,138,0,0,False
adele,2017-10-09/2017-10-15,73,0,0,False
beyonce,2017-10-09/2017-10-15,12,0,0,False
bruno mars,2017-10-09/2017-10-15,57,0,0,False
eminem,2017-10-09/2017-10-15,19,0,0,False
lady gaga,2017-10-09/2017-10-15,55,0,0,False
michael jackson,2017-10-09/2017-10-15,185,0,0,False
rihanna,2017-10-09/2017-10-15,24,0,0,False
taylor swift,2017-10-09/2017-10-15,2,0,65,False
the beatles,2017-10-09/2017-10-15,115,0,0,False
the weeknd,2017-10-09/2017-10-15,38,0,0,False
whitney houston,2017-10-09/2017-10-15,161,0,0,False
adele,2017-10-16/2017-10-22,82,0,0,False
beyonce,2017-10-16/2017-10-22,15,0,0,False
bruno mars,2017-10-16/2017-10-22,40,0,0,False
eminem,2017-10-16/2017-10-22,18,0,0,False
lady gaga,2017-10-16/2017-10-22,57,0,0,False
michael jackson,2017-10-16/2017-10-22,177,0,0,False
rihanna,2017-10-16/2017-10-22,25,0,0,False
taylor swift,2017-10-16/2017-10-22,1,3,68,True
the beatles,2017-10-16/2017-10-22,84,0,0,False
the weeknd,2017-10-16/2017-10-22,39,0,0,False
whitney houston,2017-10-16/2017-10-22,162,0,0,False
adele,2017-10-23/2017-10-29,88,0,0,False
beyonce,2017-10-23/2017-10-29,19,0,0,False
bruno mars,2017-10-23/2017-10-29,41,0,0,False
eminem,2017-10-23/2017-10-29,28,0,0,False
lady gaga,2017-10-23/2017-10-29,64,0,0,False
michael jackson,2017-10-23/2017-10-29,50,0,0,False
rihanna,2017-10-23/2017-10-29,34,0,0,False
taylor swift,2017-10-23/2017-10-29,1,1,49,True
the beatles,2017-10-23/2017-10-29,108,0,0,False
the weeknd,2017-10-23/2017-10-29,49,0,0,False
whitney houston,2017-10-23/2017-10-29,162,0,0,False
adele,2017-10-30/2017-11-05,63,0,0,False
beyonce,2017-10-30/2017-11-05,20,0,0,False
bruno mars,2017-10-30/2017-11-05,49,0,0,False
eminem,2017-10-30/2017-11-05,52,0,0,False
lady gaga,2017-10-30/2017-11-05,173,0,0,False
michael jackson,2017-10-30/2017-11-05,13,0,0,False
rihanna,2017-10-30/2017-11-05,17,0,0,False
taylor swift,2017-10-30/2017-11-05,7,0,7,False
the beatles,2017-10-30/2017-11-05,135,0,0,False
the rolling stones,2017-10-30/2017-11-05,157,0,0,False
the weeknd,2017-10-30/2017-11-05,60,0,0,False
whitney houston,2017-10-30/2017-11-05,186,0,0,False
adele,2017-11-06/2017-11-12,61,0,0,False
beyonce,2017-11-06/2017-11-12,2,0,13,False
bruno mars,2017-11-06/2017-11-12,52,0,0,False
eminem,2017-11-06/2017-11-12,2,0,13,False
lady gaga,2017-11-06/2017-11-12,200,0,0,False
michael jackson,2017-11-06/2017-11-12,120,0,0,False
rihanna,2017-11-06/2017-11-12,18,0,0,False
taylor swift,2017-11-06/2017-11-12,4,0,2,False
the beatles,2017-11-06/2017-11-12,92,0,0,False
the weeknd,2017-11-06/2017-11-12,63,0,0,False
whitney houston,2017-11-06/2017-11-12,182,0,0,False
adele,2017-11-13/2017-11-19,87,0,0,False
beyonce,2017-11-13/2017-11-19,3,0,29,False
bruno mars,2017-11-13/2017-11-19,54,0,0,False
eminem,2017-11-13/2017-11-19,3,0,29,False
lady gaga,2017-11-13/2017-11-19,185,0,0,False
michael jackson,2017-11-13/2017-11-19,123,0,0,False
rihanna,2017-11-13/2017-11-19,41,0,0,False
taylor swift,2017-11-13/2017-11-19,34,0,0,False
the beatles,2017-11-13/2017-11-19,160,0,0,False
the weeknd,2017-11-13/2017-11-19,58,0,0,False
whitney houston,2017-11-13/2017-11-19,164,0,0,False
adele,2017-11-20/2017-11-26,60,0,0,False
beyonce,2017-11-20/2017-11-26,6,0,4,False
bruno mars,2017-11-20/2017-11-26,49,0,0,False
elvis presley,2017-11-20/2017-11-26,96,0,0,False
eminem,2017-11-20/2017-11-26,6,0,4,False
lady gaga,2017-11-20/2017-11-26,177,0,0,False
michael jackson,2017-11-20/2017-11-26,153,0,0,False
rihanna,2017-11-20/2017-11-26,44,0,0,False
taylor swift,2017-11-20/2017-11-26,40,0,0,False
the beatles,2017-11-20/2017-11-26,117,0,0,False
the weeknd,2017-11-20/2017-11-26,56,0,0,False
whitney houston,2017-11-20/2017-11-26,54,0,0,False
adele,2017-11-27/2017-12-03,105,0,0,False
beyonce,2017-11-27/2017-12-03,1,7,89,True
bruno mars,2017-11-27/2017-12-03,37,0,0,False
elvis presley,2017-11-27/2017-12-03,44,0,0,False
eminem,2017-11-27/2017-12-03,17,0,0,False
lady gaga,2017-11-27/2017-12-03,102,0,0,False
michael jackson,2017-11-27/2017-12-03,173,0,0,False
rihanna,2017-11-27/2017-12-03,51,0,0,False
taylor swift,2017-11-27/2017-12-03,23,0,0,False
the beatles,2017-11-27/2017-12-03,161,0,0,False
the weeknd,2017-11-27/2017-12-03,61,0,0,False
adele,2017-12-04/2017-12-10,127,0,0,False
beyonce,2017-12-04/2017-12-10,1,12,207,True
bruno mars,2017-12-04/2017-12-10,8,0,3,False
elvis presley,2017-12-04/2017-12-10,48,0,0,False
eminem,2017-12-04/2017-12-10,13,0,0,False
lady gaga,2017-12-04/2017-12-10,106,0,0,False
rihanna,2017-12-04/2017-12-10,54,0,0,False
taylor swift,2017-12-04/2017-12-10,24,0,0,False
the weeknd,2017-12-04/2017-12-10,56,0,0,False
whitney houston,2017-12-04/2017-12-10,120,0,0,False
adele,2017-12-11/2017-12-17,129,0,0,False
beyonce,2017-12-11/2017-12-17,1,1,180,True
bruno mars,2017-12-11/2017-12-17,37,0,0,False
elvis presley,2017-12-11/2017-12-17,40,0,0,False
eminem,2017-12-11/2017-12-17,1,18,89,True
lady gaga,2017-12-11/2017-12-17,99,0,0,False
rihanna,2017-12-11/2017-12-17,54,0,0,False
taylor swift,2017-12-11/2017-12-17,37,0,0,False
the weeknd,2017-12-11/2017-12-17,56,0,0,False
whitney houston,2017-12-11/2017-12-17,150,0,0,False
adele,2017-12-18/2017-12-24,125,0,0,False
beyonce,2017-12-18/2017-12-24,3,0,68,False
bruno mars,2017-12-18/2017-12-24,47,0,0,False
elvis presley,2017-12-18/2017-12-24,15,0,0,False
eminem,2017-12-18/2017-12-24,1,62,186,True
lady gaga,2017-12-18/2017-12-24,74,0,0,False
michael jackson,2017-12-18/2017-12-24,80,0,0,False
rihanna,2017-12-18/2017-12-24,54,0,0,False
taylor swift,2017-12-18/2017-12-24,37,0,0,False
the weeknd,2017-12-18/2017-12-24,57,0,0,False
whitney houston,2017-12-18/2017-12-24,72,0,0,False
adele,2017-12-25/2017-12-31,71,0,0,False
beyonce,2017-12-25/2017-12-31,3,0,39,False
bruno mars,2017-12-25/2017-12-31,14,0,0,False
elvis presley,2017-12-25/2017-12-31,12,0,0,False
eminem,2017-12-25/2017-12-31,1,31,190,True
lady gaga,2017-12-25/2017-12-31,101,0,0,False
michael jackson,2017-12-25/2017-12-31,6,0,3,False
rihanna,2017-12-25/2017-12-31,15,0,0,False
taylor swift,2017-12-25/2017-12-31,32,0,0,False
the beatles,2017-12-25/2017-12-31,93,0,0,False
the weeknd,2017-12-25/2017-12-31,29,0,0,False
whitney houston,2017-12-25/2017-12-31,48,0,0,False
adele,2018-01-01/2018-01-07,53,0,0,False
beyonce,2018-01-01/2018-01-07,3,0,33,False
bruno mars,2018-01-01/2018-01-07,2,0,13,False
eminem,2018-01-01/2018-01-07,1,29,201,True
lady gaga,2018-01-01/2018-01-07,197,0,0,False
michael jackson,2018-01-01/2018-01-07,21,0,0,False
rihanna,2018-01-01/2018-01-07,45,0,0,False
taylor swift,2018-01-01/2018-01-07,41,0,0,False
the beatles,2018-01-01/2018-01-07,92,0,0,False
the weeknd,2018-01-01/2018-01-07,48,0,0,False
whitney houston,2018-01-01/2018-01-07,72,0,0,False
adele,2018-01-08/2018-01-14,60,0,0,False
beyonce,2018-01-08/2018-01-14,3,0,21,False
bruno mars,2018-01-08/2018-01-14,2,0,109,False
eminem,2018-01-08/2018-01-14,1,26,204,True
lady gaga,2018-01-08/2018-01-14,191,0,0,False
michael jackson,2018-01-08/2018-01-14,127,0,0,False
rihanna,2018-01-08/2018-01-14,64,0,0,False
taylor swift,2018-01-08/2018-01-14,21,0,0,False
the beatles,2018-01-08/2018-01-14,115,0,0,False
the weeknd,2018-01-08/2018-01-14,77,0,0,False
whitney houston,2018-01-08/2018-01-14,166,0,0,False
adele,2018-01-15/2018-01-21,61,0,0,False
beyonce,2018-01-15/2018-01-21,3,0,18,False
bruno mars,2018-01-15/2018-01-21,3,0,100,False
eminem,2018-01-15/2018-01-21,1,13,193,True
lady gaga,2018-01-15/2018-01-21,153,0,0,False
michael jackson,2018-01-15/2018-01-21,142,0,0,False
rihanna,2018-01-15/2018-01-21,67,0,0,False
taylor swift,2018-01-15/2018-01-21,18,0,0,False
the beatles,2018-01-15/2018-01-21,114,0,0,False
the weeknd,2018-01-15/2018-01-21,65,0,0,False
whitney houston,2018-01-15/2018-01-21,160,0,0,False
adele,2018-01-22/2018-01-28,75,0,0,False
beyonce,2018-01-22/2018-01-28,5,0,10,False
bruno mars,2018-01-22/2018-01-28,3,0,69,False
eminem,2018-01-22/2018-01-28,1,4,177,True
lady gaga,2018-01-22/2018-01-28,147,0,0,False
michael jackson,2018-01-22/2018-01-28,139,0,0,False
rihanna,2018-01-22/2018-01-28,69,0,0,False
taylor swift,2018-01-22/2018-01-28,35,0,0,False
the weeknd,2018-01-22/2018-01-28,63,0,0,False
whitney houston,2018-01-22/2018-01-28,157,0,0,False
adele,2018-01-29/2018-02-04,88,0,0,False
beyonce,2018-01-29/2018-02-04,10,0,1,False
bruno mars,2018-01-29/2018-02-04,2,0,120,False
eminem,2018-01-29/2018-02-04,1,6,171,True
lady gaga,2018-01-29/2018-02-04,143,0,0,False
michael jackson,2018-01-29/2018-02-04,99,0,0,False
rihanna,2018-01-29/2018-02-04,75,0,0,False
taylor swift,2018-01-29/2018-02-04,38,0,0,False
the beatles,2018-01-29/2018-02-04,157,0,0,False
the weeknd,2018-01-29/2018-02-04,1,4,41,True
whitney houston,2018-01-29/2018-02-04,155,0,0,False
adele,2018-02-05/2018-02-11,87,0,0,False
beyonce,2018-02-05/2018-02-11,13,0,0,False
bruno mars,2018-02-05/2018-02-11,2,0,92,False
eminem,2018-02-05/2018-02-11,2,0,141,False
lady gaga,2018-02-05/2018-02-11,151,0,0,False
michael jackson,2018-02-05/2018-02-11,129,0,0,False
rihanna,2018-02-05/2018-02-11,63,0,0,False
taylor swift,2018-02-05/2018-02-11,45,0,0,False
the weeknd,2018-02-05/2018-02-11,1,5,141,True
whitney houston,2018-02-05/2018-02-11,168,0,0,False
adele,2018-02-12/2018-02-18,29,0,0,False
beyonce,2018-02-12/2018-02-18,14,0,0,False
bruno mars,2018-02-12/2018-02-18,3,0,49,False
eminem,2018-02-12/2018-02-18,2,0,130,False
lady gaga,2018-02-12/2018-02-18,155,0,0,False
michael jackson,2018-02-12/2018-02-18,123,0,0,False
rihanna,2018-02-12/2018-02-18,43,0,0,False
taylor swift,2018-02-12/2018-02-18,29,0,0,False
the beatles,2018-02-12/2018-02-18,155,0,0,False
the weeknd,2018-02-12/2018-02-18,1,4,143,True
whitney houston,2018-02-12/2018-02-18,125,0,0,False
adele,2018-02-19/2018-02-25,84,0,0,False
beyonce,2018-02-19/2018-02-25,23,0,0,False
bruno mars,2018-02-19/2018-02-25,7,0,14,False
eminem,2018-02-19/2018-02-25,2,0,93,False
lady gaga,2018-02-19/2018-02-25,197,0,0,False
michael jackson,2018-02-19/2018-02-25,146,0,0,False
rihanna,2018-02-19/2018-02-25,83,0,0,False
taylor swift,2018-02-19/2018-02-25,58,0,0,False
the beatles,2018-02-19/2018-02-25,160,0,0,False
the weeknd,2018-02-19/2018-02-25,2,0,148,False
whitney houston,2018-02-19/2018-02-25,159,0,0,False
adele,2018-02-26/2018-03-04,103,0,0,False
beyonce,2018-02-26/2018-03-04,16,0,0,False
bruno mars,2018-02-26/2018-03-04,7,0,9,False
eminem,2018-02-26/2018-03-04,4,0,50,False
lady gaga,2018-02-26/2018-03-04,200,0,0,False
michael jackson,2018-02-26/2018-03-04,132,0,0,False
rihanna,2018-02-26/2018-03-04,82,0,0,False
taylor swift,2018-02-26/2018-03-04,66,0,0,False
the weeknd,2018-02-26/2018-03-04,2,0,112,False
whitney houston,2018-02-26/2018-03-04,131,0,0,False
adele,2018-03-05/2018-03-11,109,0,0,False
beyonce,2018-03-05/2018-03-11,26,0,0,False
bruno mars,2018-03-05/2018-03-11,10,0,2,False
eminem,2018-03-05/2018-03-11,5,0,22,False
lady gaga,2018-03-05/2018-03-11,148,0,0,False
michael jackson,2018-03-05/2018-03-11,141,0,0,False
rihanna,2018-03-05/2018-03-11,84,0,0,False
taylor swift,2018-03-05/2018-03-11,71,0,0,False
the weeknd,2018-03-05/2018-03-11,3,0,82,False
whitney houston,2018-03-05/2018-03-11,90,0,0,False
adele,2018-03-12/2018-03-18,66,0,0,False
beyonce,2018-03-12/2018-03-18,29,0,0,False
bruno mars,2018-03-12/2018-03-18,13,0,0,False
eminem,2018-03-12/2018-03-18,8,0,13,False
michael jackson,2018-03-12/2018-03-18,122,0,0,False
rihanna,2018-03-12/2018-03-18,70,0,0,False
taylor swift,2018-03-12/2018-03-18,29,0,0,False
the weeknd,2018-03-12/2018-03-18,3,0,36,False
whitney houston,2018-03-12/2018-03-18,154,0,0,False
adele,2018-03-19/2018-03-25,81,0,0,False
beyonce,2018-03-19/2018-03-25,27,0,0,False
bruno mars,2018-03-19/2018-03-25,15,0,0,False
eminem,2018-03-19/2018-03-25,12,0,0,False
michael jackson,2018-03-19/2018-03-25,149,0,0,False
rihanna,2018-03-19/2018-03-25,32,0,0,False
taylor swift,2018-03-19/2018-03-25,16,0,0,False
the weeknd,2018-03-19/2018-03-25,4,0,17,False
whitney houston,2018-03-19/2018-03-25,118,0,0,False
adele,2018-03-26/2018-04-01,73,0,0,False
beyonce,2018-03-26/2018-04-01,25,0,0,False
bruno mars,2018-03-26/2018-04-01,18,0,0,False
eminem,2018-03-26/2018-04-01,11,0,0,False
lady gaga,2018-03-26/2018-04-01,63,0,0,False
michael jackson,2018-03-26/2018-04-01,137,0,0,False
rihanna,2018-03-26/2018-04-01,18,0,0,False
taylor swift,2018-03-26/2018-04-01,7,0,3,False
the weeknd,2018-03-26/2018-04-01,1,30,207,True
whitney houston,2018-03-26/2018-04-01,118,0,0,False
adele,2018-04-02/2018-04-08,76,0,0,False
beyonce,2018-04-02/2018-04-08,39,0,0,False
bruno mars,2018-04-02/2018-04-08,21,0,0,False
eminem,2018-04-02/2018-04-08,16,0,0,False
michael jackson,2018-04-02/2018-04-08,128,0,0,False
rihanna,2018-04-02/2018-04-08,21,0,0,False
taylor swift,2018-04-02/2018-04-08,6,0,20,False
the beatles,2018-04-02/2018-04-08,73,0,0,False
the weeknd,2018-04-02/2018-04-08,1,68,343,True
whitney houston,2018-04-02/2018-04-08,110,0,0,False
adele,2018-04-09/2018-04-15,75,0,0,False
beyonce,2018-04-09/2018-04-15,38,0,0,False
bruno mars,2018-04-09/2018-04-15,24,0,0,False
eminem,2018-04-09/2018-04-15,20,0,0,False
lady gaga,2018-04-09/2018-04-15,111,0,0,False
michael jackson,2018-04-09/2018-04-15,116,0,0,False
rihanna,2018-04-09/2018-04-15,21,0,0,False
taylor swift,2018-04-09/2018-04-15,6,0,14,False
the beatles,2018-04-09/2018-04-15,192,0,0,False
the weeknd,2018-04-09/2018-04-15,1,35,204,True
whitney houston,2018-04-09/2018-04-15,118,0,0,False
adele,2018-04-16/2018-04-22,59,0,0,False
beyonce,2018-04-16/2018-04-22,28,0,0,False
bruno mars,2018-04-16/2018-04-22,29,0,0,False
eminem,2018-04-16/2018-04-22,23,0,0,False
lady gaga,2018-04-16/2018-04-22,141,0,0,False
michael jackson,2018-04-16/2018-04-22,159,0,0,False
rihanna,2018-04-16/2018-04-22,30,0,0,False
taylor swift,2018-04-16/2018-04-22,10,0,1,False
the beatles,2018-04-16/2018-04-22,173,0,0,False
the weeknd,2018-04-16/2018-04-22,1,23,151,True
whitney houston,2018-04-16/2018-04-22,136,0,0,False
adele,2018-04-23/2018-04-29,83,0,0,False
beyonce,2018-04-23/2018-04-29,38,0,0,False
bruno mars,2018-04-23/2018-04-29,33,0,0,False
eminem,2018-04-23/2018-04-29,32,0,0,False
michael jackson,2018-04-23/2018-04-29,159,0,0,False
rihanna,2018-04-23/2018-04-29,75,0,0,False
taylor swift,2018-04-23/2018-04-29,14,0,0,False
the weeknd,2018-04-23/2018-04-29,1,2,117,True
whitney houston,2018-04-23/2018-04-29,165,0,0,False
adele,2018-04-30/2018-05-06,76,0,0,False
beyonce,2018-04-30/2018-05-06,36,0,0,False
bruno mars,2018-04-30/2018-05-06,25,0,0,False
eminem,2018-04-30/2018-05-06,46,0,0,False
michael jackson,2018-04-30/2018-05-06,157,0,0,False
rihanna,2018-04-30/2018-05-06,70,0,0,False
taylor swift,2018-04-30/2018-05-06,16,0,0,False
the beatles,2018-04-30/2018-05-06,82,0,0,False
the weeknd,2018-04-30/2018-05-06,2,0,58,False
whitney houston,2018-04-30/2018-05-06,185,0,0,False
adele,2018-05-07/2018-05-13,80,0,0,False
beyonce,2018-05-07/2018-05-13,57,0,0,False
bruno mars,2018-05-07/2018-05-13,8,0,2,False
eminem,2018-05-07/2018-05-13,40,0,0,False
michael jackson,2018-05-07/2018-05-13,175,0,0,False
rihanna,2018-05-07/2018-05-13,69,0,0,False
taylor swift,2018-05-07/2018-05-13,21,0,0,False
the beatles,2018-05-07/2018-05-13,89,0,0,False
the weeknd,2018-05-07/2018-05-13,3,0,33,False
adele,2018-05-14/2018-05-20,129,0,0,False
beyonce,2018-05-14/2018-05-20,54,0,0,False
bruno mars,2018-05-14/2018-05-20,17,0,0,False
eminem,2018-05-14/2018-05-20,48,0,0,False
michael jackson,2018-05-14/2018-05-20,171,0,0,False
rihanna,2018-05-14/2018-05-20,51,0,0,False
taylor swift,2018-05-14/2018-05-20,26,0,0,False
the beatles,2018-05-14/2018-05-20,113,0,0,False
the rolling stones,2018-05-14/2018-05-20,59,0,0,False
the weeknd,2018-05-14/2018-05-20,4,0,21,False
whitney houston,2018-05-14/2018-05-20,133,0,0,False
adele,2018-05-21/2018-05-27,146,0,0,False
beyonce,2018-05-21/2018-05-27,73,0,0,False
bruno mars,2018-05-21/2018-05-27,63,0,0,False
eminem,2018-05-21/2018-05-27,53,0,0,False
michael jackson,2018-05-21/2018-05-27,173,0,0,False
rihanna,2018-05-21/2018-05-27,68,0,0,False
taylor swift,2018-05-21/2018-05-27,46,0,0,False
the beatles,2018-05-21/2018-05-27,122,0,0,False
the weeknd,2018-05-21/2018-05-27,6,0,11,False
whitney houston,2018-05-21/2018-05-27,159,0,0,False
adele,2018-05-28/2018-06-03,68,0,0,False
beyonce,2018-05-28/2018-06-03,77,0,0,False
bruno mars,2018-05-28/2018-06-03,65,0,0,False
eminem,2018-05-28/2018-06-03,53,0,0,False
michael jackson,2018-05-28/2018-06-03,181,0,0,False
rihanna,2018-05-28/2018-06-03,61,0,0,False
taylor swift,2018-05-28/2018-06-03,39,0,0,False
the beatles,2018-05-28/2018-06-03,116,0,0,False
the weeknd,2018-05-28/2018-06-03,10,0,2,False
whitney houston,2018-05-28/2018-06-03,151,0,0,False
adele,2018-06-04/2018-06-10,91,0,0,False
beyonce,2018-06-04/2018-06-10,78,0,0,False
bruno mars,2018-06-04/2018-06-10,72,0,0,False
eminem,2018-06-04/2018-06-10,54,0,0,False
michael jackson,2018-06-04/2018-06-10,132,0,0,False
rihanna,2018-06-04/2018-06-10,64,0,0,False
taylor swift,2018-06-04/2018-06-10,41,0,0,False
the beatles,2018-06-04/2018-06-10,130,0,0,False
the weeknd,2018-06-04/2018-06-10,16,0,0,False
whitney houston,2018-06-04/2018-06-10,174,0,0,False
adele,2018-06-11/2018-06-17,157,0,0,False
beyonce,2018-06-11/2018-06-17,68,0,0,False
bruno mars,2018-06-11/2018-06-17,59,0,0,False
eminem,2018-06-11/2018-06-17,57,0,0,False
michael jackson,2018-06-11/2018-06-17,184,0,0,False
rihanna,2018-06-11/2018-06-17,66,0,0,False
taylor swift,2018-06-11/2018-06-17,20,0,0,False
the weeknd,2018-06-11/2018-06-17,17,0,0,False
whitney houston,2018-06-11/2018-06-17,187,0,0,False
adele,2018-06-18/2018-06-24,128,0,0,False
beyonce,2018-06-18/2018-06-24,74,0,0,False
bruno mars,2018-06-18/2018-06-24,57,0,0,False
eminem,2018-06-18/2018-06-24,58,0,0,False
michael jackson,2018-06-18/2018-06-24,198,0,0,False
rihanna,2018-06-18/2018-06-24,72,0,0,False
taylor swift,2018-06-18/2018-06-24,26,0,0,False
the beatles,2018-06-18/2018-06-24,123,0,0,False
the weeknd,2018-06-18/2018-06-24,26,0,0,False
whitney houston,2018-06-18/2018-06-24,164,0,0,False
adele,2018-06-25/2018-07-01,124,0,0,False
beyonce,2018-06-25/2018-07-01,75,0,0,False
bruno mars,2018-06-25/2018-07-01,57,0,0,False
eminem,2018-06-25/2018-07-01,64,0,0,False
michael jackson,2018-06-25/2018-07-01,1,15,99,True
rihanna,2018-06-25/2018-07-01,71,0,0,False
taylor swift,2018-06-25/2018-07-01,37,0,0,False
the beatles,2018-06-25/2018-07-01,97,0,0,False
the weeknd,2018-06-25/2018-07-01,36,0,0,False
whitney houston,2018-06-25/2018-07-01,146,0,0,False
adele,2018-07-02/2018-07-08,109,0,0,False
beyonce,2018-07-02/2018-07-08,75,0,0,False
bruno mars,2018-07-02/2018-07-08,60,0,0,False
eminem,2018-07-02/2018-07-08,47,0,0,False
michael jackson,2018-07-02/2018-07-08,1,47,234,True
rihanna,2018-07-02/2018-07-08,56,0,0,False
taylor swift,2018-07-02/2018-07-08,53,0,0,False
the beatles,2018-07-02/2018-07-08,139,0,0,False
the rolling stones,2018-07-02/2018-07-08,66,0,0,False
the weeknd,2018-07-02/2018-07-08,37,0,0,False
whitney houston,2018-07-02/2018-07-08,157,0,0,False
adele,2018-07-09/2018-07-15,125,0,0,False
beyonce,2018-07-09/2018-07-15,55,0,0,False
bruno mars,2018-07-09/2018-07-15,68,0,0,False
eminem,2018-07-09/2018-07-15,70,0,0,False
michael jackson,2018-07-09/2018-07-15,1,15,222,True
rihanna,2018-07-09/2018-07-15,57,0,0,False
taylor swift,2018-07-09/2018-07-15,60,0,0,False
the beatles,2018-07-09/2018-07-15,171,0,0,False
the weeknd,2018-07-09/2018-07-15,40,0,0,False
whitney houston,2018-07-09/2018-07-15,190,0,0,False
adele,2018-07-16/2018-07-22,118,0,0,False
beyonce,2018-07-16/2018-07-22,77,0,0,False
bruno mars,2018-07-16/2018-07-22,98,0,0,False
eminem,2018-07-16/2018-07-22,72,0,0,False
michael jackson,2018-07-16/2018-07-22,2,0,165,False
rihanna,2018-07-16/2018-07-22,57,0,0,False
taylor swift,2018-07-16/2018-07-22,65,0,0,False
the beatles,2018-07-16/2018-07-22,171,0,0,False
the weeknd,2018-07-16/2018-07-22,48,0,0,False
whitney houston,2018-07-16/2018-07-22,148,0,0,False
adele,2018-07-23/2018-07-29,95,0,0,False
beyonce,2018-07-23/2018-07-29,81,0,0,False
bruno mars,2018-07-23/2018-07-29,85,0,0,False
eminem,2018-07-23/2018-07-29,72,0,0,False
michael jackson,2018-07-23/2018-07-29,3,0,60,False
rihanna,2018-07-23/2018-07-29,55,0,0,False
taylor swift,2018-07-23/2018-07-29,69,0,0,False
the weeknd,2018-07-23/2018-07-29,47,0,0,False
whitney houston,2018-07-23/2018-07-29,171,0,0,False
adele,2018-07-30/2018-08-05,101,0,0,False
beyonce,2018-07-30/2018-08-05,70,0,0,False
bruno mars,2018-07-30/2018-08-05,76,0,0,False
eminem,2018-07-30/2018-08-05,74,0,0,False
lady gaga,2018-07-30/2018-08-05,123,0,0,False
michael jackson,2018-07-30/2018-08-05,4,0,12,False
rihanna,2018-07-30/2018-08-05,63,0,0,False
taylor swift,2018-07-30/2018-08-05,75,0,0,False
the beatles,2018-07-30/2018-08-05,159,0,0,False
the weeknd,2018-07-30/2018-08-05,52,0,0,False
whitney houston,2018-07-30/2018-08-05,58,0,0,False
adele,2018-08-06/2018-08-12,103,0,0,False
beyonce,2018-08-06/2018-08-12,78,0,0,False
bruno mars,2018-08-06/2018-08-12,78,0,0,False
eminem,2018-08-06/2018-08-12,28,0,0,False
michael jackson,2018-08-06/2018-08-12,9,0,1,False
rihanna,2018-08-06/2018-08-12,60,0,0,False
taylor swift,2018-08-06/2018-08-12,82,0,0,False
the beatles,2018-08-06/2018-08-12,199,0,0,False
the weeknd,2018-08-06/2018-08-12,42,0,0,False
whitney houston,2018-08-06/2018-08-12,133,0,0,False
adele,2018-08-13/2018-08-19,99,0,0,False
beyonce,2018-08-13/2018-08-19,82,0,0,False
bruno mars,2018-08-13/2018-08-19,67,0,0,False
eminem,2018-08-13/2018-08-19,31,0,0,False
michael jackson,2018-08-13/2018-08-19,18,0,0,False
rihanna,2018-08-13/2018-08-19,58,0,0,False
taylor swift,2018-08-13/2018-08-19,83,0,0,False
the weeknd,2018-08-13/2018-08-19,46,0,0,False
whitney houston,2018-08-13/2018-08-19,141,0,0,False
adele,2018-08-20/2018-08-26,110,0,0,False
beyonce,2018-08-20/2018-08-26,85,0,0,False
bruno mars,2018-08-20/2018-08-26,78,0,0,False
eminem,2018-08-20/2018-08-26,37,0,0,False
michael jackson,2018-08-20/2018-08-26,26,0,0,False
rihanna,2018-08-20/2018-08-26,67,0,0,False
taylor swift,2018-08-20/2018-08-26,82,0,0,False
the weeknd,2018-08-20/2018-08-26,51,0,0,False
whitney houston,2018-08-20/2018-08-26,119,0,0,False
adele,2018-08-27/2018-09-02,108,0,0,False
beyonce,2018-08-27/2018-09-02,88,0,0,False
bruno mars,2018-08-27/2018-09-02,89,0,0,False
eminem,2018-08-27/2018-09-02,1,25,296,True
lady gaga,2018-08-27/2018-09-02,99,0,0,False
michael jackson,2018-08-27/2018-09-02,28,0,0,False
rihanna,2018-08-27/2018-09-02,65,0,0,False
taylor swift,2018-08-27/2018-09-02,94,0,0,False
the beatles,2018-08-27/2018-09-02,176,0,0,False
the weeknd,2018-08-27/2018-09-02,53,0,0,False
whitney houston,2018-08-27/2018-09-02,138,0,0,False
adele,2018-09-03/2018-09-09,105,0,0,False
beyonce,2018-09-03/2018-09-09,75,0,0,False
bruno mars,2018-09-03/2018-09-09,69,0,0,False
eminem,2018-09-03/2018-09-09,1,72,665,True
lady gaga,2018-09-03/2018-09-09,115,0,0,False
michael jackson,2018-09-03/2018-09-09,33,0,0,False
rihanna,2018-09-03/2018-09-09,56,0,0,False
taylor swift,2018-09-03/2018-09-09,127,0,0,False
the beatles,2018-09-03/2018-09-09,173,0,0,False
the weeknd,2018-09-03/2018-09-09,60,0,0,False
whitney houston,2018-09-03/2018-09-09,154,0,0,False
adele,2018-09-10/2018-09-16,106,0,0,False
beyonce,2018-09-10/2018-09-16,84,0,0,False
bruno mars,2018-09-10/2018-09-16,4,0,9,False
eminem,2018-09-10/2018-09-16,1,13,288,True
lady gaga,2018-09-10/2018-09-16,144,0,0,False
michael jackson,2018-09-10/2018-09-16,32,0,0,False
rihanna,2018-09-10/2018-09-16,59,0,0,False
taylor swift,2018-09-10/2018-09-16,152,0,0,False
the weeknd,2018-09-10/2018-09-16,57,0,0,False
whitney houston,2018-09-10/2018-09-16,130,0,0,False
adele,2018-09-17/2018-09-23,85,0,0,False
beyonce,2018-09-17/2018-09-23,52,0,0,False
bruno mars,2018-09-17/2018-09-23,6,0,15,False
eminem,2018-09-17/2018-09-23,1,6,229,True
michael jackson,2018-09-17/2018-09-23,35,0,0,False
rihanna,2018-09-17/2018-09-23,61,0,0,False
taylor swift,2018-09-17/2018-09-23,159,0,0,False
the weeknd,2018-09-17/2018-09-23,61,0,0,False
whitney houston,2018-09-17/2018-09-23,137,0,0,False
adele,2018-09-24/2018-09-30,95,0,0,False
beyonce,2018-09-24/2018-09-30,22,0,0,False
bruno mars,2018-09-24/2018-09-30,8,0,6,False
eminem,2018-09-24/2018-09-30,2,0,153,False
lady gaga,2018-09-24/2018-09-30,12,0,0,False
michael jackson,2018-09-24/2018-09-30,42,0,0,False
rihanna,2018-09-24/2018-09-30,62,0,0,False
taylor swift,2018-09-24/2018-09-30,154,0,0,False
the beatles,2018-09-24/2018-09-30,120,0,0,False
the weeknd,2018-09-24/2018-09-30,52,0,0,False
whitney houston,2018-09-24/2018-09-30,97,0,0,False
adele,2018-10-01/2018-10-07,84,0,0,False
beyonce,2018-10-01/2018-10-07,56,0,0,False
bruno mars,2018-10-01/2018-10-07,10,0,2,False
eminem,2018-10-01/2018-10-07,1,1,71,True
lady gaga,2018-10-01/2018-10-07,2,0,18,False
michael jackson,2018-10-01/2018-10-07,50,0,0,False
rihanna,2018-10-01/2018-10-07,70,0,0,False
taylor swift,2018-10-01/2018-10-07,118,0,0,False
the weeknd,2018-10-01/2018-10-07,60,0,0,False
whitney houston,2018-10-01/2018-10-07,129,0,0,False
adele,2018-10-08/2018-10-14,88,0,0,False
beyonce,2018-10-08/2018-10-14,62,0,0,False
bruno mars,2018-10-08/2018-10-14,17,0,0,False
eminem,2018-10-08/2018-10-14,1,3,65,True
lady gaga,2018-10-08/2018-10-14,1,32,101,True
michael jackson,2018-10-08/2018-10-14,54,0,0,False
rihanna,2018-10-08/2018-10-14,71,0,0,False
taylor swift,2018-10-08/2018-10-14,99,0,0,False
the beatles,2018-10-08/2018-10-14,183,0,0,False
the weeknd,2018-10-08/2018-10-14,61,0,0,False
whitney houston,2018-10-08/2018-10-14,144,0,0,False
adele,2018-10-15/2018-10-21,88,0,0,False
beyonce,2018-10-15/2018-10-21,70,0,0,False
bruno mars,2018-10-15/2018-10-21,20,0,0,False
eminem,2018-10-15/2018-10-21,2,0,56,False
lady gaga,2018-10-15/2018-10-21,1,60,195,True
michael jackson,2018-10-15/2018-10-21,52,0,0,False
rihanna,2018-10-15/2018-10-21,81,0,0,False
taylor swift,2018-10-15/2018-10-21,105,0,0,False
the beatles,2018-10-15/2018-10-21,180,0,0,False
the weeknd,2018-10-15/2018-10-21,69,0,0,False
whitney houston,2018-10-15/2018-10-21,138,0,0,False
adele,2018-10-22/2018-10-28,85,0,0,False
beyonce,2018-10-22/2018-10-28,93,0,0,False
bruno mars,2018-10-22/2018-10-28,21,0,0,False
eminem,2018-10-22/2018-10-28,2,0,35,False
lady gaga,2018-10-22/2018-10-28,1,58,226,True
michael jackson,2018-10-22/2018-10-28,52,0,0,False
rihanna,2018-10-22/2018-10-28,81,0,0,False
taylor swift,2018-10-22/2018-10-28,111,0,0,False
the beatles,2018-10-22/2018-10-28,194,0,0,False
the weeknd,2018-10-22/2018-10-28,74,0,0,False
whitney houston,2018-10-22/2018-10-28,140,0,0,False
adele,2018-10-29/2018-11-04,109,0,0,False
beyonce,2018-10-29/2018-11-04,95,0,0,False
bruno mars,2018-10-29/2018-11-04,14,0,0,False
eminem,2018-10-29/2018-11-04,5,0,17,False
lady gaga,2018-10-29/2018-11-04,1,66,224,True
michael jackson,2018-10-29/2018-11-04,6,0,1,False
rihanna,2018-10-29/2018-11-04,45,0,0,False
taylor swift,2018-10-29/2018-11-04,109,0,0,False
the rolling stones,2018-10-29/2018-11-04,114,0,0,False
the weeknd,2018-10-29/2018-11-04,67,0,0,False
whitney houston,2018-10-29/2018-11-04,141,0,0,False
adele,2018-11-05/2018-11-11,120,0,0,False
beyonce,2018-11-05/2018-11-11,73,0,0,False
bruno mars,2018-11-05/2018-11-11,13,0,0,False
eminem,2018-11-05/2018-11-11,13,0,0,False
lady gaga,2018-11-05/2018-11-11,1,33,196,True
michael jackson,2018-11-05/2018-11-11,79,0,0,False
rihanna,2018-11-05/2018-11-11,78,0,0,False
taylor swift,2018-11-05/2018-11-11,89,0,0,False
the weeknd,2018-11-05/2018-11-11,77,0,0,False
whitney houston,2018-11-05/2018-11-11,153,0,0,False
adele,2018-11-12/2018-11-18,104,0,0,False
beyonce,2018-11-12/2018-11-18,74,0,0,False
bruno mars,2018-11-12/2018-11-18,10,0,2,False
eminem,2018-11-12/2018-11-18,27,0,0,False
lady gaga,2018-11-12/2018-11-18,1,27,174,True
michael jackson,2018-11-12/2018-11-18,64,0,0,False
rihanna,2018-11-12/2018-11-18,90,0,0,False
taylor swift,2018-11-12/2018-11-18,104,0,0,False
the weeknd,2018-11-12/2018-11-18,78,0,0,False
whitney houston,2018-11-12/2018-11-18,169,0,0,False
adele,2018-11-19/2018-11-25,113,0,0,False
beyonce,2018-11-19/2018-11-25,65,0,0,False
bruno mars,2018-11-19/2018-11-25,10,0,4,False
elvis presley,2018-11-19/2018-11-25,93,0,0,False
eminem,2018-11-19/2018-11-25,27,0,0,False
lady gaga,2018-11-19/2018-11-25,1,28,167,True
michael jackson,2018-11-19/2018-11-25,92,0,0,False
rihanna,2018-11-19/2018-11-25,78,0,0,False
taylor swift,2018-11-19/2018-11-25,54,0,0,False
the weeknd,2018-11-19/2018-11-25,75,0,0,False
whitney houston,2018-11-19/2018-11-25,169,0,0,False
adele,2018-11-26/2018-12-02,111,0,0,False
beyonce,2018-11-26/2018-12-02,81,0,0,False
bruno mars,2018-11-26/2018-12-02,10,0,1,False
elvis presley,2018-11-26/2018-12-02,36,0,0,False
eminem,2018-11-26/2018-12-02,30,0,0,False
lady gaga,2018-11-26/2018-12-02,1,14,140,True
michael jackson,2018-11-26/2018-12-02,108,0,0,False
rihanna,2018-11-26/2018-12-02,82,0,0,False
taylor swift,2018-11-26/2018-12-02,100,0,0,False
the weeknd,2018-11-26/2018-12-02,47,0,0,False
adele,2018-12-03/2018-12-09,116,0,0,False
beyonce,2018-12-03/2018-12-09,77,0,0,False
bruno mars,2018-12-03/2018-12-09,12,0,0,False
elvis presley,2018-12-03/2018-12-09,35,0,0,False
eminem,2018-12-03/2018-12-09,26,0,0,False
lady gaga,2018-12-03/2018-12-09,1,7,113,True
michael jackson,2018-12-03/2018-12-09,142,0,0,False
rihanna,2018-12-03/2018-12-09,90,0,0,False
taylor swift,2018-12-03/2018-12-09,117,0,0,False
the weeknd,2018-12-03/2018-12-09,77,0,0,False
adele,2018-12-10/2018-12-16,142,0,0,False
beyonce,2018-12-10/2018-12-16,142,0,0,False
bruno mars,2018-12-10/2018-12-16,11,0,0,False
elvis presley,2018-12-10/2018-12-16,37,0,0,False
eminem,2018-12-10/2018-12-16,25,0,0,False
lady gaga,2018-12-10/2018-12-16,1,5,94,True
michael jackson,2018-12-10/2018-12-16,149,0,0,False
rihanna,2018-12-10/2018-12-16,104,0,0,False
taylor swift,2018-12-10/2018-12-16,111,0,0,False
the weeknd,2018-12-10/2018-12-16,81,0,0,False
adele,2018-12-17/2018-12-23,157,0,0,False
beyonce,2018-12-17/2018-12-23,117,0,0,False
bruno mars,2018-12-17/2018-12-23,12,0,0,False
elvis presley,2018-12-17/2018-12-23,25,0,0,False
eminem,2018-12-17/2018-12-23,29,0,0,False
lady gaga,2018-12-17/2018-12-23,2,0,42,False
michael jackson,2018-12-17/2018-12-23,162,0,0,False
rihanna,2018-12-17/2018-12-23,112,0,0,False
taylor swift,2018-12-17/2018-12-23,110,0,0,False
the weeknd,2018-12-17/2018-12-23,91,0,0,False
whitney houston,2018-12-17/2018-12-23,153,0,0,False
adele,2018-12-24/2018-12-30,166,0,0,False
beyonce,2018-12-24/2018-12-30,105,0,0,False
bruno mars,2018-12-24/2018-12-30,13,0,0,False
elvis presley,2018-12-24/2018-12-30,16,0,0,False
eminem,2018-12-24/2018-12-30,53,0,0,False
lady gaga,2018-12-24/2018-12-30,1,12,81,True
michael jackson,2018-12-24/2018-12-30,76,0,0,False
rihanna,2018-12-24/2018-12-30,109,0,0,False
taylor swift,2018-12-24/2018-12-30,85,0,0,False
the weeknd,2018-12-24/2018-12-30,71,0,0,False
whitney houston,2018-12-24/2018-12-30,66,0,0,False
adele,2018-12-31/2019-01-06,84,0,0,False
beyonce,2018-12-31/2019-01-06,106,0,0,False
bruno mars,2018-12-31/2019-01-06,12,0,0,False
elvis presley,2018-12-31/2019-01-06,107,0,0,False
eminem,2018-12-31/2019-01-06,55,0,0,False
lady gaga,2018-12-31/2019-01-06,1,15,120,True
michael jackson,2018-12-31/2019-01-06,9,0,1,False
rihanna,2018-12-31/2019-01-06,40,0,0,False
taylor swift,2018-12-31/2019-01-06,79,0,0,False
the beatles,2018-12-31/2019-01-06,137,0,0,False
the rolling stones,2018-12-31/2019-01-06,183,0,0,False
the weeknd,2018-12-31/2019-01-06,67,0,0,False
whitney houston,2018-12-31/2019-01-06,50,0,0,False
adele,2019-01-07/2019-01-13,118,0,0,False
beyonce,2019-01-07/2019-01-13,112,0,0,False
bruno mars,2019-01-07/2019-01-13,14,0,0,False
eminem,2019-01-07/2019-01-13,58,0,0,False
lady gaga,2019-01-07/2019-01-13,1,17,141,True
michael jackson,2019-01-07/2019-01-13,122,0,0,False
rihanna,2019-01-07/2019-01-13,104,0,0,False
taylor swift,2019-01-07/2019-01-13,84,0,0,False
the weeknd,2019-01-07/2019-01-13,1,6,27,True
whitney houston,2019-01-07/2019-01-13,114,0,0,False
adele,2019-01-14/2019-01-20,117,0,0,False
beyonce,2019-01-14/2019-01-20,104,0,0,False
bruno mars,2019-01-14/2019-01-20,15,0,0,False
eminem,2019-01-14/2019-01-20,67,0,0,False
lady gaga,2019-01-14/2019-01-20,1,10,134,True
michael jackson,2019-01-14/2019-01-20,130,0,0,False
rihanna,2019-01-14/2019-01-20,107,0,0,False
taylor swift,2019-01-14/2019-01-20,80,0,0,False
the beatles,2019-01-14/2019-01-20,169,0,0,False
the weeknd,2019-01-14/2019-01-20,1,5,73,True
whitney houston,2019-01-14/2019-01-20,98,0,0,False
adele,2019-01-21/2019-01-27,110,0,0,False
beyonce,2019-01-21/2019-01-27,110,0,0,False
bruno mars,2019-01-21/2019-01-27,16,0,0,False
eminem,2019-01-21/2019-01-27,77,0,0,False
lady gaga,2019-01-21/2019-01-27,2,0,127,False
michael jackson,2019-01-21/2019-01-27,111,0,0,False
rihanna,2019-01-21/2019-01-27,109,0,0,False
taylor swift,2019-01-21/2019-01-27,79,0,0,False
the weeknd,2019-01-21/2019-01-27,2,0,41,False
whitney houston,2019-01-21/2019-01-27,103,0,0,False
adele,2019-01-28/2019-02-03,106,0,0,False
beyonce,2019-01-28/2019-02-03,152,0,0,False
bruno mars,2019-01-28/2019-02-03,17,0,0,False
eminem,2019-01-28/2019-02-03,72,0,0,False
lady gaga,2019-01-28/2019-02-03,1,3,150,True
rihanna,2019-01-28/2019-02-03,112,0,0,False
taylor swift,2019-01-28/2019-02-03,79,0,0,False
the weeknd,2019-01-28/2019-02-03,5,0,11,False
whitney houston,2019-01-28/2019-02-03,113,0,0,False
adele,2019-02-04/2019-02-10,139,0,0,False
beyonce,2019-02-04/2019-02-10,167,0,0,False
bruno mars,2019-02-04/2019-02-10,22,0,0,False
eminem,2019-02-04/2019-02-10,80,0,0,False
lady gaga,2019-02-04/2019-02-10,2,0,119,False
rihanna,2019-02-04/2019-02-10,123,0,0,False
taylor swift,2019-02-04/2019-02-10,92,0,0,False
the weeknd,2019-02-04/2019-02-10,6,0,4,False
whitney houston,2019-02-04/2019-02-10,104,0,0,False
adele,2019-02-11/2019-02-17,35,0,0,False
beyonce,2019-02-11/2019-02-17,50,0,0,False
bruno mars,2019-02-11/2019-02-17,6,0,9,False
elvis presley,2019-02-11/2019-02-17,99,0,0,False
eminem,2019-02-11/2019-02-17,98,0,0,False
lady gaga,2019-02-11/2019-02-17,1,1,124,True
rihanna,2019-02-11/2019-02-17,64,0,0,False
taylor swift,2019-02-11/2019-02-17,103,0,0,False
the weeknd,2019-02-11/2019-02-17,16,0,0,False
whitney houston,2019-02-11/2019-02-17,100,0,0,False
adele,2019-02-18/2019-02-24,117,0,0,False
beyonce,2019-02-18/2019-02-24,87,0,0,False
bruno mars,2019-02-18/2019-02-24,4,0,11,False
eminem,2019-02-18/2019-02-24,90,0,0,False
lady gaga,2019-02-18/2019-02-24,1,5,120,True
rihanna,2019-02-18/2019-02-24,91,0,0,False
taylor swift,2019-02-18/2019-02-24,95,0,0,False
the weeknd,2019-02-18/2019-02-24,17,0,0,False
whitney houston,2019-02-18/2019-02-24,100,0,0,False
adele,2019-02-25/2019-03-03,106,0,0,False
beyonce,2019-02-25/2019-03-03,162,0,0,False
bruno mars,2019-02-25/2019-03-03,8,0,2,False
eminem,2019-02-25/2019-03-03,57,0,0,False
lady gaga,2019-02-25/2019-03-03,1,70,257,True
rihanna,2019-02-25/2019-03-03,92,0,0,False
taylor swift,2019-02-25/2019-03-03,41,0,0,False
the beatles,2019-02-25/2019-03-03,175,0,0,False
the weeknd,2019-02-25/2019-03-03,33,0,0,False
whitney houston,2019-02-25/2019-03-03,108,0,0,False
adele,2019-03-04/2019-03-10,120,0,0,False
beyonce,2019-03-04/2019-03-10,195,0,0,False
bruno mars,2019-03-04/2019-03-10,11,0,0,False
eminem,2019-03-04/2019-03-10,78,0,0,False
lady gaga,2019-03-04/2019-03-10,1,35,221,True
michael jackson,2019-03-04/2019-03-10,168,0,0,False
rihanna,2019-03-04/2019-03-10,132,0,0,False
taylor swift,2019-03-04/2019-03-10,46,0,0,False
the weeknd,2019-03-04/2019-03-10,34,0,0,False
whitney houston,2019-03-04/2019-03-10,112,0,0,False
adele,2019-03-11/2019-03-17,118,0,0,False
bruno mars,2019-03-11/2019-03-17,9,0,2,False
eminem,2019-03-11/2019-03-17,82,0,0,False
lady gaga,2019-03-11/2019-03-17,1,15,178,True
michael jackson,2019-03-11/2019-03-17,161,0,0,False
rihanna,2019-03-11/2019-03-17,159,0,0,False
taylor swift,2019-03-11/2019-03-17,46,0,0,False
the weeknd,2019-03-11/2019-03-17,32,0,0,False
whitney houston,2019-03-11/2019-03-17,109,0,0,False
adele,2019-03-18/2019-03-24,115,0,0,False
bruno mars,2019-03-18/2019-03-24,12,0,0,False
eminem,2019-03-18/2019-03-24,115,0,0,False
lady gaga,2019-03-18/2019-03-24,1,7,169,True
michael jackson,2019-03-18/2019-03-24,185,0,0,False
rihanna,2019-03-18/2019-03-24,160,0,0,False
taylor swift,2019-03-18/2019-03-24,51,0,0,False
the beatles,2019-03-18/2019-03-24,187,0,0,False
the weeknd,2019-03-18/2019-03-24,4,0,2,False
whitney houston,2019-03-18/2019-03-24,113,0,0,False
adele,2019-03-25/2019-03-31,138,0,0,False
beyonce,2019-03-25/2019-03-31,166,0,0,False
bruno mars,2019-03-25/2019-03-31,14,0,0,False
eminem,2019-03-25/2019-03-31,115,0,0,False
lady gaga,2019-03-25/2019-03-31,1,6,126,True
rihanna,2019-03-25/2019-03-31,161,0,0,False
taylor swift,2019-03-25/2019-03-31,56,0,0,False
the weeknd,2019-03-25/2019-03-31,9,0,3,False
whitney houston,2019-03-25/2019-03-31,114,0,0,False
adele,2019-04-01/2019-04-07,140,0,0,False
bruno mars,2019-04-01/2019-04-07,28,0,0,False
eminem,2019-04-01/2019-04-07,127,0,0,False
lady gaga,2019-04-01/2019-04-07,3,0,80,False
rihanna,2019-04-01/2019-04-07,151,0,0,False
taylor swift,2019-04-01/2019-04-07,60,0,0,False
the weeknd,2019-04-01/2019-04-07,22,0,0,False
whitney houston,2019-04-01/2019-04-07,133,0,0,False
adele,2019-04-08/2019-04-14,146,0,0,False
bruno mars,2019-04-08/2019-04-14,32,0,0,False
eminem,2019-04-08/2019-04-14,129,0,0,False
lady gaga,2019-04-08/2019-04-14,3,0,62,False
rihanna,2019-04-08/2019-04-14,142,0,0,False
taylor swift,2019-04-08/2019-04-14,69,0,0,False
the weeknd,2019-04-08/2019-04-14,30,0,0,False
whitney houston,2019-04-08/2019-04-14,133,0,0,False
adele,2019-04-15/2019-04-21,145,0,0,False
beyonce,2019-04-15/2019-04-21,30,0,0,False
bruno mars,2019-04-15/2019-04-21,33,0,0,False
eminem,2019-04-15/2019-04-21,132,0,0,False
lady gaga,2019-04-15/2019-04-21,4,0,50,False
rihanna,2019-04-15/2019-04-21,150,0,0,False
taylor swift,2019-04-15/2019-04-21,79,0,0,False
the beatles,2019-04-15/2019-04-21,122,0,0,False
the weeknd,2019-04-15/2019-04-21,2,0,13,False
whitney houston,2019-04-15/2019-04-21,105,0,0,False
adele,2019-04-22/2019-04-28,144,0,0,False
beyonce,2019-04-22/2019-04-28,5,0,4,False
bruno mars,2019-04-22/2019-04-28,35,0,0,False
eminem,2019-04-22/2019-04-28,138,0,0,False
lady gaga,2019-04-22/2019-04-28,4,0,41,False
rihanna,2019-04-22/2019-04-28,141,0,0,False
taylor swift,2019-04-22/2019-04-28,1,23,95,True
the beatles,2019-04-22/2019-04-28,139,0,0,False
the weeknd,2019-04-22/2019-04-28,3,0,14,False
whitney houston,2019-04-22/2019-04-28,128,0,0,False
adele,2019-04-29/2019-05-05,139,0,0,False
beyonce,2019-04-29/2019-05-05,31,0,0,False
bruno mars,2019-04-29/2019-05-05,43,0,0,False
eminem,2019-04-29/2019-05-05,1,13,68,True
lady gaga,2019-04-29/2019-05-05,3,0,29,False
rihanna,2019-04-29/2019-05-05,149,0,0,False
taylor swift,2019-04-29/2019-05-05,1,14,192,True
the beatles,2019-04-29/2019-05-05,117,0,0,False
the weeknd,2019-04-29/2019-05-05,6,0,6,False
whitney houston,2019-04-29/2019-05-05,123,0,0,False
adele,2019-05-06/2019-05-12,139,0,0,False
beyonce,2019-05-06/2019-05-12,78,0,0,False
bruno mars,2019-05-06/2019-05-12,45,0,0,False
eminem,2019-05-06/2019-05-12,1,5,138,True
lady gaga,2019-05-06/2019-05-12,4,0,25,False
rihanna,2019-05-06/2019-05-12,151,0,0,False
taylor swift,2019-05-06/2019-05-12,1,1,160,True
the beatles,2019-05-06/2019-05-12,113,0,0,False
the weeknd,2019-05-06/2019-05-12,6,0,7,False
whitney houston,2019-05-06/2019-05-12,126,0,0,False
adele,2019-05-13/2019-05-19,138,0,0,False
beyonce,2019-05-13/2019-05-19,71,0,0,False
bruno mars,2019-05-13/2019-05-19,46,0,0,False
eminem,2019-05-13/2019-05-19,4,0,73,False
lady gaga,2019-05-13/2019-05-19,6,0,18,False
rihanna,2019-05-13/2019-05-19,164,0,0,False
taylor swift,2019-05-13/2019-05-19,2,0,92,False
the beatles,2019-05-13/2019-05-19,120,0,0,False
the weeknd,2019-05-13/2019-05-19,8,0,4,False
whitney houston,2019-05-13/2019-05-19,140,0,0,False
adele,2019-05-20/2019-05-26,150,0,0,False
beyonce,2019-05-20/2019-05-26,128,0,0,False
bruno mars,2019-05-20/2019-05-26,49,0,0,False
eminem,2019-05-20/2019-05-26,6,0,9,False
lady gaga,2019-05-20/2019-05-26,2,0,9,False
rihanna,2019-05-20/2019-05-26,143,0,0,False
taylor swift,2019-05-20/2019-05-26,4,0,50,False
the beatles,2019-05-20/2019-05-26,130,0,0,False
the weeknd,2019-05-20/2019-05-26,29,0,0,False
whitney houston,2019-05-20/2019-05-26,122,0,0,False
adele,2019-05-27/2019-06-02,168,0,0,False
bruno mars,2019-05-27/2019-06-02,50,0,0,False
eminem,2019-05-27/2019-06-02,15,0,0,False
lady gaga,2019-05-27/2019-06-02,6,0,7,False
rihanna,2019-05-27/2019-06-02,129,0,0,False
taylor swift,2019-05-27/2019-06-02,4,0,46,False
the beatles,2019-05-27/2019-06-02,139,0,0,False
the weeknd,2019-05-27/2019-06-02,42,0,0,False
whitney houston,2019-05-27/2019-06-02,141,0,0,False
adele,2019-06-03/2019-06-09,169,0,0,False
bruno mars,2019-06-03/2019-06-09,100,0,0,False
eminem,2019-06-03/2019-06-09,28,0,0,False
lady gaga,2019-06-03/2019-06-09,6,0,7,False
rihanna,2019-06-03/2019-06-09,137,0,0,False
taylor swift,2019-06-03/2019-06-09,5,0,35,False
the beatles,2019-06-03/2019-06-09,143,0,0,False
the weeknd,2019-06-03/2019-06-09,48,0,0,False
whitney houston,2019-06-03/2019-06-09,148,0,0,False
adele,2019-06-10/2019-06-16,155,0,0,False
bruno mars,2019-06-10/2019-06-16,102,0,0,False
eminem,2019-06-10/2019-06-16,35,0,0,False
lady gaga,2019-06-10/2019-06-16,6,0,7,False
rihanna,2019-06-10/2019-06-16,132,0,0,False
taylor swift,2019-06-10/2019-06-16,1,6,92,True
the beatles,2019-06-10/2019-06-16,153,0,0,False
the weeknd,2019-06-10/2019-06-16,122,0,0,False
whitney houston,2019-06-10/2019-06-16,136,0,0,False
adele,2019-06-17/2019-06-23,166,0,0,False
bruno mars,2019-06-17/2019-06-23,112,0,0,False
eminem,2019-06-17/2019-06-23,45,0,0,False
lady gaga,2019-06-17/2019-06-23,7,0,6,False
rihanna,2019-06-17/2019-06-23,132,0,0,False
taylor swift,2019-06-17/2019-06-23,1,11,161,True
the beatles,2019-06-17/2019-06-23,155,0,0,False
the weeknd,2019-06-17/2019-06-23,122,0,0,False
whitney houston,2019-06-17/2019-06-23,143,0,0,False
adele,2019-06-24/2019-06-30,186,0,0,False
bruno mars,2019-06-24/2019-06-30,119,0,0,False
eminem,2019-06-24/2019-06-30,58,0,0,False
lady gaga,2019-06-24/2019-06-30,11,0,0,False
rihanna,2019-06-24/2019-06-30,122,0,0,False
taylor swift,2019-06-24/2019-06-30,2,0,115,False
the beatles,2019-06-24/2019-06-30,119,0,0,False
the weeknd,2019-06-24/2019-06-30,137,0,0,False
whitney houston,2019-06-24/2019-06-30,2,0,5,False
adele,2019-07-01/2019-07-07,200,0,0,False
bruno mars,2019-07-01/2019-07-07,33,0,0,False
eminem,2019-07-01/2019-07-07,52,0,0,False
lady gaga,2019-07-01/2019-07-07,13,0,0,False
rihanna,2019-07-01/2019-07-07,133,0,0,False
taylor swift,2019-07-01/2019-07-07,5,0,50,False
the beatles,2019-07-01/2019-07-07,126,0,0,False
the weeknd,2019-07-01/2019-07-07,148,0,0,False
whitney houston,2019-07-01/2019-07-07,2,0,11,False
adele,2019-07-08/2019-07-14,175,0,0,False
beyonce,2019-07-08/2019-07-14,43,0,0,False
bruno mars,2019-07-08/2019-07-14,16,0,0,False
eminem,2019-07-08/2019-07-14,4,0,29,False
lady gaga,2019-07-08/2019-07-14,16,0,0,False
rihanna,2019-07-08/2019-07-14,115,0,0,False
taylor swift,2019-07-08/2019-07-14,6,0,15,False
the beatles,2019-07-08/2019-07-14,132,0,0,False
the weeknd,2019-07-08/2019-07-14,178,0,0,False
whitney houston,2019-07-08/2019-07-14,3,0,7,False
adele,2019-07-15/2019-07-21,193,0,0,False
beyonce,2019-07-15/2019-07-21,5,0,4,False
bruno mars,2019-07-15/2019-07-21,33,0,0,False
eminem,2019-07-15/2019-07-21,6,0,28,False
lady gaga,2019-07-15/2019-07-21,15,0,0,False
rihanna,2019-07-15/2019-07-21,141,0,0,False
taylor swift,2019-07-15/2019-07-21,10,0,2,False
the beatles,2019-07-15/2019-07-21,153,0,0,False
the weeknd,2019-07-15/2019-07-21,184,0,0,False
whitney houston,2019-07-15/2019-07-21,5,0,7,False
adele,2019-07-22/2019-07-28,192,0,0,False
beyonce,2019-07-22/2019-07-28,6,0,3,False
bruno mars,2019-07-22/2019-07-28,56,0,0,False
eminem,2019-07-22/2019-07-28,8,0,2,False
lady gaga,2019-07-22/2019-07-28,17,0,0,False
rihanna,2019-07-22/2019-07-28,146,0,0,False
taylor swift,2019-07-22/2019-07-28,2,0,15,False
the beatles,2019-07-22/2019-07-28,113,0,0,False
the weeknd,2019-07-22/2019-07-28,185,0,0,False
whitney houston,2019-07-22/2019-07-28,5,0,7,False
beyonce,2019-07-29/2019-08-04,11,0,0,False
bruno mars,2019-07-29/2019-08-04,126,0,0,False
eminem,2019-07-29/2019-08-04,24,0,0,False
lady gaga,2019-07-29/2019-08-04,17,0,0,False
rihanna,2019-07-29/2019-08-04,140,0,0,False
taylor swift,2019-07-29/2019-08-04,8,0,6,False
the beatles,2019-07-29/2019-08-04,151,0,0,False
the weeknd,2019-07-29/2019-08-04,181,0,0,False
whitney houston,2019-07-29/2019-08-04,7,0,7,False
adele,2019-08-05/2019-08-11,182,0,0,False
beyonce,2019-08-05/2019-08-11,24,0,0,False
bruno mars,2019-08-05/2019-08-11,57,0,0,False
eminem,2019-08-05/2019-08-11,19,0,0,False
lady gaga,2019-08-05/2019-08-11,17,0,0,False
rihanna,2019-08-05/2019-08-11,159,0,0,False
taylor swift,2019-08-05/2019-08-11,17,0,0,False
the beatles,2019-08-05/2019-08-11,166,0,0,False
the weeknd,2019-08-05/2019-08-11,175,0,0,False
whitney houston,2019-08-05/2019-08-11,7,0,7,False
beyonce,2019-08-12/2019-08-18,23,0,0,False
bruno mars,2019-08-12/2019-08-18,76,0,0,False
eminem,2019-08-12/2019-08-18,32,0,0,False
lady gaga,2019-08-12/2019-08-18,16,0,0,False
rihanna,2019-08-12/2019-08-18,170,0,0,False
taylor swift,2019-08-12/2019-08-18,1,1,19,True
the beatles,2019-08-12/2019-08-18,150,0,0,False
the weeknd,2019-08-12/2019-08-18,183,0,0,False
whitney houston,2019-08-12/2019-08-18,5,0,16,False
adele,2019-08-19/2019-08-25,189,0,0,False
beyonce,2019-08-19/2019-08-25,54,0,0,False
bruno mars,2019-08-19/2019-08-25,121,0,0,False
eminem,2019-08-19/2019-08-25,38,0,0,False
lady gaga,2019-08-19/2019-08-25,17,0,0,False
michael jackson,2019-08-19/2019-08-25,138,0,0,False
rihanna,2019-08-19/2019-08-25,179,0,0,False
taylor swift,2019-08-19/2019-08-25,1,7,139,True
the beatles,2019-08-19/2019-08-25,116,0,0,False
the weeknd,2019-08-19/2019-08-25,200,0,0,False
whitney houston,2019-08-19/2019-08-25,5,0,19,False
adele,2019-08-26/2019-09-01,196,0,0,False
beyonce,2019-08-26/2019-09-01,56,0,0,False
bruno mars,2019-08-26/2019-09-01,140,0,0,False
eminem,2019-08-26/2019-09-01,52,0,0,False
lady gaga,2019-08-26/2019-09-01,18,0,0,False
rihanna,2019-08-26/2019-09-01,180,0,0,False
taylor swift,2019-08-26/2019-09-01,1,7,152,True
the beatles,2019-08-26/2019-09-01,144,0,0,False
the weeknd,2019-08-26/2019-09-01,187,0,0,False
whitney houston,2019-08-26/2019-09-01,4,0,20,False
beyonce,2019-09-02/2019-09-08,71,0,0,False
bruno mars,2019-09-02/2019-09-08,137,0,0,False
eminem,2019-09-02/2019-09-08,53,0,0,False
lady gaga,2019-09-02/2019-09-08,19,0,0,False
rihanna,2019-09-02/2019-09-08,173,0,0,False
taylor swift,2019-09-02/2019-09-08,2,0,70,False
the beatles,2019-09-02/2019-09-08,168,0,0,False
the weeknd,2019-09-02/2019-09-08,178,0,0,False
whitney houston,2019-09-02/2019-09-08,7,0,10,False
adele,2019-09-09/2019-09-15,92,0,0,False
beyonce,2019-09-09/2019-09-15,78,0,0,False
bruno mars,2019-09-09/2019-09-15,140,0,0,False
eminem,2019-09-09/2019-09-15,72,0,0,False
lady gaga,2019-09-09/2019-09-15,18,0,0,False
rihanna,2019-09-09/2019-09-15,166,0,0,False
taylor swift,2019-09-09/2019-09-15,4,0,35,False
the weeknd,2019-09-09/2019-09-15,198,0,0,False
whitney houston,2019-09-09/2019-09-15,9,0,9,False
adele,2019-09-16/2019-09-22,148,0,0,False
beyonce,2019-09-16/2019-09-22,74,0,0,False
bruno mars,2019-09-16/2019-09-22,157,0,0,False
eminem,2019-09-16/2019-09-22,71,0,0,False
lady gaga,2019-09-16/2019-09-22,18,0,0,False
rihanna,2019-09-16/2019-09-22,166,0,0,False
taylor swift,2019-09-16/2019-09-22,7,0,13,False
the weeknd,2019-09-16/2019-09-22,189,0,0,False
whitney houston,2019-09-16/2019-09-22,7,0,12,False
adele,2019-09-23/2019-09-29,195,0,0,False
beyonce,2019-09-23/2019-09-29,82,0,0,False
bruno mars,2019-09-23/2019-09-29,147,0,0,False
eminem,2019-09-23/2019-09-29,79,0,0,False
lady gaga,2019-09-23/2019-09-29,19,0,0,False
rihanna,2019-09-23/2019-09-29,170,0,0,False
taylor swift,2019-09-23/2019-09-29,9,0,4,False
the beatles,2019-09-23/2019-09-29,170,0,0,False
the weeknd,2019-09-23/2019-09-29,180,0,0,False
whitney houston,2019-09-23/2019-09-29,10,0,1,False
adele,2019-09-30/2019-10-06,191,0,0,False
beyonce,2019-09-30/2019-10-06,115,0,0,False
bruno mars,2019-09-30/2019-10-06,129,0,0,False
eminem,2019-09-30/2019-10-06,85,0,0,False
lady gaga,2019-09-30/2019-10-06,16,0,0,False
rihanna,2019-09-30/2019-10-06,151,0,0,False
taylor swift,2019-09-30/2019-10-06,12,0,0,False
the beatles,2019-09-30/2019-10-06,171,0,0,False
the weeknd,2019-09-30/2019-10-06,195,0,0,False
whitney houston,2019-09-30/2019-10-06,7,0,1,False
adele,2019-10-07/2019-10-13,198,0,0,False
beyonce,2019-10-07/2019-10-13,120,0,0,False
bruno mars,2019-10-07/2019-10-13,133,0,0,False
eminem,2019-10-07/2019-10-13,92,0,0,False
lady gaga,2019-10-07/2019-10-13,16,0,0,False
rihanna,2019-10-07/2019-10-13,167,0,0,False
taylor swift,2019-10-07/2019-10-13,11,0,0,False
the beatles,2019-10-07/2019-10-13,187,0,0,False
whitney houston,2019-10-07/2019-10-13,4,0,5,False
beyonce,2019-10-14/2019-10-20,130,0,0,False
bruno mars,2019-10-14/2019-10-20,127,0,0,False
eminem,2019-10-14/2019-10-20,98,0,0,False
lady gaga,2019-10-14/2019-10-20,14,0,0,False
rihanna,2019-10-14/2019-10-20,151,0,0,False
taylor swift,2019-10-14/2019-10-20,19,0,0,False
the beatles,2019-10-14/2019-10-20,194,0,0,False
the weeknd,2019-10-14/2019-10-20,198,0,0,False
whitney houston,2019-10-14/2019-10-20,4,0,4,False
beyonce,2019-10-21/2019-10-27,142,0,0,False
bruno mars,2019-10-21/2019-10-27,133,0,0,False
eminem,2019-10-21/2019-10-27,86,0,0,False
lady gaga,2019-10-21/2019-10-27,16,0,0,False
michael jackson,2019-10-21/2019-10-27,96,0,0,False
rihanna,2019-10-21/2019-10-27,154,0,0,False
taylor swift,2019-10-21/2019-10-27,25,0,0,False
whitney houston,2019-10-21/2019-10-27,14,0,0,False
adele,2019-10-28/2019-11-03,198,0,0,False
beyonce,2019-10-28/2019-11-03,163,0,0,False
bruno mars,2019-10-28/2019-11-03,140,0,0,False
eminem,2019-10-28/2019-11-03,102,0,0,False
lady gaga,2019-10-28/2019-11-03,15,0,0,False
michael jackson,2019-10-28/2019-11-03,15,0,0,False
rihanna,2019-10-28/2019-11-03,52,0,0,False
taylor swift,2019-10-28/2019-11-03,28,0,0,False
the rolling stones,2019-10-28/2019-11-03,160,0,0,False
the weeknd,2019-10-28/2019-11-03,156,0,0,False
whitney houston,2019-10-28/2019-11-03,18,0,0,False
beyonce,2019-11-04/2019-11-10,187,0,0,False
bruno mars,2019-11-04/2019-11-10,124,0,0,False
eminem,2019-11-04/2019-11-10,106,0,0,False
lady gaga,2019-11-04/2019-11-10,18,0,0,False
rihanna,2019-11-04/2019-11-10,153,0,0,False
taylor swift,2019-11-04/2019-11-10,27,0,0,False
whitney houston,2019-11-04/2019-11-10,20,0,0,False
beyonce,2019-11-11/2019-11-17,163,0,0,False
bruno mars,2019-11-11/2019-11-17,125,0,0,False
elvis presley,2019-11-11/2019-11-17,171,0,0,False
eminem,2019-11-11/2019-11-17,112,0,0,False
lady gaga,2019-11-11/2019-11-17,18,0,0,False
rihanna,2019-11-11/2019-11-17,146,0,0,False
taylor swift,2019-11-11/2019-11-17,6,0,6,False
the weeknd,2019-11-11/2019-11-17,186,0,0,False
whitney houston,2019-11-11/2019-11-17,23,0,0,False
beyonce,2019-11-18/2019-11-24,182,0,0,False
bruno mars,2019-11-18/2019-11-24,116,0,0,False
elvis presley,2019-11-18/2019-11-24,97,0,0,False
eminem,2019-11-18/2019-11-24,111,0,0,False
lady gaga,2019-11-18/2019-11-24,22,0,0,False
rihanna,2019-11-18/2019-11-24,145,0,0,False
taylor swift,2019-11-18/2019-11-24,15,0,0,False
the beatles,2019-11-18/2019-11-24,198,0,0,False
the weeknd,2019-11-18/2019-11-24,170,0,0,False
whitney houston,2019-11-18/2019-11-24,30,0,0,False
bruno mars,2019-11-25/2019-12-01,127,0,0,False
elvis presley,2019-11-25/2019-12-01,38,0,0,False
eminem,2019-11-25/2019-12-01,83,0,0,False
lady gaga,2019-11-25/2019-12-01,29,0,0,False
rihanna,2019-11-25/2019-12-01,155,0,0,False
taylor swift,2019-11-25/2019-12-01,19,0,0,False
the weeknd,2019-11-25/2019-12-01,1,27,164,True
whitney houston,2019-11-25/2019-12-01,31,0,0,False
bruno mars,2019-12-02/2019-12-08,137,0,0,False
elvis presley,2019-12-02/2019-12-08,43,0,0,False
eminem,2019-12-02/2019-12-08,101,0,0,False
lady gaga,2019-12-02/2019-12-08,18,0,0,False
rihanna,2019-12-02/2019-12-08,159,0,0,False
taylor swift,2019-12-02/2019-12-08,23,0,0,False
the weeknd,2019-12-02/2019-12-08,1,15,191,True
whitney houston,2019-12-02/2019-12-08,41,0,0,False
beyonce,2019-12-09/2019-12-15,128,0,0,False
bruno mars,2019-12-09/2019-12-15,143,0,0,False
elvis presley,2019-12-09/2019-12-15,40,0,0,False
eminem,2019-12-09/2019-12-15,153,0,0,False
lady gaga,2019-12-09/2019-12-15,24,0,0,False
rihanna,2019-12-09/2019-12-15,181,0,0,False
taylor swift,2019-12-09/2019-12-15,36,0,0,False
the weeknd,2019-12-09/2019-12-15,1,4,115,True
whitney houston,2019-12-09/2019-12-15,47,0,0,False
bruno mars,2019-12-16/2019-12-22,154,0,0,False
elvis presley,2019-12-16/2019-12-22,32,0,0,False
eminem,2019-12-16/2019-12-22,171,0,0,False
lady gaga,2019-12-16/2019-12-22,36,0,0,False
rihanna,2019-12-16/2019-12-22,190,0,0,False
taylor swift,2019-12-16/2019-12-22,34,0,0,False
the weeknd,2019-12-16/2019-12-22,2,0,115,False
whitney houston,2019-12-16/2019-12-22,51,0,0,False
beyonce,2019-12-23/2019-12-29,132,0,0,False
bruno mars,2019-12-23/2019-12-29,148,0,0,False
elvis presley,2019-12-23/2019-12-29,17,0,0,False
eminem,2019-12-23/2019-12-29,171,0,0,False
lady gaga,2019-12-23/2019-12-29,26,0,0,False
michael jackson,2019-12-23/2019-12-29,72,0,0,False
rihanna,2019-12-23/2019-12-29,195,0,0,False
taylor swift,2019-12-23/2019-12-29,37,0,0,False
the weeknd,2019-12-23/2019-12-29,1,4,86,True
whitney houston,2019-12-23/2019-12-29,45,0,0,False
adele,2019-12-30/2020-01-05,183,0,0,False
beyonce,2019-12-30/2020-01-05,191,0,0,False
bruno mars,2019-12-30/2020-01-05,54,0,0,False
elvis presley,2019-12-30/2020-01-05,110,0,0,False
eminem,2019-12-30/2020-01-05,151,0,0,False
lady gaga,2019-12-30/2020-01-05,19,0,0,False
michael jackson,2019-12-30/2020-01-05,61,0,0,False
rihanna,2019-12-30/2020-01-05,86,0,0,False
taylor swift,2019-12-30/2020-01-05,38,0,0,False
the weeknd,2019-12-30/2020-01-05,1,10,142,True
whitney houston,2019-12-30/2020-01-05,19,0,0,False
adele,2020-01-06/2020-01-12,185,0,0,False
bruno mars,2020-01-06/2020-01-12,142,0,0,False
eminem,2020-01-06/2020-01-12,85,0,0,False
lady gaga,2020-01-06/2020-01-12,25,0,0,False
rihanna,2020-01-06/2020-01-12,182,0,0,False
taylor swift,2020-01-06/2020-01-12,48,0,0,False
the weeknd,2020-01-06/2020-01-12,1,26,153,True
whitney houston,2020-01-06/2020-01-12,39,0,0,False
bruno mars,2020-01-13/2020-01-19,131,0,0,False
eminem,2020-01-13/2020-01-19,1,11,172,True
lady gaga,2020-01-13/2020-01-19,31,0,0,False
rihanna,2020-01-13/2020-01-19,165,0,0,False
taylor swift,2020-01-13/2020-01-19,55,0,0,False
the weeknd,2020-01-13/2020-01-19,1,6,143,True
whitney houston,2020-01-13/2020-01-19,42,0,0,False
bruno mars,2020-01-20/2020-01-26,129,0,0,False
eminem,2020-01-20/2020-01-26,1,47,240,True
lady gaga,2020-01-20/2020-01-26,31,0,0,False
rihanna,2020-01-20/2020-01-26,161,0,0,False
taylor swift,2020-01-20/2020-01-26,59,0,0,False
the weeknd,2020-01-20/2020-01-26,1,30,201,True
whitney houston,2020-01-20/2020-01-26,48,0,0,False
bruno mars,2020-01-27/2020-02-02,120,0,0,False
eminem,2020-01-27/2020-02-02,1,31,213,True
lady gaga,2020-01-27/2020-02-02,33,0,0,False
rihanna,2020-01-27/2020-02-02,157,0,0,False
taylor swift,2020-01-27/2020-02-02,25,0,0,False
the weeknd,2020-01-27/2020-02-02,1,43,234,True
whitney houston,2020-01-27/2020-02-02,45,0,0,False
adele,2020-02-03/2020-02-09,200,0,0,False
bruno mars,2020-02-03/2020-02-09,117,0,0,False
eminem,2020-02-03/2020-02-09,2,0,182,False
lady gaga,2020-02-03/2020-02-09,29,0,0,False
rihanna,2020-02-03/2020-02-09,158,0,0,False
taylor swift,2020-02-03/2020-02-09,19,0,0,False
the weeknd,2020-02-03/2020-02-09,1,50,244,True
whitney houston,2020-02-03/2020-02-09,44,0,0,False
adele,2020-02-10/2020-02-16,113,0,0,False
beyonce,2020-02-10/2020-02-16,144,0,0,False
bruno mars,2020-02-10/2020-02-16,117,0,0,False
eminem,2020-02-10/2020-02-16,2,0,137,False
lady gaga,2020-02-10/2020-02-16,28,0,0,False
rihanna,2020-02-10/2020-02-16,152,0,0,False
taylor swift,2020-02-10/2020-02-16,22,0,0,False
the weeknd,2020-02-10/2020-02-16,1,58,245,True
whitney houston,2020-02-10/2020-02-16,43,0,0,False
adele,2020-02-17/2020-02-23,191,0,0,False
bruno mars,2020-02-17/2020-02-23,120,0,0,False
eminem,2020-02-17/2020-02-23,2,0,76,False
lady gaga,2020-02-17/2020-02-23,25,0,0,False
rihanna,2020-02-17/2020-02-23,153,0,0,False
taylor swift,2020-02-17/2020-02-23,35,0,0,False
the weeknd,2020-02-17/2020-02-23,1,83,328,True
whitney houston,2020-02-17/2020-02-23,50,0,0,False
bruno mars,2020-02-24/2020-03-01,134,0,0,False
eminem,2020-02-24/2020-03-01,3,0,69,False
lady gaga,2020-02-24/2020-03-01,2,0,16,False
rihanna,2020-02-24/2020-03-01,182,0,0,False
taylor swift,2020-02-24/2020-03-01,62,0,0,False
the weeknd,2020-02-24/2020-03-01,1,93,320,True
whitney houston,2020-02-24/2020-03-01,52,0,0,False
bruno mars,2020-03-02/2020-03-08,124,0,0,False
eminem,2020-03-02/2020-03-08,4,0,70,False
lady gaga,2020-03-02/2020-03-08,4,0,16,False
rihanna,2020-03-02/2020-03-08,169,0,0,False
taylor swift,2020-03-02/2020-03-08,59,0,0,False
the weeknd,2020-03-02/2020-03-08,1,78,257,True
whitney houston,2020-03-02/2020-03-08,55,0,0,False
bruno mars,2020-03-09/2020-03-15,120,0,0,False
eminem,2020-03-09/2020-03-15,2,0,93,False
lady gaga,2020-03-09/2020-03-15,15,0,0,False
rihanna,2020-03-09/2020-03-15,172,0,0,False
taylor swift,2020-03-09/2020-03-15,73,0,0,False
the weeknd,2020-03-09/2020-03-15,1,66,244,True
whitney houston,2020-03-09/2020-03-15,57,0,0,False
bruno mars,2020-03-16/2020-03-22,126,0,0,False
eminem,2020-03-16/2020-03-22,2,0,80,False
lady gaga,2020-03-16/2020-03-22,22,0,0,False
rihanna,2020-03-16/2020-03-22,187,0,0,False
taylor swift,2020-03-16/2020-03-22,73,0,0,False
the beatles,2020-03-16/2020-03-22,189,0,0,False
the weeknd,2020-03-16/2020-03-22,1,131,497,True
whitney houston,2020-03-16/2020-03-22,49,0,0,False
bruno mars,2020-03-23/2020-03-29,126,0,0,False
eminem,2020-03-23/2020-03-29,5,0,56,False
lady gaga,2020-03-23/2020-03-29,28,0,0,False
rihanna,2020-03-23/2020-03-29,3,0,9,False
taylor swift,2020-03-23/2020-03-29,93,0,0,False
the weeknd,2020-03-23/2020-03-29,1,147,466,True
whitney houston,2020-03-23/2020-03-29,39,0,0,False
beyonce,2020-03-30/2020-04-05,151,0,0,False
bruno mars,2020-03-30/2020-04-05,117,0,0,False
eminem,2020-03-30/2020-04-05,6,0,34,False
lady gaga,2020-03-30/2020-04-05,32,0,0,False
rihanna,2020-03-30/2020-04-05,10,0,2,False
taylor swift,2020-03-30/2020-04-05,102,0,0,False
the beatles,2020-03-30/2020-04-05,179,0,0,False
the weeknd,2020-03-30/2020-04-05,1,109,339,True
whitney houston,2020-03-30/2020-04-05,41,0,0,False
beyonce,2020-04-06/2020-04-12,164,0,0,False
bruno mars,2020-04-06/2020-04-12,123,0,0,False
eminem,2020-04-06/2020-04-12,8,0,15,False
lady gaga,2020-04-06/2020-04-12,36,0,0,False
rihanna,2020-04-06/2020-04-12,12,0,0,False
taylor swift,2020-04-06/2020-04-12,99,0,0,False
the beatles,2020-04-06/2020-04-12,128,0,0,False
the weeknd,2020-04-06/2020-04-12,1,52,318,True
whitney houston,2020-04-06/2020-04-12,43,0,0,False
bruno mars,2020-04-13/2020-04-19,120,0,0,False
eminem,2020-04-13/2020-04-19,8,0,13,False
lady gaga,2020-04-13/2020-04-19,43,0,0,False
rihanna,2020-04-13/2020-04-19,17,0,0,False
taylor swift,2020-04-13/2020-04-19,101,0,0,False
the beatles,2020-04-13/2020-04-19,143,0,0,False
the weeknd,2020-04-13/2020-04-19,1,48,329,True
whitney houston,2020-04-13/2020-04-19,48,0,0,False
bruno mars,2020-04-20/2020-04-26,109,0,0,False
eminem,2020-04-20/2020-04-26,9,0,3,False
lady gaga,2020-04-20/2020-04-26,46,0,0,False
rihanna,2020-04-20/2020-04-26,18,0,0,False
taylor swift,2020-04-20/2020-04-26,53,0,0,False
the beatles,2020-04-20/2020-04-26,137,0,0,False
the rolling stones,2020-04-20/2020-04-26,81,0,0,False
the weeknd,2020-04-20/2020-04-26,1,58,335,True
whitney houston,2020-04-20/2020-04-26,51,0,0,False
beyonce,2020-04-27/2020-05-03,2,0,9,False
bruno mars,2020-04-27/2020-05-03,94,0,0,False
eminem,2020-04-27/2020-05-03,14,0,0,False
lady gaga,2020-04-27/2020-05-03,46,0,0,False
rihanna,2020-04-27/2020-05-03,20,0,0,False
taylor swift,2020-04-27/2020-05-03,54,0,0,False
the beatles,2020-04-27/2020-05-03,147,0,0,False
the weeknd,2020-04-27/2020-05-03,1,34,334,True
whitney houston,2020-04-27/2020-05-03,55,0,0,False
adele,2020-05-04/2020-05-10,145,0,0,False
beyonce,2020-05-04/2020-05-10,6,0,13,False
bruno mars,2020-05-04/2020-05-10,98,0,0,False
eminem,2020-05-04/2020-05-10,11,0,0,False
lady gaga,2020-05-04/2020-05-10,51,0,0,False
rihanna,2020-05-04/2020-05-10,18,0,0,False
taylor swift,2020-05-04/2020-05-10,68,0,0,False
the beatles,2020-05-04/2020-05-10,115,0,0,False
the weeknd,2020-05-04/2020-05-10,1,40,317,True
whitney houston,2020-05-04/2020-05-10,61,0,0,False
adele,2020-05-11/2020-05-17,180,0,0,False
beyonce,2020-05-11/2020-05-17,8,0,5,False
bruno mars,2020-05-11/2020-05-17,110,0,0,False
eminem,2020-05-11/2020-05-17,19,0,0,False
lady gaga,2020-05-11/2020-05-17,49,0,0,False
rihanna,2020-05-11/2020-05-17,25,0,0,False
taylor swift,2020-05-11/2020-05-17,96,0,0,False
the beatles,2020-05-11/2020-05-17,163,0,0,False
the weeknd,2020-05-11/2020-05-17,1,24,296,True
whitney houston,2020-05-11/2020-05-17,63,0,0,False
adele,2020-05-18/2020-05-24,194,0,0,False
beyonce,2020-05-18/2020-05-24,10,0,3,False
bruno mars,2020-05-18/2020-05-24,108,0,0,False
eminem,2020-05-18/2020-05-24,19,0,0,False
lady gaga,2020-05-18/2020-05-24,1,13,92,True
rihanna,2020-05-18/2020-05-24,26,0,0,False
taylor swift,2020-05-18/2020-05-24,89,0,0,False
the beatles,2020-05-18/2020-05-24,127,0,0,False
the weeknd,2020-05-18/2020-05-24,1,29,308,True
whitney houston,2020-05-18/2020-05-24,63,0,0,False
beyonce,2020-05-25/2020-05-31,9,0,4,False
bruno mars,2020-05-25/2020-05-31,104,0,0,False
eminem,2020-05-25/2020-05-31,20,0,0,False
lady gaga,2020-05-25/2020-05-31,1,48,307,True
rihanna,2020-05-25/2020-05-31,30,0,0,False
taylor swift,2020-05-25/2020-05-31,51,0,0,False
the beatles,2020-05-25/2020-05-31,61,0,0,False
the weeknd,2020-05-25/2020-05-31,1,16,308,True
whitney houston,2020-05-25/2020-05-31,41,0,0,False
adele,2020-06-01/2020-06-07,190,0,0,False
beyonce,2020-06-01/2020-06-07,9,0,6,False
bruno mars,2020-06-01/2020-06-07,101,0,0,False
eminem,2020-06-01/2020-06-07,22,0,0,False
lady gaga,2020-06-01/2020-06-07,1,16,244,True
rihanna,2020-06-01/2020-06-07,31,0,0,False
taylor swift,2020-06-01/2020-06-07,31,0,0,False
the beatles,2020-06-01/2020-06-07,75,0,0,False
the weeknd,2020-06-01/2020-06-07,1,15,309,True
whitney houston,2020-06-01/2020-06-07,53,0,0,False
adele,2020-06-08/2020-06-14,182,0,0,False
beyonce,2020-06-08/2020-06-14,10,0,2,False
bruno mars,2020-06-08/2020-06-14,99,0,0,False
eminem,2020-06-08/2020-06-14,26,0,0,False
lady gaga,2020-06-08/2020-06-14,2,0,149,False
rihanna,2020-06-08/2020-06-14,32,0,0,False
taylor swift,2020-06-08/2020-06-14,26,0,0,False
the beatles,2020-06-08/2020-06-14,130,0,0,False
the weeknd,2020-06-08/2020-06-14,1,18,319,True
whitney houston,2020-06-08/2020-06-14,57,0,0,False
beyonce,2020-06-15/2020-06-21,10,0,1,False
bruno mars,2020-06-15/2020-06-21,102,0,0,False
eminem,2020-06-15/2020-06-21,27,0,0,False
lady gaga,2020-06-15/2020-06-21,2,0,110,False
rihanna,2020-06-15/2020-06-21,39,0,0,False
taylor swift,2020-06-15/2020-06-21,27,0,0,False
the beatles,2020-06-15/2020-06-21,128,0,0,False
the weeknd,2020-06-15/2020-06-21,1,16,308,True
whitney houston,2020-06-15/2020-06-21,63,0,0,False
adele,2020-06-22/2020-06-28,117,0,0,False
beyonce,2020-06-22/2020-06-28,12,0,0,False
bruno mars,2020-06-22/2020-06-28,94,0,0,False
eminem,2020-06-22/2020-06-28,29,0,0,False
lady gaga,2020-06-22/2020-06-28,2,0,79,False
michael jackson,2020-06-22/2020-06-28,176,0,0,False
rihanna,2020-06-22/2020-06-28,40,0,0,False
taylor swift,2020-06-22/2020-06-28,27,0,0,False
the beatles,2020-06-22/2020-06-28,123,0,0,False
the weeknd,2020-06-22/2020-06-28,1,13,283,True
whitney houston,2020-06-22/2020-06-28,54,0,0,False
adele,2020-06-29/2020-07-05,159,0,0,False
beyonce,2020-06-29/2020-07-05,14,0,0,False
bruno mars,2020-06-29/2020-07-05,103,0,0,False
eminem,2020-06-29/2020-07-05,35,0,0,False
lady gaga,2020-06-29/2020-07-05,3,0,72,False
michael jackson,2020-06-29/2020-07-05,198,0,0,False
rihanna,2020-06-29/2020-07-05,45,0,0,False
taylor swift,2020-06-29/2020-07-05,31,0,0,False
the beatles,2020-06-29/2020-07-05,185,0,0,False
the weeknd,2020-06-29/2020-07-05,1,13,275,True
whitney houston,2020-06-29/2020-07-05,65,0,0,False
beyonce,2020-07-06/2020-07-12,18,0,0,False
bruno mars,2020-07-06/2020-07-12,102,0,0,False
eminem,2020-07-06/2020-07-12,7,0,1,False
lady gaga,2020-07-06/2020-07-12,3,0,36,False
rihanna,2020-07-06/2020-07-12,52,0,0,False
taylor swift,2020-07-06/2020-07-12,33,0,0,False
the beatles,2020-07-06/2020-07-12,145,0,0,False
the weeknd,2020-07-06/2020-07-12,1,12,258,True
whitney houston,2020-07-06/2020-07-12,57,0,0,False
beyonce,2020-07-13/2020-07-19,24,0,0,False
bruno mars,2020-07-13/2020-07-19,98,0,0,False
eminem,2020-07-13/2020-07-19,19,0,0,False
lady gaga,2020-07-13/2020-07-19,6,0,20,False
rihanna,2020-07-13/2020-07-19,58,0,0,False
taylor swift,2020-07-13/2020-07-19,39,0,0,False
the beatles,2020-07-13/2020-07-19,150,0,0,False
the weeknd,2020-07-13/2020-07-19,1,15,213,True
whitney houston,2020-07-13/2020-07-19,63,0,0,False
beyonce,2020-07-20/2020-07-26,25,0,0,False
bruno mars,2020-07-20/2020-07-26,91,0,0,False
eminem,2020-07-20/2020-07-26,41,0,0,False
lady gaga,2020-07-20/2020-07-26,6,0,9,False
rihanna,2020-07-20/2020-07-26,60,0,0,False
taylor swift,2020-07-20/2020-07-26,1,19,220,True
the beatles,2020-07-20/2020-07-26,194,0,0,False
the weeknd,2020-07-20/2020-07-26,1,13,167,True
whitney houston,2020-07-20/2020-07-26,69,0,0,False
beyonce,2020-07-27/2020-08-02,51,0,0,False
bruno mars,2020-07-27/2020-08-02,104,0,0,False
eminem,2020-07-27/2020-08-02,49,0,0,False
lady gaga,2020-07-27/2020-08-02,9,0,9,False
rihanna,2020-07-27/2020-08-02,77,0,0,False
taylor swift,2020-07-27/2020-08-02,1,20,252,True
the beatles,2020-07-27/2020-08-02,153,0,0,False
the weeknd,2020-07-27/2020-08-02,1,11,166,True
whitney houston,2020-07-27/2020-08-02,73,0,0,False
beyonce,2020-08-03/2020-08-09,38,0,0,False
bruno mars,2020-08-03/2020-08-09,117,0,0,False
eminem,2020-08-03/2020-08-09,53,0,0,False
lady gaga,2020-08-03/2020-08-09,8,0,7,False
rihanna,2020-08-03/2020-08-09,72,0,0,False
taylor swift,2020-08-03/2020-08-09,1,4,99,True
the beatles,2020-08-03/2020-08-09,108,0,0,False
the weeknd,2020-08-03/2020-08-09,1,12,224,True
whitney houston,2020-08-03/2020-08-09,76,0,0,False
beyonce,2020-08-10/2020-08-16,45,0,0,False
bruno mars,2020-08-10/2020-08-16,113,0,0,False
eminem,2020-08-10/2020-08-16,56,0,0,False
lady gaga,2020-08-10/2020-08-16,10,0,5,False
rihanna,2020-08-10/2020-08-16,70,0,0,False
taylor swift,2020-08-10/2020-08-16,5,0,26,False
the beatles,2020-08-10/2020-08-16,168,0,0,False
the weeknd,2020-08-10/2020-08-16,1,12,227,True
whitney houston,2020-08-10/2020-08-16,75,0,0,False
beyonce,2020-08-17/2020-08-23,55,0,0,False
bruno mars,2020-08-17/2020-08-23,112,0,0,False
eminem,2020-08-17/2020-08-23,63,0,0,False
lady gaga,2020-08-17/2020-08-23,12,0,0,False
rihanna,2020-08-17/2020-08-23,81,0,0,False
taylor swift,2020-08-17/2020-08-23,8,0,4,False
the beatles,2020-08-17/2020-08-23,196,0,0,False
the weeknd,2020-08-17/2020-08-23,1,4,155,True
whitney houston,2020-08-17/2020-08-23,64,0,0,False
beyonce,2020-08-24/2020-08-30,60,0,0,False
bruno mars,2020-08-24/2020-08-30,109,0,0,False
eminem,2020-08-24/2020-08-30,68,0,0,False
lady gaga,2020-08-24/2020-08-30,16,0,0,False
michael jackson,2020-08-24/2020-08-30,107,0,0,False
rihanna,2020-08-24/2020-08-30,86,0,0,False
taylor swift,2020-08-24/2020-08-30,17,0,0,False
the beatles,2020-08-24/2020-08-30,187,0,0,False
the weeknd,2020-08-24/2020-08-30,2,0,117,False
whitney houston,2020-08-24/2020-08-30,66,0,0,False
beyonce,2020-08-31/2020-09-06,64,0,0,False
bruno mars,2020-08-31/2020-09-06,114,0,0,False
eminem,2020-08-31/2020-09-06,69,0,0,False
lady gaga,2020-08-31/2020-09-06,14,0,0,False
rihanna,2020-08-31/2020-09-06,98,0,0,False
taylor swift,2020-08-31/2020-09-06,21,0,0,False
the weeknd,2020-08-31/2020-09-06,2,0,119,False
whitney houston,2020-08-31/2020-09-06,72,0,0,False
beyonce,2020-09-07/2020-09-13,79,0,0,False
bruno mars,2020-09-07/2020-09-13,114,0,0,False
eminem,2020-09-07/2020-09-13,61,0,0,False
lady gaga,2020-09-07/2020-09-13,15,0,0,False
rihanna,2020-09-07/2020-09-13,90,0,0,False
taylor swift,2020-09-07/2020-09-13,22,0,0,False
the beatles,2020-09-07/2020-09-13,184,0,0,False
the weeknd,2020-09-07/2020-09-13,4,0,93,False
whitney houston,2020-09-07/2020-09-13,71,0,0,False
beyonce,2020-09-14/2020-09-20,91,0,0,False
bruno mars,2020-09-14/2020-09-20,110,0,0,False
eminem,2020-09-14/2020-09-20,74,0,0,False
lady gaga,2020-09-14/2020-09-20,18,0,0,False
rihanna,2020-09-14/2020-09-20,103,0,0,False
taylor swift,2020-09-14/2020-09-20,34,0,0,False
the weeknd,2020-09-14/2020-09-20,5,0,70,False
whitney houston,2020-09-14/2020-09-20,78,0,0,False
adele,2020-09-21/2020-09-27,169,0,0,False
beyonce,2020-09-21/2020-09-27,107,0,0,False
bruno mars,2020-09-21/2020-09-27,99,0,0,False
eminem,2020-09-21/2020-09-27,78,0,0,False
lady gaga,2020-09-21/2020-09-27,23,0,0,False
rihanna,2020-09-21/2020-09-27,102,0,0,False
taylor swift,2020-09-21/2020-09-27,35,0,0,False
the weeknd,2020-09-21/2020-09-27,4,0,50,False
whitney houston,2020-09-21/2020-09-27,75,0,0,False
beyonce,2020-09-28/2020-10-04,120,0,0,False
bruno mars,2020-09-28/2020-10-04,91,0,0,False
eminem,2020-09-28/2020-10-04,79,0,0,False
lady gaga,2020-09-28/2020-10-04,26,0,0,False
rihanna,2020-09-28/2020-10-04,94,0,0,False
taylor swift,2020-09-28/2020-10-04,46,0,0,False
the weeknd,2020-09-28/2020-10-04,4,0,56,False
whitney houston,2020-09-28/2020-10-04,83,0,0,False
beyonce,2020-10-05/2020-10-11,120,0,0,False
bruno mars,2020-10-05/2020-10-11,103,0,0,False
eminem,2020-10-05/2020-10-11,82,0,0,False
lady gaga,2020-10-05/2020-10-11,29,0,0,False
rihanna,2020-10-05/2020-10-11,96,0,0,False
taylor swift,2020-10-05/2020-10-11,55,0,0,False
the beatles,2020-10-05/2020-10-11,182,0,0,False
the weeknd,2020-10-05/2020-10-11,3,0,64,False
whitney houston,2020-10-05/2020-10-11,85,0,0,False
adele,2020-10-12/2020-10-18,178,0,0,False
beyonce,2020-10-12/2020-10-18,122,0,0,False
bruno mars,2020-10-12/2020-10-18,96,0,0,False
eminem,2020-10-12/2020-10-18,82,0,0,False
lady gaga,2020-10-12/2020-10-18,30,0,0,False
rihanna,2020-10-12/2020-10-18,85,0,0,False
taylor swift,2020-10-12/2020-10-18,51,0,0,False
the weeknd,2020-10-12/2020-10-18,3,0,68,False
whitney houston,2020-10-12/2020-10-18,80,0,0,False
adele,2020-10-19/2020-10-25,143,0,0,False
beyonce,2020-10-19/2020-10-25,95,0,0,False
bruno mars,2020-10-19/2020-10-25,97,0,0,False
eminem,2020-10-19/2020-10-25,80,0,0,False
lady gaga,2020-10-19/2020-10-25,32,0,0,False
michael jackson,2020-10-19/2020-10-25,107,0,0,False
rihanna,2020-10-19/2020-10-25,95,0,0,False
taylor swift,2020-10-19/2020-10-25,61,0,0,False
the weeknd,2020-10-19/2020-10-25,4,0,41,False
whitney houston,2020-10-19/2020-10-25,82,0,0,False
adele,2020-10-26/2020-11-01,152,0,0,False
beyonce,2020-10-26/2020-11-01,133,0,0,False
bruno mars,2020-10-26/2020-11-01,115,0,0,False
eminem,2020-10-26/2020-11-01,84,0,0,False
lady gaga,2020-10-26/2020-11-01,35,0,0,False
michael jackson,2020-10-26/2020-11-01,5,0,4,False
rihanna,2020-10-26/2020-11-01,47,0,0,False
taylor swift,2020-10-26/2020-11-01,63,0,0,False
the rolling stones,2020-10-26/2020-11-01,95,0,0,False
the weeknd,2020-10-26/2020-11-01,4,0,46,False
whitney houston,2020-10-26/2020-11-01,92,0,0,False
adele,2020-11-02/2020-11-08,168,0,0,False
beyonce,2020-11-02/2020-11-08,189,0,0,False
bruno mars,2020-11-02/2020-11-08,107,0,0,False
eminem,2020-11-02/2020-11-08,92,0,0,False
lady gaga,2020-11-02/2020-11-08,39,0,0,False
michael jackson,2020-11-02/2020-11-08,193,0,0,False
rihanna,2020-11-02/2020-11-08,111,0,0,False
taylor swift,2020-11-02/2020-11-08,74,0,0,False
the weeknd,2020-11-02/2020-11-08,5,0,27,False
whitney houston,2020-11-02/2020-11-08,71,0,0,False
adele,2020-11-09/2020-11-15,173,0,0,False
beyonce,2020-11-09/2020-11-15,178,0,0,False
bruno mars,2020-11-09/2020-11-15,102,0,0,False
elvis presley,2020-11-09/2020-11-15,133,0,0,False
eminem,2020-11-09/2020-11-15,83,0,0,False
lady gaga,2020-11-09/2020-11-15,43,0,0,False
rihanna,2020-11-09/2020-11-15,104,0,0,False
taylor swift,2020-11-09/2020-11-15,74,0,0,False
the weeknd,2020-11-09/2020-11-15,6,0,25,False
whitney houston,2020-11-09/2020-11-15,76,0,0,False
adele,2020-11-16/2020-11-22,191,0,0,False
beyonce,2020-11-16/2020-11-22,85,0,0,False
bruno mars,2020-11-16/2020-11-22,95,0,0,False
elvis presley,2020-11-16/2020-11-22,69,0,0,False
eminem,2020-11-16/2020-11-22,88,0,0,False
lady gaga,2020-11-16/2020-11-22,53,0,0,False
rihanna,2020-11-16/2020-11-22,114,0,0,False
taylor swift,2020-11-16/2020-11-22,72,0,0,False
the weeknd,2020-11-16/2020-11-22,8,0,16,False
whitney houston,2020-11-16/2020-11-22,76,0,0,False
beyonce,2020-11-23/2020-11-29,142,0,0,False
bruno mars,2020-11-23/2020-11-29,102,0,0,False
elvis presley,2020-11-23/2020-11-29,51,0,0,False
eminem,2020-11-23/2020-11-29,87,0,0,False
lady gaga,2020-11-23/2020-11-29,60,0,0,False
michael jackson,2020-11-23/2020-11-29,190,0,0,False
rihanna,2020-11-23/2020-11-29,130,0,0,False
taylor swift,2020-11-23/2020-11-29,74,0,0,False
the beatles,2020-11-23/2020-11-29,76,0,0,False
the weeknd,2020-11-23/2020-11-29,3,0,25,False
whitney houston,2020-11-23/2020-11-29,84,0,0,False
beyonce,2020-11-30/2020-12-06,179,0,0,False
bruno mars,2020-11-30/2020-12-06,109,0,0,False
elvis presley,2020-11-30/2020-12-06,33,0,0,False
eminem,2020-11-30/2020-12-06,58,0,0,False
lady gaga,2020-11-30/2020-12-06,58,0,0,False
michael jackson,2020-11-30/2020-12-06,195,0,0,False
rihanna,2020-11-30/2020-12-06,148,0,0,False
taylor swift,2020-11-30/2020-12-06,75,0,0,False
the weeknd,2020-11-30/2020-12-06,1,3,84,True
whitney houston,2020-11-30/2020-12-06,100,0,0,False
beyonce,2020-12-07/2020-12-13,200,0,0,False
bruno mars,2020-12-07/2020-12-13,112,0,0,False
elvis presley,2020-12-07/2020-12-13,42,0,0,False
eminem,2020-12-07/2020-12-13,69,0,0,False
lady gaga,2020-12-07/2020-12-13,64,0,0,False
rihanna,2020-12-07/2020-12-13,161,0,0,False
taylor swift,2020-12-07/2020-12-13,1,11,98,True
the weeknd,2020-12-07/2020-12-13,5,0,50,False
whitney houston,2020-12-07/2020-12-13,91,0,0,False
bruno mars,2020-12-14/2020-12-20,127,0,0,False
elvis presley,2020-12-14/2020-12-20,25,0,0,False
eminem,2020-12-14/2020-12-20,15,0,0,False
lady gaga,2020-12-14/2020-12-20,51,0,0,False
rihanna,2020-12-14/2020-12-20,173,0,0,False
taylor swift,2020-12-14/2020-12-20,1,7,90,True
the weeknd,2020-12-14/2020-12-20,5,0,33,False
whitney houston,2020-12-14/2020-12-20,90,0,0,False
bruno mars,2020-12-21/2020-12-27,134,0,0,False
elvis presley,2020-12-21/2020-12-27,20,0,0,False
eminem,2020-12-21/2020-12-27,27,0,0,False
lady gaga,2020-12-21/2020-12-27,51,0,0,False
michael jackson,2020-12-21/2020-12-27,139,0,0,False
rihanna,2020-12-21/2020-12-27,121,0,0,False
taylor swift,2020-12-21/2020-12-27,7,0,10,False
the weeknd,2020-12-21/2020-12-27,4,0,31,False
whitney houston,2020-12-21/2020-12-27,57,0,0,False
adele,2020-12-28/2021-01-03,190,0,0,False
beyonce,2020-12-28/2021-01-03,55,0,0,False
bruno mars,2020-12-28/2021-01-03,66,0,0,False
elvis presley,2020-12-28/2021-01-03,106,0,0,False
eminem,2020-12-28/2021-01-03,40,0,0,False
lady gaga,2020-12-28/2021-01-03,23,0,0,False
michael jackson,2020-12-28/2021-01-03,79,0,0,False
rihanna,2020-12-28/2021-01-03,51,0,0,False
taylor swift,2020-12-28/2021-01-03,6,0,10,False
the beatles,2020-12-28/2021-01-03,190,0,0,False
the weeknd,2020-12-28/2021-01-03,1,10,163,True
whitney houston,2020-12-28/2021-01-03,13,0,0,False
adele,2021-01-04/2021-01-10,134,0,0,False
beyonce,2021-01-04/2021-01-10,175,0,0,False
bruno mars,2021-01-04/2021-01-10,98,0,0,False
eminem,2021-01-04/2021-01-10,40,0,0,False
lady gaga,2021-01-04/2021-01-10,46,0,0,False
michael jackson,2021-01-04/2021-01-10,157,0,0,False
rihanna,2021-01-04/2021-01-10,124,0,0,False
taylor swift,2021-01-04/2021-01-10,8,0,3,False
the weeknd,2021-01-04/2021-01-10,2,0,133,False
whitney houston,2021-01-04/2021-01-10,70,0,0,False
adele,2021-01-11/2021-01-17,142,0,0,False
beyonce,2021-01-11/2021-01-17,171,0,0,False
bruno mars,2021-01-11/2021-01-17,94,0,0,False
eminem,2021-01-11/2021-01-17,64,0,0,False
lady gaga,2021-01-11/2021-01-17,54,0,0,False
michael jackson,2021-01-11/2021-01-17,154,0,0,False
rihanna,2021-01-11/2021-01-17,134,0,0,False
taylor swift,2021-01-11/2021-01-17,12,0,0,False
the weeknd,2021-01-11/2021-01-17,2,0,127,False
whitney houston,2021-01-11/2021-01-17,83,0,0,False
adele,2021-01-18/2021-01-24,117,0,0,False
beyonce,2021-01-18/2021-01-24,171,0,0,False
bruno mars,2021-01-18/2021-01-24,87,0,0,False
eminem,2021-01-18/2021-01-24,73,0,0,False
lady gaga,2021-01-18/2021-01-24,54,0,0,False
michael jackson,2021-01-18/2021-01-24,156,0,0,False
rihanna,2021-01-18/2021-01-24,126,0,0,False
taylor swift,2021-01-18/2021-01-24,14,0,0,False
the weeknd,2021-01-18/2021-01-24,2,0,131,False
whitney houston,2021-01-18/2021-01-24,84,0,0,False
adele,2021-01-25/2021-01-31,131,0,0,False
beyonce,2021-01-25/2021-01-31,164,0,0,False
bruno mars,2021-01-25/2021-01-31,89,0,0,False
eminem,2021-01-25/2021-01-31,71,0,0,False
lady gaga,2021-01-25/2021-01-31,54,0,0,False
michael jackson,2021-01-25/2021-01-31,138,0,0,False
rihanna,2021-01-25/2021-01-31,134,0,0,False
taylor swift,2021-01-25/2021-01-31,15,0,0,False
the weeknd,2021-01-25/2021-01-31,3,0,162,False
whitney houston,2021-01-25/2021-01-31,92,0,0,False
adele,2021-02-01/2021-02-07,130,0,0,False
beyonce,2021-02-01/2021-02-07,153,0,0,False
bruno mars,2021-02-01/2021-02-07,83,0,0,False
eminem,2021-02-01/2021-02-07,75,0,0,False
lady gaga,2021-02-01/2021-02-07,52,0,0,False
michael jackson,2021-02-01/2021-02-07,144,0,0,False
rihanna,2021-02-01/2021-02-07,128,0,0,False
taylor swift,2021-02-01/2021-02-07,20,0,0,False
the weeknd,2021-02-01/2021-02-07,2,0,229,False
whitney houston,2021-02-01/2021-02-07,84,0,0,False
adele,2021-02-08/2021-02-14,43,0,0,False
beyonce,2021-02-08/2021-02-14,60,0,0,False
bruno mars,2021-02-08/2021-02-14,78,0,0,False
eminem,2021-02-08/2021-02-14,71,0,0,False
lady gaga,2021-02-08/2021-02-14,25,0,0,False
michael jackson,2021-02-08/2021-02-14,137,0,0,False
rihanna,2021-02-08/2021-02-14,137,0,0,False
taylor swift,2021-02-08/2021-02-14,1,4,30,True
the weeknd,2021-02-08/2021-02-14,1,4,418,True
whitney houston,2021-02-08/2021-02-14,86,0,0,False
adele,2021-02-15/2021-02-21,160,0,0,False
beyonce,2021-02-15/2021-02-21,144,0,0,False
bruno mars,2021-02-15/2021-02-21,81,0,0,False
eminem,2021-02-15/2021-02-21,57,0,0,False
lady gaga,2021-02-15/2021-02-21,44,0,0,False
michael jackson,2021-02-15/2021-02-21,95,0,0,False
rihanna,2021-02-15/2021-02-21,126,0,0,False
taylor swift,2021-02-15/2021-02-21,5,0,8,False
the beatles,2021-02-15/2021-02-21,182,0,0,False
the weeknd,2021-02-15/2021-02-21,1,7,383,True
whitney houston,2021-02-15/2021-02-21,75,0,0,False
adele,2021-02-22/2021-02-28,180,0,0,False
beyonce,2021-02-22/2021-02-28,156,0,0,False
bruno mars,2021-02-22/2021-02-28,71,0,0,False
eminem,2021-02-22/2021-02-28,69,0,0,False
lady gaga,2021-02-22/2021-02-28,46,0,0,False
michael jackson,2021-02-22/2021-02-28,98,0,0,False
rihanna,2021-02-22/2021-02-28,157,0,0,False
taylor swift,2021-02-22/2021-02-28,28,0,0,False
the beatles,2021-02-22/2021-02-28,137,0,0,False
the weeknd,2021-02-22/2021-02-28,1,11,338,True
whitney houston,2021-02-22/2021-02-28,73,0,0,False
adele,2021-03-01/2021-03-07,178,0,0,False
beyonce,2021-03-01/2021-03-07,154,0,0,False
bruno mars,2021-03-01/2021-03-07,1,3,38,True
eminem,2021-03-01/2021-03-07,71,0,0,False
lady gaga,2021-03-01/2021-03-07,55,0,0,False
michael jackson,2021-03-01/2021-03-07,124,0,0,False
rihanna,2021-03-01/2021-03-07,147,0,0,False
taylor swift,2021-03-01/2021-03-07,37,0,0,False
the beatles,2021-03-01/2021-03-07,161,0,0,False
the weeknd,2021-03-01/2021-03-07,1,10,280,True
whitney houston,2021-03-01/2021-03-07,74,0,0,False
adele,2021-03-08/2021-03-14,136,0,0,False
beyonce,2021-03-08/2021-03-14,180,0,0,False
bruno mars,2021-03-08/2021-03-14,1,19,118,True
eminem,2021-03-08/2021-03-14,82,0,0,False
lady gaga,2021-03-08/2021-03-14,35,0,0,False
michael jackson,2021-03-08/2021-03-14,121,0,0,False
rihanna,2021-03-08/2021-03-14,177,0,0,False
taylor swift,2021-03-08/2021-03-14,46,0,0,False
the beatles,2021-03-08/2021-03-14,113,0,0,False
the weeknd,2021-03-08/2021-03-14,1,9,229,True
whitney houston,2021-03-08/2021-03-14,81,0,0,False
adele,2021-03-15/2021-03-21,168,0,0,False
beyonce,2021-03-15/2021-03-21,148,0,0,False
bruno mars,2021-03-15/2021-03-21,1,11,116,True
eminem,2021-03-15/2021-03-21,83,0,0,False
lady gaga,2021-03-15/2021-03-21,47,0,0,False
michael jackson,2021-03-15/2021-03-21,145,0,0,False
rihanna,2021-03-15/2021-03-21,192,0,0,False
taylor swift,2021-03-15/2021-03-21,39,0,0,False
the beatles,2021-03-15/2021-03-21,188,0,0,False
the weeknd,2021-03-15/2021-03-21,1,7,219,True
whitney houston,2021-03-15/2021-03-21,109,0,0,False
adele,2021-03-22/2021-03-28,167,0,0,False
beyonce,2021-03-22/2021-03-28,147,0,0,False
bruno mars,2021-03-22/2021-03-28,1,13,103,True
eminem,2021-03-22/2021-03-28,83,0,0,False
lady gaga,2021-03-22/2021-03-28,39,0,0,False
michael jackson,2021-03-22/2021-03-28,126,0,0,False
taylor swift,2021-03-22/2021-03-28,2,0,3,False
the weeknd,2021-03-22/2021-03-28,1,3,172,True
whitney houston,2021-03-22/2021-03-28,93,0,0,False
adele,2021-03-29/2021-04-04,198,0,0,False
beyonce,2021-03-29/2021-04-04,168,0,0,False
bruno mars,2021-03-29/2021-04-04,1,19,96,True
eminem,2021-03-29/2021-04-04,96,0,0,False
lady gaga,2021-03-29/2021-04-04,33,0,0,False
michael jackson,2021-03-29/2021-04-04,125,0,0,False
rihanna,2021-03-29/2021-04-04,195,0,0,False
taylor swift,2021-03-29/2021-04-04,26,0,0,False
the beatles,2021-03-29/2021-04-04,97,0,0,False
the weeknd,2021-03-29/2021-04-04,3,0,142,False
whitney houston,2021-03-29/2021-04-04,76,0,0,False
adele,2021-04-05/2021-04-11,171,0,0,False
beyonce,2021-04-05/2021-04-11,171,0,0,False
bruno mars,2021-04-05/2021-04-11,1,14,93,True
eminem,2021-04-05/2021-04-11,88,0,0,False
lady gaga,2021-04-05/2021-04-11,27,0,0,False
michael jackson,2021-04-05/2021-04-11,132,0,0,False
taylor swift,2021-04-05/2021-04-11,1,1,38,True
the beatles,2021-04-05/2021-04-11,187,0,0,False
the weeknd,2021-04-05/2021-04-11,4,0,115,False
whitney houston,2021-04-05/2021-04-11,101,0,0,False
adele,2021-04-12/2021-04-18,155,0,0,False
beyonce,2021-04-12/2021-04-18,153,0,0,False
bruno mars,2021-04-12/2021-04-18,1,3,98,True
eminem,2021-04-12/2021-04-18,74,0,0,False
lady gaga,2021-04-12/2021-04-18,43,0,0,False
michael jackson,2021-04-12/2021-04-18,121,0,0,False
rihanna,2021-04-12/2021-04-18,195,0,0,False
taylor swift,2021-04-12/2021-04-18,6,0,7,False
the beatles,2021-04-12/2021-04-18,170,0,0,False
the weeknd,2021-04-12/2021-04-18,4,0,100,False
whitney houston,2021-04-12/2021-04-18,87,0,0,False
adele,2021-04-19/2021-04-25,176,0,0,False
beyonce,2021-04-19/2021-04-25,140,0,0,False
bruno mars,2021-04-19/2021-04-25,1,7,92,True
eminem,2021-04-19/2021-04-25,61,0,0,False
lady gaga,2021-04-19/2021-04-25,49,0,0,False
michael jackson,2021-04-19/2021-04-25,118,0,0,False
rihanna,2021-04-19/2021-04-25,135,0,0,False
taylor swift,2021-04-19/2021-04-25,20,0,0,False
the beatles,2021-04-19/2021-04-25,83,0,0,False
the weeknd,2021-04-19/2021-04-25,2,0,88,False
whitney houston,2021-04-19/2021-04-25,76,0,0,False
adele,2021-04-26/2021-05-02,199,0,0,False
beyonce,2021-04-26/2021-05-02,147,0,0,False
bruno mars,2021-04-26/2021-05-02,1,7,91,True
eminem,2021-04-26/2021-05-02,61,0,0,False
lady gaga,2021-04-26/2021-05-02,55,0,0,False
michael jackson,2021-04-26/2021-05-02,140,0,0,False
rihanna,2021-04-26/2021-05-02,184,0,0,False
taylor swift,2021-04-26/2021-05-02,26,0,0,False
the beatles,2021-04-26/2021-05-02,135,0,0,False
the weeknd,2021-04-26/2021-05-02,3,0,98,False
whitney houston,2021-04-26/2021-05-02,80,0,0,False
adele,2021-05-03/2021-05-09,153,0,0,False
beyonce,2021-05-03/2021-05-09,141,0,0,False
bruno mars,2021-05-03/2021-05-09,1,7,92,True
eminem,2021-05-03/2021-05-09,61,0,0,False
lady gaga,2021-05-03/2021-05-09,56,0,0,False
michael jackson,2021-05-03/2021-05-09,136,0,0,False
taylor swift,2021-05-03/2021-05-09,36,0,0,False
the beatles,2021-05-03/2021-05-09,108,0,0,False
the weeknd,2021-05-03/2021-05-09,6,0,54,False
whitney houston,2021-05-03/2021-05-09,96,0,0,False
adele,2021-05-10/2021-05-16,187,0,0,False
beyonce,2021-05-10/2021-05-16,150,0,0,False
bruno mars,2021-05-10/2021-05-16,1,2,86,True
eminem,2021-05-10/2021-05-16,54,0,0,False
lady gaga,2021-05-10/2021-05-16,58,0,0,False
michael jackson,2021-05-10/2021-05-16,146,0,0,False
taylor swift,2021-05-10/2021-05-16,41,0,0,False
the beatles,2021-05-10/2021-05-16,172,0,0,False
the weeknd,2021-05-10/2021-05-16,7,0,23,False
whitney houston,2021-05-10/2021-05-16,100,0,0,False
beyonce,2021-05-17/2021-05-23,146,0,0,False
bruno mars,2021-05-17/2021-05-23,2,0,62,False
eminem,2021-05-17/2021-05-23,56,0,0,False
lady gaga,2021-05-17/2021-05-23,61,0,0,False
michael jackson,2021-05-17/2021-05-23,157,0,0,False
taylor swift,2021-05-17/2021-05-23,55,0,0,False
the beatles,2021-05-17/2021-05-23,179,0,0,False
the weeknd,2021-05-17/2021-05-23,11,0,0,False
whitney houston,2021-05-17/2021-05-23,95,0,0,False
beyonce,2021-05-24/2021-05-30,174,0,0,False
bruno mars,2021-05-24/2021-05-30,4,0,43,False
eminem,2021-05-24/2021-05-30,33,0,0,False
lady gaga,2021-05-24/2021-05-30,70,0,0,False
michael jackson,2021-05-24/2021-05-30,143,0,0,False
rihanna,2021-05-24/2021-05-30,136,0,0,False
taylor swift,2021-05-24/2021-05-30,83,0,0,False
the beatles,2021-05-24/2021-05-30,69,0,0,False
the weeknd,2021-05-24/2021-05-30,8,0,4,False
whitney houston,2021-05-24/2021-05-30,76,0,0,False
beyonce,2021-05-31/2021-06-06,165,0,0,False
bruno mars,2021-05-31/2021-06-06,5,0,38,False
eminem,2021-05-31/2021-06-06,30,0,0,False
lady gaga,2021-05-31/2021-06-06,67,0,0,False
michael jackson,2021-05-31/2021-06-06,125,0,0,False
rihanna,2021-05-31/2021-06-06,100,0,0,False
taylor swift,2021-05-31/2021-06-06,91,0,0,False
the beatles,2021-05-31/2021-06-06,72,0,0,False
the weeknd,2021-05-31/2021-06-06,5,0,18,False
whitney houston,2021-05-31/2021-06-06,70,0,0,False
beyonce,2021-06-07/2021-06-13,180,0,0,False
bruno mars,2021-06-07/2021-06-13,5,0,41,False
eminem,2021-06-07/2021-06-13,47,0,0,False
lady gaga,2021-06-07/2021-06-13,66,0,0,False
michael jackson,2021-06-07/2021-06-13,155,0,0,False
taylor swift,2021-06-07/2021-06-13,102,0,0,False
the beatles,2021-06-07/2021-06-13,67,0,0,False
the weeknd,2021-06-07/2021-06-13,5,0,14,False
whitney houston,2021-06-07/2021-06-13,77,0,0,False
beyonce,2021-06-14/2021-06-20,190,0,0,False
bruno mars,2021-06-14/2021-06-20,5,0,36,False
eminem,2021-06-14/2021-06-20,73,0,0,False
lady gaga,2021-06-14/2021-06-20,52,0,0,False
michael jackson,2021-06-14/2021-06-20,165,0,0,False
taylor swift,2021-06-14/2021-06-20,51,0,0,False
the beatles,2021-06-14/2021-06-20,85,0,0,False
the weeknd,2021-06-14/2021-06-20,6,0,14,False
whitney houston,2021-06-14/2021-06-20,86,0,0,False
beyonce,2021-06-21/2021-06-27,176,0,0,False
bruno mars,2021-06-21/2021-06-27,5,0,23,False
eminem,2021-06-21/2021-06-27,68,0,0,False
lady gaga,2021-06-21/2021-06-27,66,0,0,False
michael jackson,2021-06-21/2021-06-27,137,0,0,False
taylor swift,2021-06-21/2021-06-27,100,0,0,False
the beatles,2021-06-21/2021-06-27,96,0,0,False
the weeknd,2021-06-21/2021-06-27,4,0,31,False
whitney houston,2021-06-21/2021-06-27,87,0,0,False
beyonce,2021-06-28/2021-07-04,161,0,0,False
bruno mars,2021-06-28/2021-07-04,8,0,8,False
eminem,2021-06-28/2021-07-04,73,0,0,False
lady gaga,2021-06-28/2021-07-04,68,0,0,False
michael jackson,2021-06-28/2021-07-04,132,0,0,False
taylor swift,2021-06-28/2021-07-04,24,0,0,False
the beatles,2021-06-28/2021-07-04,131,0,0,False
the weeknd,2021-06-28/2021-07-04,4,0,55,False
whitney houston,2021-06-28/2021-07-04,94,0,0,False
beyonce,2021-07-05/2021-07-11,154,0,0,False
bruno mars,2021-07-05/2021-07-11,10,0,3,False
eminem,2021-07-05/2021-07-11,88,0,0,False
lady gaga,2021-07-05/2021-07-11,70,0,0,False
michael jackson,2021-07-05/2021-07-11,131,0,0,False
taylor swift,2021-07-05/2021-07-11,52,0,0,False
the beatles,2021-07-05/2021-07-11,107,0,0,False
the weeknd,2021-07-05/2021-07-11,7,0,28,False
whitney houston,2021-07-05/2021-07-11,92,0,0,False
beyonce,2021-07-12/2021-07-18,151,0,0,False
bruno mars,2021-07-12/2021-07-18,12,0,0,False
eminem,2021-07-12/2021-07-18,96,0,0,False
lady gaga,2021-07-12/2021-07-18,78,0,0,False
michael jackson,2021-07-12/2021-07-18,165,0,0,False
rihanna,2021-07-12/2021-07-18,184,0,0,False
taylor swift,2021-07-12/2021-07-18,66,0,0,False
the beatles,2021-07-12/2021-07-18,58,0,0,False
the weeknd,2021-07-12/2021-07-18,9,0,3,False
whitney houston,2021-07-12/2021-07-18,81,0,0,False
bruno mars,2021-07-19/2021-07-25,13,0,0,False
eminem,2021-07-19/2021-07-25,94,0,0,False
lady gaga,2021-07-19/2021-07-25,75,0,0,False
michael jackson,2021-07-19/2021-07-25,136,0,0,False
taylor swift,2021-07-19/2021-07-25,111,0,0,False
the beatles,2021-07-19/2021-07-25,93,0,0,False
the weeknd,2021-07-19/2021-07-25,11,0,0,False
whitney houston,2021-07-19/2021-07-25,99,0,0,False
bruno mars,2021-07-26/2021-08-01,7,0,1,False
eminem,2021-07-26/2021-08-01,81,0,0,False
lady gaga,2021-07-26/2021-08-01,77,0,0,False
michael jackson,2021-07-26/2021-08-01,168,0,0,False
taylor swift,2021-07-26/2021-08-01,51,0,0,False
the beatles,2021-07-26/2021-08-01,139,0,0,False
the weeknd,2021-07-26/2021-08-01,13,0,0,False
whitney houston,2021-07-26/2021-08-01,115,0,0,False
bruno mars,2021-08-02/2021-08-08,12,0,0,False
eminem,2021-08-02/2021-08-08,47,0,0,False
lady gaga,2021-08-02/2021-08-08,70,0,0,False
michael jackson,2021-08-02/2021-08-08,144,0,0,False
taylor swift,2021-08-02/2021-08-08,86,0,0,False
the beatles,2021-08-02/2021-08-08,171,0,0,False
the weeknd,2021-08-02/2021-08-08,1,2,28,True
whitney houston,2021-08-02/2021-08-08,85,0,0,False
bruno mars,2021-08-09/2021-08-15,14,0,0,False
eminem,2021-08-09/2021-08-15,74,0,0,False
lady gaga,2021-08-09/2021-08-15,62,0,0,False
michael jackson,2021-08-09/2021-08-15,139,0,0,False
taylor swift,2021-08-09/2021-08-15,120,0,0,False
the beatles,2021-08-09/2021-08-15,170,0,0,False
the weeknd,2021-08-09/2021-08-15,5,0,76,False
whitney houston,2021-08-09/2021-08-15,82,0,0,False
beyonce,2021-08-16/2021-08-22,193,0,0,False
bruno mars,2021-08-16/2021-08-22,19,0,0,False
eminem,2021-08-16/2021-08-22,62,0,0,False
lady gaga,2021-08-16/2021-08-22,63,0,0,False
michael jackson,2021-08-16/2021-08-22,126,0,0,False
rihanna,2021-08-16/2021-08-22,129,0,0,False
taylor swift,2021-08-16/2021-08-22,132,0,0,False
the beatles,2021-08-16/2021-08-22,167,0,0,False
the weeknd,2021-08-16/2021-08-22,5,0,35,False
whitney houston,2021-08-16/2021-08-22,81,0,0,False
adele,2021-08-23/2021-08-29,112,0,0,False
beyonce,2021-08-23/2021-08-29,164,0,0,False
bruno mars,2021-08-23/2021-08-29,19,0,0,False
eminem,2021-08-23/2021-08-29,68,0,0,False
lady gaga,2021-08-23/2021-08-29,57,0,0,False
michael jackson,2021-08-23/2021-08-29,111,0,0,False
taylor swift,2021-08-23/2021-08-29,129,0,0,False
the beatles,2021-08-23/2021-08-29,127,0,0,False
the rolling stones,2021-08-23/2021-08-29,109,0,0,False
the weeknd,2021-08-23/2021-08-29,2,0,36,False
whitney houston,2021-08-23/2021-08-29,77,0,0,False
adele,2021-08-30/2021-09-05,111,0,0,False
bruno mars,2021-08-30/2021-09-05,19,0,0,False
eminem,2021-08-30/2021-09-05,59,0,0,False
lady gaga,2021-08-30/2021-09-05,18,0,0,False
michael jackson,2021-08-30/2021-09-05,174,0,0,False
taylor swift,2021-08-30/2021-09-05,75,0,0,False
the beatles,2021-08-30/2021-09-05,186,0,0,False
the weeknd,2021-08-30/2021-09-05,1,12,127,True
whitney houston,2021-08-30/2021-09-05,123,0,0,False
adele,2021-09-06/2021-09-12,122,0,0,False
beyonce,2021-09-06/2021-09-12,200,0,0,False
bruno mars,2021-09-06/2021-09-12,20,0,0,False
eminem,2021-09-06/2021-09-12,69,0,0,False
lady gaga,2021-09-06/2021-09-12,56,0,0,False
michael jackson,2021-09-06/2021-09-12,138,0,0,False
taylor swift,2021-09-06/2021-09-12,62,0,0,False
the weeknd,2021-09-06/2021-09-12,1,5,68,True
whitney houston,2021-09-06/2021-09-12,110,0,0,False
adele,2021-09-13/2021-09-19,121,0,0,False
beyonce,2021-09-13/2021-09-19,197,0,0,False
bruno mars,2021-09-13/2021-09-19,26,0,0,False
eminem,2021-09-13/2021-09-19,64,0,0,False
lady gaga,2021-09-13/2021-09-19,78,0,0,False
michael jackson,2021-09-13/2021-09-19,147,0,0,False
taylor swift,2021-09-13/2021-09-19,4,0,5,False
the weeknd,2021-09-13/2021-09-19,1,1,20,True
whitney houston,2021-09-13/2021-09-19,114,0,0,False
adele,2021-09-20/2021-09-26,111,0,0,False
beyonce,2021-09-20/2021-09-26,199,0,0,False
bruno mars,2021-09-20/2021-09-26,32,0,0,False
eminem,2021-09-20/2021-09-26,59,0,0,False
lady gaga,2021-09-20/2021-09-26,79,0,0,False
michael jackson,2021-09-20/2021-09-26,131,0,0,False
taylor swift,2021-09-20/2021-09-26,10,0,1,False
the weeknd,2021-09-20/2021-09-26,3,0,7,False
whitney houston,2021-09-20/2021-09-26,63,0,0,False
adele,2021-09-27/2021-10-03,86,0,0,False
beyonce,2021-09-27/2021-10-03,190,0,0,False
bruno mars,2021-09-27/2021-10-03,35,0,0,False
eminem,2021-09-27/2021-10-03,14,0,0,False
lady gaga,2021-09-27/2021-10-03,70,0,0,False
michael jackson,2021-09-27/2021-10-03,149,0,0,False
taylor swift,2021-09-27/2021-10-03,18,0,0,False
the weeknd,2021-09-27/2021-10-03,4,0,7,False
whitney houston,2021-09-27/2021-10-03,111,0,0,False
adele,2021-10-04/2021-10-10,25,0,0,False
beyonce,2021-10-04/2021-10-10,184,0,0,False
bruno mars,2021-10-04/2021-10-10,37,0,0,False
eminem,2021-10-04/2021-10-10,20,0,0,False
lady gaga,2021-10-04/2021-10-10,75,0,0,False
michael jackson,2021-10-04/2021-10-10,149,0,0,False
taylor swift,2021-10-04/2021-10-10,38,0,0,False
the beatles,2021-10-04/2021-10-10,98,0,0,False
the weeknd,2021-10-04/2021-10-10,6,0,7,False
whitney houston,2021-10-04/2021-10-10,123,0,0,False
adele,2021-10-11/2021-10-17,1,113,171,True
beyonce,2021-10-11/2021-10-17,190,0,0,False
bruno mars,2021-10-11/2021-10-17,37,0,0,False
eminem,2021-10-11/2021-10-17,13,0,0,False
lady gaga,2021-10-11/2021-10-17,75,0,0,False
michael jackson,2021-10-11/2021-10-17,151,0,0,False
taylor swift,2021-10-11/2021-10-17,49,0,0,False
the beatles,2021-10-11/2021-10-17,109,0,0,False
the weeknd,2021-10-11/2021-10-17,9,0,4,False
whitney houston,2021-10-11/2021-10-17,140,0,0,False
adele,2021-10-18/2021-10-24,1,183,342,True
beyonce,2021-10-18/2021-10-24,150,0,0,False
bruno mars,2021-10-18/2021-10-24,38,0,0,False
eminem,2021-10-18/2021-10-24,13,0,0,False
lady gaga,2021-10-18/2021-10-24,72,0,0,False
michael jackson,2021-10-18/2021-10-24,69,0,0,False
taylor swift,2021-10-18/2021-10-24,66,0,0,False
the weeknd,2021-10-18/2021-10-24,1,4,59,True
whitney houston,2021-10-18/2021-10-24,134,0,0,False
adele,2021-10-25/2021-10-31,1,126,272,True
beyonce,2021-10-25/2021-10-31,156,0,0,False
bruno mars,2021-10-25/2021-10-31,40,0,0,False
eminem,2021-10-25/2021-10-31,28,0,0,False
lady gaga,2021-10-25/2021-10-31,71,0,0,False
michael jackson,2021-10-25/2021-10-31,2,0,4,False
rihanna,2021-10-25/2021-10-31,24,0,0,False
taylor swift,2021-10-25/2021-10-31,79,0,0,False
the rolling stones,2021-10-25/2021-10-31,143,0,0,False
the weeknd,2021-10-25/2021-10-31,1,1,81,True
whitney houston,2021-10-25/2021-10-31,116,0,0,False
adele,2021-11-01/2021-11-07,1,96,245,True
beyonce,2021-11-01/2021-11-07,145,0,0,False
bruno mars,2021-11-01/2021-11-07,8,0,3,False
eminem,2021-11-01/2021-11-07,36,0,0,False
lady gaga,2021-11-01/2021-11-07,63,0,0,False
michael jackson,2021-11-01/2021-11-07,21,0,0,False
rihanna,2021-11-01/2021-11-07,127,0,0,False
taylor swift,2021-11-01/2021-11-07,76,0,0,False
the weeknd,2021-11-01/2021-11-07,1,2,44,True
whitney houston,2021-11-01/2021-11-07,146,0,0,False
adele,2021-11-08/2021-11-14,1,73,212,True
beyonce,2021-11-08/2021-11-14,59,0,0,False
bruno mars,2021-11-08/2021-11-14,1,3,49,True
elvis presley,2021-11-08/2021-11-14,175,0,0,False
eminem,2021-11-08/2021-11-14,45,0,0,False
lady gaga,2021-11-08/2021-11-14,69,0,0,False
michael jackson,2021-11-08/2021-11-14,174,0,0,False
taylor swift,2021-11-08/2021-11-14,1,19,92,True
the weeknd,2021-11-08/2021-11-14,1,4,75,True
whitney houston,2021-11-08/2021-11-14,160,0,0,False
adele,2021-11-15/2021-11-21,1,121,443,True
beyonce,2021-11-15/2021-11-21,157,0,0,False
bruno mars,2021-11-15/2021-11-21,2,0,46,False
elvis presley,2021-11-15/2021-11-21,88,0,0,False
eminem,2021-11-15/2021-11-21,49,0,0,False
lady gaga,2021-11-15/2021-11-21,81,0,0,False
michael jackson,2021-11-15/2021-11-21,198,0,0,False
taylor swift,2021-11-15/2021-11-21,1,35,132,True
the weeknd,2021-11-15/2021-11-21,1,7,40,True
whitney houston,2021-11-15/2021-11-21,166,0,0,False
adele,2021-11-22/2021-11-28,1,132,452,True
beyonce,2021-11-22/2021-11-28,156,0,0,False
bruno mars,2021-11-22/2021-11-28,3,0,19,False
elvis presley,2021-11-22/2021-11-28,44,0,0,False
eminem,2021-11-22/2021-11-28,56,0,0,False
lady gaga,2021-11-22/2021-11-28,67,0,0,False
taylor swift,2021-11-22/2021-11-28,1,14,86,True
the beatles,2021-11-22/2021-11-28,100,0,0,False
the weeknd,2021-11-22/2021-11-28,1,7,10,True
whitney houston,2021-11-22/2021-11-28,142,0,0,False
adele,2021-11-29/2021-12-05,1,64,212,True
beyonce,2021-11-29/2021-12-05,182,0,0,False
bruno mars,2021-11-29/2021-12-05,5,0,6,False
elvis presley,2021-11-29/2021-12-05,35,0,0,False
eminem,2021-11-29/2021-12-05,61,0,0,False
lady gaga,2021-11-29/2021-12-05,72,0,0,False
taylor swift,2021-11-29/2021-12-05,1,6,53,True
the weeknd,2021-11-29/2021-12-05,1,7,7,True
whitney houston,2021-11-29/2021-12-05,150,0,0,False
adele,2021-12-06/2021-12-12,1,25,160,True
beyonce,2021-12-06/2021-12-12,180,0,0,False
bruno mars,2021-12-06/2021-12-12,12,0,0,False
elvis presley,2021-12-06/2021-12-12,37,0,0,False
eminem,2021-12-06/2021-12-12,74,0,0,False
lady gaga,2021-12-06/2021-12-12,89,0,0,False
taylor swift,2021-12-06/2021-12-12,2,0,25,False
the weeknd,2021-12-06/2021-12-12,1,1,7,True
whitney houston,2021-12-06/2021-12-12,150,0,0,False
adele,2021-12-13/2021-12-19,1,17,131,True
beyonce,2021-12-13/2021-12-19,198,0,0,False
bruno mars,2021-12-13/2021-12-19,15,0,0,False
elvis presley,2021-12-13/2021-12-19,30,0,0,False
eminem,2021-12-13/2021-12-19,64,0,0,False
lady gaga,2021-12-13/2021-12-19,85,0,0,False
taylor swift,2021-12-13/2021-12-19,4,0,15,False
the weeknd,2021-12-13/2021-12-19,2,0,7,False
whitney houston,2021-12-13/2021-12-19,144,0,0,False
adele,2021-12-20/2021-12-26,1,12,78,True
beyonce,2021-12-20/2021-12-26,108,0,0,False
bruno mars,2021-12-20/2021-12-26,20,0,0,False
elvis presley,2021-12-20/2021-12-26,18,0,0,False
eminem,2021-12-20/2021-12-26,60,0,0,False
lady gaga,2021-12-20/2021-12-26,96,0,0,False
taylor swift,2021-12-20/2021-12-26,5,0,9,False
the beatles,2021-12-20/2021-12-26,187,0,0,False
the weeknd,2021-12-20/2021-12-26,4,0,7,False
whitney houston,2021-12-20/2021-12-26,84,0,0,False
adele,2021-12-27/2022-01-02,1,24,170,True
beyonce,2021-12-27/2022-01-02,77,0,0,False
bruno mars,2021-12-27/2022-01-02,17,0,0,False
elvis presley,2021-12-27/2022-01-02,130,0,0,False
eminem,2021-12-27/2022-01-02,50,0,0,False
lady gaga,2021-12-27/2022-01-02,51,0,0,False
michael jackson,2021-12-27/2022-01-02,75,0,0,False
rihanna,2021-12-27/2022-01-02,44,0,0,False
taylor swift,2021-12-27/2022-01-02,7,0,11,False
the beatles,2021-12-27/2022-01-02,183,0,0,False
the weeknd,2021-12-27/2022-01-02,6,0,7,False
whitney houston,2021-12-27/2022-01-02,19,0,0,False
adele,2022-01-03/2022-01-09,1,17,164,True
beyonce,2022-01-03/2022-01-09,168,0,0,False
bruno mars,2022-01-03/2022-01-09,23,0,0,False
eminem,2022-01-03/2022-01-09,53,0,0,False
lady gaga,2022-01-03/2022-01-09,47,0,0,False
michael jackson,2022-01-03/2022-01-09,170,0,0,False
taylor swift,2022-01-03/2022-01-09,9,0,7,False
the weeknd,2022-01-03/2022-01-09,1,14,238,True
whitney houston,2022-01-03/2022-01-09,151,0,0,False
adele,2022-01-10/2022-01-16,1,14,152,True
beyonce,2022-01-10/2022-01-16,157,0,0,False
bruno mars,2022-01-10/2022-01-16,28,0,0,False
eminem,2022-01-10/2022-01-16,41,0,0,False
lady gaga,2022-01-10/2022-01-16,55,0,0,False
michael jackson,2022-01-10/2022-01-16,181,0,0,False
taylor swift,2022-01-10/2022-01-16,11,0,0,False
the weeknd,2022-01-10/2022-01-16,1,7,184,True
whitney houston,2022-01-10/2022-01-16,141,0,0,False
adele,2022-01-17/2022-01-23,2,0,140,False
beyonce,2022-01-17/2022-01-23,184,0,0,False
bruno mars,2022-01-17/2022-01-23,31,0,0,False
eminem,2022-01-17/2022-01-23,32,0,0,False
lady gaga,2022-01-17/2022-01-23,56,0,0,False
michael jackson,2022-01-17/2022-01-23,141,0,0,False
taylor swift,2022-01-17/2022-01-23,14,0,0,False
the weeknd,2022-01-17/2022-01-23,5,0,44,False
whitney houston,2022-01-17/2022-01-23,129,0,0,False
adele,2022-01-24/2022-01-30,3,0,118,False
beyonce,2022-01-24/2022-01-30,193,0,0,False
bruno mars,2022-01-24/2022-01-30,34,0,0,False
eminem,2022-01-24/2022-01-30,30,0,0,False
lady gaga,2022-01-24/2022-01-30,57,0,0,False
michael jackson,2022-01-24/2022-01-30,146,0,0,False
taylor swift,2022-01-24/2022-01-30,13,0,0,False
the weeknd,2022-01-24/2022-01-30,9,0,1,False
whitney houston,2022-01-24/2022-01-30,125,0,0,False
adele,2022-01-31/2022-02-06,4,0,87,False
beyonce,2022-01-31/2022-02-06,191,0,0,False
bruno mars,2022-01-31/2022-02-06,41,0,0,False
eminem,2022-01-31/2022-02-06,30,0,0,False
lady gaga,2022-01-31/2022-02-06,62,0,0,False
michael jackson,2022-01-31/2022-02-06,168,0,0,False
rihanna,2022-01-31/2022-02-06,180,0,0,False
taylor swift,2022-01-31/2022-02-06,15,0,0,False
the weeknd,2022-01-31/2022-02-06,13,0,0,False
whitney houston,2022-01-31/2022-02-06,146,0,0,False
adele,2022-02-07/2022-02-13,3,0,71,False
beyonce,2022-02-07/2022-02-13,179,0,0,False
bruno mars,2022-02-07/2022-02-13,43,0,0,False
eminem,2022-02-07/2022-02-13,29,0,0,False
lady gaga,2022-02-07/2022-02-13,59,0,0,False
michael jackson,2022-02-07/2022-02-13,169,0,0,False
rihanna,2022-02-07/2022-02-13,185,0,0,False
taylor swift,2022-02-07/2022-02-13,2,0,7,False
the weeknd,2022-02-07/2022-02-13,12,0,0,False
whitney houston,2022-02-07/2022-02-13,134,0,0,False
adele,2022-02-14/2022-02-20,4,0,71,False
beyonce,2022-02-14/2022-02-20,124,0,0,False
bruno mars,2022-02-14/2022-02-20,50,0,0,False
eminem,2022-02-14/2022-02-20,8,0,2,False
lady gaga,2022-02-14/2022-02-20,48,0,0,False
michael jackson,2022-02-14/2022-02-20,152,0,0,False
rihanna,2022-02-14/2022-02-20,176,0,0,False
taylor swift,2022-02-14/2022-02-20,6,0,6,False
the weeknd,2022-02-14/2022-02-20,13,0,0,False
whitney houston,2022-02-14/2022-02-20,142,0,0,False
adele,2022-02-21/2022-02-27,6,0,54,False
bruno mars,2022-02-21/2022-02-27,56,0,0,False
eminem,2022-02-21/2022-02-27,19,0,0,False
lady gaga,2022-02-21/2022-02-27,66,0,0,False
michael jackson,2022-02-21/2022-02-27,155,0,0,False
rihanna,2022-02-21/2022-02-27,161,0,0,False
taylor swift,2022-02-21/2022-02-27,10,0,1,False
the beatles,2022-02-21/2022-02-27,187,0,0,False
the weeknd,2022-02-21/2022-02-27,11,0,0,False
whitney houston,2022-02-21/2022-02-27,131,0,0,False
adele,2022-02-28/2022-03-06,6,0,34,False
bruno mars,2022-02-28/2022-03-06,66,0,0,False
eminem,2022-02-28/2022-03-06,24,0,0,False
lady gaga,2022-02-28/2022-03-06,74,0,0,False
michael jackson,2022-02-28/2022-03-06,182,0,0,False
rihanna,2022-02-28/2022-03-06,133,0,0,False
taylor swift,2022-02-28/2022-03-06,16,0,0,False
the weeknd,2022-02-28/2022-03-06,8,0,3,False
whitney houston,2022-02-28/2022-03-06,104,0,0,False
adele,2022-03-07/2022-03-13,7,0,28,False
bruno mars,2022-03-07/2022-03-13,67,0,0,False
eminem,2022-03-07/2022-03-13,25,0,0,False
lady gaga,2022-03-07/2022-03-13,85,0,0,False
michael jackson,2022-03-07/2022-03-13,168,0,0,False
rihanna,2022-03-07/2022-03-13,146,0,0,False
taylor swift,2022-03-07/2022-03-13,15,0,0,False
the weeknd,2022-03-07/2022-03-13,7,0,4,False
whitney houston,2022-03-07/2022-03-13,120,0,0,False
adele,2022-03-14/2022-03-20,7,0,21,False
bruno mars,2022-03-14/2022-03-20,68,0,0,False
eminem,2022-03-14/2022-03-20,24,0,0,False
lady gaga,2022-03-14/2022-03-20,76,0,0,False
michael jackson,2022-03-14/2022-03-20,174,0,0,False
rihanna,2022-03-14/2022-03-20,129,0,0,False
taylor swift,2022-03-14/2022-03-20,13,0,0,False
the weeknd,2022-03-14/2022-03-20,4,0,10,False
whitney houston,2022-03-14/2022-03-20,155,0,0,False
adele,2022-03-21/2022-03-27,8,0,8,False
bruno mars,2022-03-21/2022-03-27,67,0,0,False
eminem,2022-03-21/2022-03-27,23,0,0,False
lady gaga,2022-03-21/2022-03-27,85,0,0,False
michael jackson,2022-03-21/2022-03-27,183,0,0,False
rihanna,2022-03-21/2022-03-27,121,0,0,False
taylor swift,2022-03-21/2022-03-27,15,0,0,False
the beatles,2022-03-21/2022-03-27,89,0,0,False
the weeknd,2022-03-21/2022-03-27,4,0,17,False
whitney houston,2022-03-21/2022-03-27,150,0,0,False
adele,2022-03-28/2022-04-03,9,0,10,False
bruno mars,2022-03-28/2022-04-03,64,0,0,False
eminem,2022-03-28/2022-04-03,22,0,0,False
lady gaga,2022-03-28/2022-04-03,77,0,0,False
michael jackson,2022-03-28/2022-04-03,161,0,0,False
rihanna,2022-03-28/2022-04-03,153,0,0,False
taylor swift,2022-03-28/2022-04-03,18,0,0,False
the weeknd,2022-03-28/2022-04-03,5,0,14,False
whitney houston,2022-03-28/2022-04-03,156,0,0,False
adele,2022-04-04/2022-04-10,11,0,0,False
beyonce,2022-04-04/2022-04-10,197,0,0,False
bruno mars,2022-04-04/2022-04-10,30,0,0,False
eminem,2022-04-04/2022-04-10,28,0,0,False
lady gaga,2022-04-04/2022-04-10,80,0,0,False
michael jackson,2022-04-04/2022-04-10,156,0,0,False
rihanna,2022-04-04/2022-04-10,150,0,0,False
taylor swift,2022-04-04/2022-04-10,20,0,0,False
the weeknd,2022-04-04/2022-04-10,6,0,14,False
whitney houston,2022-04-04/2022-04-10,137,0,0,False
adele,2022-04-11/2022-04-17,12,0,0,False
bruno mars,2022-04-11/2022-04-17,60,0,0,False
eminem,2022-04-11/2022-04-17,24,0,0,False
lady gaga,2022-04-11/2022-04-17,73,0,0,False
michael jackson,2022-04-11/2022-04-17,156,0,0,False
rihanna,2022-04-11/2022-04-17,134,0,0,False
taylor swift,2022-04-11/2022-04-17,26,0,0,False
the beatles,2022-04-11/2022-04-17,106,0,0,False
the weeknd,2022-04-11/2022-04-17,6,0,14,False
whitney houston,2022-04-11/2022-04-17,112,0,0,False
adele,2022-04-18/2022-04-24,12,0,0,False
bruno mars,2022-04-18/2022-04-24,60,0,0,False
eminem,2022-04-18/2022-04-24,23,0,0,False
lady gaga,2022-04-18/2022-04-24,60,0,0,False
michael jackson,2022-04-18/2022-04-24,181,0,0,False
rihanna,2022-04-18/2022-04-24,145,0,0,False
taylor swift,2022-04-18/2022-04-24,36,0,0,False
the beatles,2022-04-18/2022-04-24,174,0,0,False
the weeknd,2022-04-18/2022-04-24,6,0,13,False
whitney houston,2022-04-18/2022-04-24,125,0,0,False
adele,2022-04-25/2022-05-01,11,0,0,False
bruno mars,2022-04-25/2022-05-01,74,0,0,False
eminem,2022-04-25/2022-05-01,27,0,0,False
lady gaga,2022-04-25/2022-05-01,66,0,0,False
michael jackson,2022-04-25/2022-05-01,181,0,0,False
rihanna,2022-04-25/2022-05-01,165,0,0,False
taylor swift,2022-04-25/2022-05-01,44,0,0,False
the weeknd,2022-04-25/2022-05-01,8,0,11,False
whitney houston,2022-04-25/2022-05-01,121,0,0,False
adele,2022-05-02/2022-05-08,13,0,0,False
bruno mars,2022-05-02/2022-05-08,79,0,0,False
eminem,2022-05-02/2022-05-08,24,0,0,False
lady gaga,2022-05-02/2022-05-08,42,0,0,False
michael jackson,2022-05-02/2022-05-08,197,0,0,False
rihanna,2022-05-02/2022-05-08,160,0,0,False
taylor swift,2022-05-02/2022-05-08,2,0,8,False
the beatles,2022-05-02/2022-05-08,133,0,0,False
the weeknd,2022-05-02/2022-05-08,7,0,8,False
whitney houston,2022-05-02/2022-05-08,120,0,0,False
adele,2022-05-09/2022-05-15,17,0,0,False
beyonce,2022-05-09/2022-05-15,197,0,0,False
bruno mars,2022-05-09/2022-05-15,71,0,0,False
eminem,2022-05-09/2022-05-15,29,0,0,False
lady gaga,2022-05-09/2022-05-15,74,0,0,False
rihanna,2022-05-09/2022-05-15,144,0,0,False
taylor swift,2022-05-09/2022-05-15,4,0,1,False
the beatles,2022-05-09/2022-05-15,181,0,0,False
the weeknd,2022-05-09/2022-05-15,7,0,7,False
whitney houston,2022-05-09/2022-05-15,125,0,0,False
adele,2022-05-16/2022-05-22,17,0,0,False
bruno mars,2022-05-16/2022-05-22,77,0,0,False
eminem,2022-05-16/2022-05-22,27,0,0,False
lady gaga,2022-05-16/2022-05-22,97,0,0,False
rihanna,2022-05-16/2022-05-22,123,0,0,False
taylor swift,2022-05-16/2022-05-22,27,0,0,False
the beatles,2022-05-16/2022-05-22,193,0,0,False
the weeknd,2022-05-16/2022-05-22,7,0,5,False
whitney houston,2022-05-16/2022-05-22,127,0,0,False
adele,2022-05-23/2022-05-29,17,0,0,False
bruno mars,2022-05-23/2022-05-29,67,0,0,False
eminem,2022-05-23/2022-05-29,26,0,0,False
lady gaga,2022-05-23/2022-05-29,42,0,0,False
rihanna,2022-05-23/2022-05-29,111,0,0,False
taylor swift,2022-05-23/2022-05-29,15,0,0,False
the beatles,2022-05-23/2022-05-29,144,0,0,False
the weeknd,2022-05-23/2022-05-29,9,0,5,False
whitney houston,2022-05-23/2022-05-29,104,0,0,False
adele,2022-05-30/2022-06-05,18,0,0,False
bruno mars,2022-05-30/2022-06-05,69,0,0,False
eminem,2022-05-30/2022-06-05,29,0,0,False
lady gaga,2022-05-30/2022-06-05,10,0,1,False
michael jackson,2022-05-30/2022-06-05,200,0,0,False
rihanna,2022-05-30/2022-06-05,97,0,0,False
taylor swift,2022-05-30/2022-06-05,13,0,0,False
the beatles,2022-05-30/2022-06-05,168,0,0,False
the weeknd,2022-05-30/2022-06-05,9,0,6,False
whitney houston,2022-05-30/2022-06-05,110,0,0,False
adele,2022-06-06/2022-06-12,23,0,0,False
bruno mars,2022-06-06/2022-06-12,74,0,0,False
eminem,2022-06-06/2022-06-12,33,0,0,False
lady gaga,2022-06-06/2022-06-12,6,0,7,False
rihanna,2022-06-06/2022-06-12,77,0,0,False
taylor swift,2022-06-06/2022-06-12,16,0,0,False
the weeknd,2022-06-06/2022-06-12,10,0,2,False
whitney houston,2022-06-06/2022-06-12,125,0,0,False
adele,2022-06-13/2022-06-19,28,0,0,False
bruno mars,2022-06-13/2022-06-19,72,0,0,False
eminem,2022-06-13/2022-06-19,31,0,0,False
lady gaga,2022-06-13/2022-06-19,5,0,7,False
rihanna,2022-06-13/2022-06-19,67,0,0,False
taylor swift,2022-06-13/2022-06-19,22,0,0,False
the beatles,2022-06-13/2022-06-19,180,0,0,False
the weeknd,2022-06-13/2022-06-19,13,0,0,False
whitney houston,2022-06-13/2022-06-19,144,0,0,False
adele,2022-06-20/2022-06-26,30,0,0,False
beyonce,2022-06-20/2022-06-26,1,2,53,True
bruno mars,2022-06-20/2022-06-26,74,0,0,False
eminem,2022-06-20/2022-06-26,14,0,0,False
lady gaga,2022-06-20/2022-06-26,6,0,6,False
michael jackson,2022-06-20/2022-06-26,177,0,0,False
rihanna,2022-06-20/2022-06-26,73,0,0,False
taylor swift,2022-06-20/2022-06-26,17,0,0,False
the beatles,2022-06-20/2022-06-26,174,0,0,False
the weeknd,2022-06-20/2022-06-26,11,0,0,False
whitney houston,2022-06-20/2022-06-26,111,0,0,False
adele,2022-06-27/2022-07-03,29,0,0,False
beyonce,2022-06-27/2022-07-03,3,0,24,False
bruno mars,2022-06-27/2022-07-03,71,0,0,False
eminem,2022-06-27/2022-07-03,33,0,0,False
lady gaga,2022-06-27/2022-07-03,7,0,7,False
michael jackson,2022-06-27/2022-07-03,190,0,0,False
rihanna,2022-06-27/2022-07-03,87,0,0,False
taylor swift,2022-06-27/2022-07-03,38,0,0,False
the beatles,2022-06-27/2022-07-03,138,0,0,False
the weeknd,2022-06-27/2022-07-03,11,0,0,False
whitney houston,2022-06-27/2022-07-03,91,0,0,False
adele,2022-07-04/2022-07-10,29,0,0,False
beyonce,2022-07-04/2022-07-10,3,0,14,False
bruno mars,2022-07-04/2022-07-10,70,0,0,False
eminem,2022-07-04/2022-07-10,37,0,0,False
lady gaga,2022-07-04/2022-07-10,11,0,0,False
michael jackson,2022-07-04/2022-07-10,185,0,0,False
rihanna,2022-07-04/2022-07-10,90,0,0,False
taylor swift,2022-07-04/2022-07-10,39,0,0,False
the beatles,2022-07-04/2022-07-10,101,0,0,False
the weeknd,2022-07-04/2022-07-10,11,0,0,False
whitney houston,2022-07-04/2022-07-10,114,0,0,False
adele,2022-07-11/2022-07-17,31,0,0,False
beyonce,2022-07-11/2022-07-17,4,0,14,False
bruno mars,2022-07-11/2022-07-17,71,0,0,False
eminem,2022-07-11/2022-07-17,38,0,0,False
lady gaga,2022-07-11/2022-07-17,18,0,0,False
michael jackson,2022-07-11/2022-07-17,200,0,0,False
rihanna,2022-07-11/2022-07-17,96,0,0,False
taylor swift,2022-07-11/2022-07-17,40,0,0,False
the beatles,2022-07-11/2022-07-17,90,0,0,False
the rolling stones,2022-07-11/2022-07-17,134,0,0,False
the weeknd,2022-07-11/2022-07-17,10,0,1,False
whitney houston,2022-07-11/2022-07-17,122,0,0,False
adele,2022-07-18/2022-07-24,30,0,0,False
beyonce,2022-07-18/2022-07-24,4,0,14,False
bruno mars,2022-07-18/2022-07-24,80,0,0,False
eminem,2022-07-18/2022-07-24,41,0,0,False
lady gaga,2022-07-18/2022-07-24,29,0,0,False
michael jackson,2022-07-18/2022-07-24,137,0,0,False
rihanna,2022-07-18/2022-07-24,103,0,0,False
taylor swift,2022-07-18/2022-07-24,33,0,0,False
the beatles,2022-07-18/2022-07-24,149,0,0,False
the weeknd,2022-07-18/2022-07-24,11,0,0,False
whitney houston,2022-07-18/2022-07-24,132,0,0,False
adele,2022-07-25/2022-07-31,32,0,0,False
beyonce,2022-07-25/2022-07-31,1,6,61,True
bruno mars,2022-07-25/2022-07-31,78,0,0,False
eminem,2022-07-25/2022-07-31,36,0,0,False
lady gaga,2022-07-25/2022-07-31,26,0,0,False
michael jackson,2022-07-25/2022-07-31,177,0,0,False
rihanna,2022-07-25/2022-07-31,107,0,0,False
taylor swift,2022-07-25/2022-07-31,3,0,1,False
the beatles,2022-07-25/2022-07-31,161,0,0,False
the weeknd,2022-07-25/2022-07-31,11,0,0,False
whitney houston,2022-07-25/2022-07-31,149,0,0,False
adele,2022-08-01/2022-08-07,32,0,0,False
beyonce,2022-08-01/2022-08-07,2,0,37,False
bruno mars,2022-08-01/2022-08-07,82,0,0,False
eminem,2022-08-01/2022-08-07,36,0,0,False
lady gaga,2022-08-01/2022-08-07,30,0,0,False
michael jackson,2022-08-01/2022-08-07,181,0,0,False
rihanna,2022-08-01/2022-08-07,130,0,0,False
taylor swift,2022-08-01/2022-08-07,1,1,6,True
the beatles,2022-08-01/2022-08-07,114,0,0,False
the weeknd,2022-08-01/2022-08-07,11,0,0,False
whitney houston,2022-08-01/2022-08-07,121,0,0,False
adele,2022-08-08/2022-08-14,29,0,0,False
beyonce,2022-08-08/2022-08-14,3,0,16,False
bruno mars,2022-08-08/2022-08-14,80,0,0,False
eminem,2022-08-08/2022-08-14,40,0,0,False
lady gaga,2022-08-08/2022-08-14,36,0,0,False
michael jackson,2022-08-08/2022-08-14,172,0,0,False
rihanna,2022-08-08/2022-08-14,143,0,0,False
taylor swift,2022-08-08/2022-08-14,16,0,0,False
the beatles,2022-08-08/2022-08-14,115,0,0,False
the weeknd,2022-08-08/2022-08-14,11,0,0,False
whitney houston,2022-08-08/2022-08-14,125,0,0,False
adele,2022-08-15/2022-08-21,33,0,0,False
beyonce,2022-08-15/2022-08-21,4,0,15,False
bruno mars,2022-08-15/2022-08-21,81,0,0,False
elvis presley,2022-08-15/2022-08-21,172,0,0,False
eminem,2022-08-15/2022-08-21,32,0,0,False
lady gaga,2022-08-15/2022-08-21,36,0,0,False
michael jackson,2022-08-15/2022-08-21,176,0,0,False
rihanna,2022-08-15/2022-08-21,131,0,0,False
taylor swift,2022-08-15/2022-08-21,19,0,0,False
the beatles,2022-08-15/2022-08-21,180,0,0,False
the weeknd,2022-08-15/2022-08-21,11,0,0,False
whitney houston,2022-08-15/2022-08-21,138,0,0,False
adele,2022-08-22/2022-08-28,33,0,0,False
beyonce,2022-08-22/2022-08-28,6,0,14,False
bruno mars,2022-08-22/2022-08-28,76,0,0,False
eminem,2022-08-22/2022-08-28,7,0,1,False
lady gaga,2022-08-22/2022-08-28,37,0,0,False
michael jackson,2022-08-22/2022-08-28,91,0,0,False
rihanna,2022-08-22/2022-08-28,158,0,0,False
taylor swift,2022-08-22/2022-08-28,22,0,0,False
the beatles,2022-08-22/2022-08-28,193,0,0,False
the weeknd,2022-08-22/2022-08-28,13,0,0,False
whitney houston,2022-08-22/2022-08-28,125,0,0,False
adele,2022-08-29/2022-09-04,32,0,0,False
beyonce,2022-08-29/2022-09-04,7,0,7,False
bruno mars,2022-08-29/2022-09-04,83,0,0,False
eminem,2022-08-29/2022-09-04,19,0,0,False
lady gaga,2022-08-29/2022-09-04,40,0,0,False
michael jackson,2022-08-29/2022-09-04,187,0,0,False
rihanna,2022-08-29/2022-09-04,175,0,0,False
taylor swift,2022-08-29/2022-09-04,15,0,0,False
the weeknd,2022-08-29/2022-09-04,15,0,0,False
whitney houston,2022-08-29/2022-09-04,147,0,0,False
adele,2022-09-05/2022-09-11,31,0,0,False
beyonce,2022-09-05/2022-09-11,10,0,1,False
bruno mars,2022-09-05/2022-09-11,81,0,0,False
eminem,2022-09-05/2022-09-11,39,0,0,False
lady gaga,2022-09-05/2022-09-11,39,0,0,False
michael jackson,2022-09-05/2022-09-11,161,0,0,False
rihanna,2022-09-05/2022-09-11,173,0,0,False
taylor swift,2022-09-05/2022-09-11,28,0,0,False
the weeknd,2022-09-05/2022-09-11,12,0,0,False
whitney houston,2022-09-05/2022-09-11,148,0,0,False
adele,2022-09-12/2022-09-18,34,0,0,False
beyonce,2022-09-12/2022-09-18,6,0,6,False
bruno mars,2022-09-12/2022-09-18,84,0,0,False
eminem,2022-09-12/2022-09-18,32,0,0,False
lady gaga,2022-09-12/2022-09-18,47,0,0,False
michael jackson,2022-09-12/2022-09-18,165,0,0,False
rihanna,2022-09-12/2022-09-18,171,0,0,False
taylor swift,2022-09-12/2022-09-18,31,0,0,False
the weeknd,2022-09-12/2022-09-18,12,0,0,False
whitney houston,2022-09-12/2022-09-18,147,0,0,False
adele,2022-09-19/2022-09-25,27,0,0,False
beyonce,2022-09-19/2022-09-25,6,0,7,False
bruno mars,2022-09-19/2022-09-25,92,0,0,False
eminem,2022-09-19/2022-09-25,18,0,0,False
lady gaga,2022-09-19/2022-09-25,65,0,0,False
michael jackson,2022-09-19/2022-09-25,161,0,0,False
rihanna,2022-09-19/2022-09-25,170,0,0,False
taylor swift,2022-09-19/2022-09-25,38,0,0,False
the weeknd,2022-09-19/2022-09-25,9,0,4,False
whitney houston,2022-09-19/2022-09-25,171,0,0,False
adele,2022-09-26/2022-10-02,34,0,0,False
beyonce,2022-09-26/2022-10-02,6,0,12,False
bruno mars,2022-09-26/2022-10-02,92,0,0,False
eminem,2022-09-26/2022-10-02,9,0,2,False
lady gaga,2022-09-26/2022-10-02,62,0,0,False
michael jackson,2022-09-26/2022-10-02,146,0,0,False
rihanna,2022-09-26/2022-10-02,168,0,0,False
taylor swift,2022-09-26/2022-10-02,37,0,0,False
the weeknd,2022-09-26/2022-10-02,7,0,3,False
whitney houston,2022-09-26/2022-10-02,155,0,0,False
adele,2022-10-03/2022-10-09,30,0,0,False
beyonce,2022-10-03/2022-10-09,4,0,32,False
bruno mars,2022-10-03/2022-10-09,85,0,0,False
eminem,2022-10-03/2022-10-09,9,0,7,False
lady gaga,2022-10-03/2022-10-09,65,0,0,False
michael jackson,2022-10-03/2022-10-09,156,0,0,False
rihanna,2022-10-03/2022-10-09,135,0,0,False
taylor swift,2022-10-03/2022-10-09,35,0,0,False
the beatles,2022-10-03/2022-10-09,80,0,0,False
the weeknd,2022-10-03/2022-10-09,10,0,4,False
whitney houston,2022-10-03/2022-10-09,168,0,0,False
adele,2022-10-10/2022-10-16,28,0,0,False
beyonce,2022-10-10/2022-10-16,3,0,37,False
bruno mars,2022-10-10/2022-10-16,71,0,0,False
eminem,2022-10-10/2022-10-16,8,0,7,False
lady gaga,2022-10-10/2022-10-16,70,0,0,False
michael jackson,2022-10-10/2022-10-16,165,0,0,False
rihanna,2022-10-10/2022-10-16,132,0,0,False
taylor swift,2022-10-10/2022-10-16,32,0,0,False
the beatles,2022-10-10/2022-10-16,95,0,0,False
the weeknd,2022-10-10/2022-10-16,11,0,0,False
whitney houston,2022-10-10/2022-10-16,198,0,0,False
adele,2022-10-17/2022-10-23,34,0,0,False
beyonce,2022-10-17/2022-10-23,4,0,22,False
bruno mars,2022-10-17/2022-10-23,93,0,0,False
eminem,2022-10-17/2022-10-23,1,5,39,True
lady gaga,2022-10-17/2022-10-23,87,0,0,False
michael jackson,2022-10-17/2022-10-23,175,0,0,False
rihanna,2022-10-17/2022-10-23,137,0,0,False
taylor swift,2022-10-17/2022-10-23,1,41,503,True
the weeknd,2022-10-17/2022-10-23,11,0,0,False
adele,2022-10-24/2022-10-30,38,0,0,False
beyonce,2022-10-24/2022-10-30,8,0,3,False
bruno mars,2022-10-24/2022-10-30,106,0,0,False
eminem,2022-10-24/2022-10-30,1,2,60,True
lady gaga,2022-10-24/2022-10-30,89,0,0,False
michael jackson,2022-10-24/2022-10-30,49,0,0,False
rihanna,2022-10-24/2022-10-30,1,3,52,True
taylor swift,2022-10-24/2022-10-30,1,83,779,True
the weeknd,2022-10-24/2022-10-30,14,0,0,False
whitney houston,2022-10-24/2022-10-30,185,0,0,False
adele,2022-10-31/2022-11-06,30,0,0,False
beyonce,2022-10-31/2022-11-06,8,0,4,False
bruno mars,2022-10-31/2022-11-06,86,0,0,False
eminem,2022-10-31/2022-11-06,3,0,63,False
lady gaga,2022-10-31/2022-11-06,83,0,0,False
michael jackson,2022-10-31/2022-11-06,6,0,1,False
rihanna,2022-10-31/2022-11-06,1,2,33,True
taylor swift,2022-10-31/2022-11-06,1,65,462,True
the weeknd,2022-10-31/2022-11-06,13,0,0,False
whitney houston,2022-10-31/2022-11-06,175,0,0,False
adele,2022-11-07/2022-11-13,29,0,0,False
beyonce,2022-11-07/2022-11-13,8,0,4,False
bruno mars,2022-11-07/2022-11-13,89,0,0,False
elvis presley,2022-11-07/2022-11-13,148,0,0,False
eminem,2022-11-07/2022-11-13,1,1,66,True
lady gaga,2022-11-07/2022-11-13,63,0,0,False
michael jackson,2022-11-07/2022-11-13,197,0,0,False
rihanna,2022-11-07/2022-11-13,7,0,28,False
taylor swift,2022-11-07/2022-11-13,1,39,264,True
the weeknd,2022-11-07/2022-11-13,11,0,0,False
whitney houston,2022-11-07/2022-11-13,192,0,0,False
adele,2022-11-14/2022-11-20,21,0,0,False
beyonce,2022-11-14/2022-11-20,8,0,7,False
bruno mars,2022-11-14/2022-11-20,93,0,0,False
elvis presley,2022-11-14/2022-11-20,62,0,0,False
eminem,2022-11-14/2022-11-20,1,1,69,True
lady gaga,2022-11-14/2022-11-20,68,0,0,False
michael jackson,2022-11-14/2022-11-20,163,0,0,False
rihanna,2022-11-14/2022-11-20,6,0,25,False
taylor swift,2022-11-14/2022-11-20,1,34,209,True
the weeknd,2022-11-14/2022-11-20,10,0,2,False
whitney houston,2022-11-14/2022-11-20,195,0,0,False
adele,2022-11-21/2022-11-27,17,0,0,False
beyonce,2022-11-21/2022-11-27,8,0,9,False
bruno mars,2022-11-21/2022-11-27,83,0,0,False
elvis presley,2022-11-21/2022-11-27,38,0,0,False
eminem,2022-11-21/2022-11-27,2,0,80,False
lady gaga,2022-11-21/2022-11-27,43,0,0,False
michael jackson,2022-11-21/2022-11-27,192,0,0,False
rihanna,2022-11-21/2022-11-27,6,0,10,False
taylor swift,2022-11-21/2022-11-27,1,24,127,True
the beatles,2022-11-21/2022-11-27,96,0,0,False
the weeknd,2022-11-21/2022-11-27,10,0,1,False
adele,2022-11-28/2022-12-04,18,0,0,False
beyonce,2022-11-28/2022-12-04,9,0,4,False
bruno mars,2022-11-28/2022-12-04,80,0,0,False
elvis presley,2022-11-28/2022-12-04,31,0,0,False
eminem,2022-11-28/2022-12-04,2,0,50,False
lady gaga,2022-11-28/2022-12-04,1,5,19,True
michael jackson,2022-11-28/2022-12-04,140,0,0,False
rihanna,2022-11-28/2022-12-04,8,0,1,False
taylor swift,2022-11-28/2022-12-04,1,13,79,True
the weeknd,2022-11-28/2022-12-04,1,15,51,True
adele,2022-12-05/2022-12-11,5,0,2,False
beyonce,2022-12-05/2022-12-11,17,0,0,False
bruno mars,2022-12-05/2022-12-11,77,0,0,False
elvis presley,2022-12-05/2022-12-11,40,0,0,False
eminem,2022-12-05/2022-12-11,2,0,22,False
lady gaga,2022-12-05/2022-12-11,1,2,39,True
michael jackson,2022-12-05/2022-12-11,148,0,0,False
rihanna,2022-12-05/2022-12-11,22,0,0,False
taylor swift,2022-12-05/2022-12-11,1,7,63,True
the weeknd,2022-12-05/2022-12-11,1,61,166,True
adele,2022-12-12/2022-12-18,4,0,7,False
beyonce,2022-12-12/2022-12-18,23,0,0,False
bruno mars,2022-12-12/2022-12-18,87,0,0,False
elvis presley,2022-12-12/2022-12-18,33,0,0,False
eminem,2022-12-12/2022-12-18,2,0,17,False
lady gaga,2022-12-12/2022-12-18,3,0,18,False
michael jackson,2022-12-12/2022-12-18,149,0,0,False
rihanna,2022-12-12/2022-12-18,25,0,0,False
taylor swift,2022-12-12/2022-12-18,1,4,38,True
the weeknd,2022-12-12/2022-12-18,1,23,146,True
adele,2022-12-19/2022-12-25,5,0,7,False
beyonce,2022-12-19/2022-12-25,23,0,0,False
bruno mars,2022-12-19/2022-12-25,84,0,0,False
elvis presley,2022-12-19/2022-12-25,22,0,0,False
eminem,2022-12-19/2022-12-25,2,0,14,False
lady gaga,2022-12-19/2022-12-25,8,0,3,False
michael jackson,2022-12-19/2022-12-25,164,0,0,False
rihanna,2022-12-19/2022-12-25,27,0,0,False
taylor swift,2022-12-19/2022-12-25,3,0,13,False
the weeknd,2022-12-19/2022-12-25,1,7,82,True
whitney houston,2022-12-19/2022-12-25,104,0,0,False
adele,2022-12-26/2023-01-01,4,0,7,False
beyonce,2022-12-26/2023-01-01,5,0,9,False
bruno mars,2022-12-26/2023-01-01,59,0,0,False
elvis presley,2022-12-26/2023-01-01,30,0,0,False
eminem,2022-12-26/2023-01-01,2,0,43,False
lady gaga,2022-12-26/2023-01-01,4,0,8,False
michael jackson,2022-12-26/2023-01-01,67,0,0,False
rihanna,2022-12-26/2023-01-01,20,0,0,False
taylor swift,2022-12-26/2023-01-01,2,0,70,False
the weeknd,2022-12-26/2023-01-01,1,10,157,True
whitney houston,2022-12-26/2023-01-01,9,0,2,False
adele,2023-01-02/2023-01-08,2,0,7,False
beyonce,2023-01-02/2023-01-08,17,0,0,False
bruno mars,2023-01-02/2023-01-08,85,0,0,False
eminem,2023-01-02/2023-01-08,2,0,46,False
lady gaga,2023-01-02/2023-01-08,8,0,2,False
michael jackson,2023-01-02/2023-01-08,170,0,0,False
rihanna,2023-01-02/2023-01-08,16,0,0,False
taylor swift,2023-01-02/2023-01-08,3,0,76,False
the weeknd,2023-01-02/2023-01-08,1,10,189,True
whitney houston,2023-01-02/2023-01-08,100,0,0,False
adele,2023-01-09/2023-01-15,2,0,7,False
beyonce,2023-01-09/2023-01-15,20,0,0,False
bruno mars,2023-01-09/2023-01-15,52,0,0,False
eminem,2023-01-09/2023-01-15,3,0,38,False
lady gaga,2023-01-09/2023-01-15,13,0,0,False
michael jackson,2023-01-09/2023-01-15,133,0,0,False
rihanna,2023-01-09/2023-01-15,18,0,0,False
taylor swift,2023-01-09/2023-01-15,3,0,60,False
the weeknd,2023-01-09/2023-01-15,1,9,214,True
whitney houston,2023-01-09/2023-01-15,101,0,0,False
adele,2023-01-16/2023-01-22,3,0,7,False
beyonce,2023-01-16/2023-01-22,21,0,0,False
bruno mars,2023-01-16/2023-01-22,36,0,0,False
eminem,2023-01-16/2023-01-22,4,0,31,False
lady gaga,2023-01-16/2023-01-22,15,0,0,False
michael jackson,2023-01-16/2023-01-22,146,0,0,False
rihanna,2023-01-16/2023-01-22,14,0,0,False
taylor swift,2023-01-16/2023-01-22,4,0,53,False
the weeknd,2023-01-16/2023-01-22,2,0,209,False
whitney houston,2023-01-16/2023-01-22,110,0,0,False
adele,2023-01-23/2023-01-29,3,0,7,False
beyonce,2023-01-23/2023-01-29,19,0,0,False
bruno mars,2023-01-23/2023-01-29,39,0,0,False
eminem,2023-01-23/2023-01-29,5,0,35,False
lady gaga,2023-01-23/2023-01-29,20,0,0,False
michael jackson,2023-01-23/2023-01-29,150,0,0,False
rihanna,2023-01-23/2023-01-29,12,0,0,False
taylor swift,2023-01-23/2023-01-29,4,0,57,False
the weeknd,2023-01-23/2023-01-29,2,0,200,False
whitney houston,2023-01-23/2023-01-29,133,0,0,False
adele,2023-01-30/2023-02-05,3,0,7,False
beyonce,2023-01-30/2023-02-05,16,0,0,False
bruno mars,2023-01-30/2023-02-05,38,0,0,False
eminem,2023-01-30/2023-02-05,5,0,27,False
lady gaga,2023-01-30/2023-02-05,26,0,0,False
michael jackson,2023-01-30/2023-02-05,143,0,0,False
rihanna,2023-01-30/2023-02-05,16,0,0,False
taylor swift,2023-01-30/2023-02-05,4,0,43,False
the weeknd,2023-01-30/2023-02-05,2,0,198,False
whitney houston,2023-01-30/2023-02-05,132,0,0,False
adele,2023-02-06/2023-02-12,2,0,7,False
beyonce,2023-02-06/2023-02-12,12,0,0,False
bruno mars,2023-02-06/2023-02-12,43,0,0,False
eminem,2023-02-06/2023-02-12,5,0,18,False
lady gaga,2023-02-06/2023-02-12,29,0,0,False
michael jackson,2023-02-06/2023-02-12,156,0,0,False
rihanna,2023-02-06/2023-02-12,18,0,0,False
taylor swift,2023-02-06/2023-02-12,4,0,27,False
the weeknd,2023-02-06/2023-02-12,2,0,191,False
whitney houston,2023-02-06/2023-02-12,142,0,0,False
adele,2023-02-13/2023-02-19,4,0,7,False
beyonce,2023-02-13/2023-02-19,17,0,0,False
bruno mars,2023-02-13/2023-02-19,51,0,0,False
elvis presley,2023-02-13/2023-02-19,113,0,0,False
eminem,2023-02-13/2023-02-19,6,0,15,False
lady gaga,2023-02-13/2023-02-19,41,0,0,False
michael jackson,2023-02-13/2023-02-19,167,0,0,False
rihanna,2023-02-13/2023-02-19,5,0,13,False
taylor swift,2023-02-13/2023-02-19,5,0,18,False
the weeknd,2023-02-13/2023-02-19,2,0,172,False
whitney houston,2023-02-13/2023-02-19,141,0,0,False
adele,2023-02-20/2023-02-26,4,0,7,False
beyonce,2023-02-20/2023-02-26,20,0,0,False
bruno mars,2023-02-20/2023-02-26,62,0,0,False
eminem,2023-02-20/2023-02-26,6,0,18,False
lady gaga,2023-02-20/2023-02-26,49,0,0,False
michael jackson,2023-02-20/2023-02-26,168,0,0,False
rihanna,2023-02-20/2023-02-26,12,0,0,False
taylor swift,2023-02-20/2023-02-26,7,0,17,False
the weeknd,2023-02-20/2023-02-26,1,8,230,True
whitney houston,2023-02-20/2023-02-26,127,0,0,False
adele,2023-02-27/2023-03-05,4,0,7,False
beyonce,2023-02-27/2023-03-05,24,0,0,False
bruno mars,2023-02-27/2023-03-05,68,0,0,False
eminem,2023-02-27/2023-03-05,7,0,18,False
lady gaga,2023-02-27/2023-03-05,61,0,0,False
michael jackson,2023-02-27/2023-03-05,191,0,0,False
rihanna,2023-02-27/2023-03-05,20,0,0,False
taylor swift,2023-02-27/2023-03-05,7,0,7,False
the weeknd,2023-02-27/2023-03-05,1,14,314,True
whitney houston,2023-02-27/2023-03-05,129,0,0,False
adele,2023-03-06/2023-03-12,3,0,7,False
beyonce,2023-03-06/2023-03-12,22,0,0,False
bruno mars,2023-03-06/2023-03-12,51,0,0,False
eminem,2023-03-06/2023-03-12,8,0,18,False
lady gaga,2023-03-06/2023-03-12,65,0,0,False
michael jackson,2023-03-06/2023-03-12,165,0,0,False
rihanna,2023-03-06/2023-03-12,35,0,0,False
taylor swift,2023-03-06/2023-03-12,8,0,8,False
the weeknd,2023-03-06/2023-03-12,1,23,327,True
whitney houston,2023-03-06/2023-03-12,141,0,0,False
adele,2023-03-13/2023-03-19,3,0,7,False
beyonce,2023-03-13/2023-03-19,27,0,0,False
bruno mars,2023-03-13/2023-03-19,65,0,0,False
eminem,2023-03-13/2023-03-19,8,0,9,False
lady gaga,2023-03-13/2023-03-19,55,0,0,False
michael jackson,2023-03-13/2023-03-19,165,0,0,False
rihanna,2023-03-13/2023-03-19,22,0,0,False
taylor swift,2023-03-13/2023-03-19,1,1,25,True
the beatles,2023-03-13/2023-03-19,139,0,0,False
the weeknd,2023-03-13/2023-03-19,1,4,238,True
whitney houston,2023-03-13/2023-03-19,133,0,0,False
adele,2023-03-20/2023-03-26,2,0,7,False
beyonce,2023-03-20/2023-03-26,32,0,0,False
bruno mars,2023-03-20/2023-03-26,73,0,0,False
eminem,2023-03-20/2023-03-26,3,0,18,False
lady gaga,2023-03-20/2023-03-26,53,0,0,False
michael jackson,2023-03-20/2023-03-26,167,0,0,False
rihanna,2023-03-20/2023-03-26,32,0,0,False
taylor swift,2023-03-20/2023-03-26,5,0,46,False
the weeknd,2023-03-20/2023-03-26,2,0,170,False
whitney houston,2023-03-20/2023-03-26,137,0,0,False
adele,2023-03-27/2023-04-02,4,0,7,False
beyonce,2023-03-27/2023-04-02,32,0,0,False
bruno mars,2023-03-27/2023-04-02,68,0,0,False
eminem,2023-03-27/2023-04-02,2,0,28,False
lady gaga,2023-03-27/2023-04-02,59,0,0,False
michael jackson,2023-03-27/2023-04-02,9,0,1,False
rihanna,2023-03-27/2023-04-02,36,0,0,False
taylor swift,2023-03-27/2023-04-02,5,0,45,False
the weeknd,2023-03-27/2023-04-02,2,0,152,False
whitney houston,2023-03-27/2023-04-02,129,0,0,False
adele,2023-04-03/2023-04-09,1,5,7,True
beyonce,2023-04-03/2023-04-09,34,0,0,False
bruno mars,2023-04-03/2023-04-09,77,0,0,False
eminem,2023-04-03/2023-04-09,2,0,28,False
lady gaga,2023-04-03/2023-04-09,57,0,0,False
michael jackson,2023-04-03/2023-04-09,16,0,0,False
rihanna,2023-04-03/2023-04-09,39,0,0,False
taylor swift,2023-04-03/2023-04-09,4,0,21,False
the beatles,2023-04-03/2023-04-09,130,0,0,False
the weeknd,2023-04-03/2023-04-09,1,1,123,True
whitney houston,2023-04-03/2023-04-09,119,0,0,False
adele,2023-04-10/2023-04-16,1,2,7,True
beyonce,2023-04-10/2023-04-16,53,0,0,False
bruno mars,2023-04-10/2023-04-16,75,0,0,False
eminem,2023-04-10/2023-04-16,2,0,36,False
lady gaga,2023-04-10/2023-04-16,55,0,0,False
michael jackson,2023-04-10/2023-04-16,31,0,0,False
rihanna,2023-04-10/2023-04-16,39,0,0,False
taylor swift,2023-04-10/2023-04-16,5,0,17,False
the beatles,2023-04-10/2023-04-16,152,0,0,False
the weeknd,2023-04-10/2023-04-16,2,0,90,False
whitney houston,2023-04-10/2023-04-16,122,0,0,False
adele,2023-04-17/2023-04-23,1,1,7,True
beyonce,2023-04-17/2023-04-23,57,0,0,False
bruno mars,2023-04-17/2023-04-23,75,0,0,False
eminem,2023-04-17/2023-04-23,3,0,30,False
lady gaga,2023-04-17/2023-04-23,47,0,0,False
michael jackson,2023-04-17/2023-04-23,63,0,0,False
rihanna,2023-04-17/2023-04-23,41,0,0,False
taylor swift,2023-04-17/2023-04-23,7,0,14,False
the weeknd,2023-04-17/2023-04-23,2,0,122,False
whitney houston,2023-04-17/2023-04-23,130,0,0,False
adele,2023-04-24/2023-04-30,1,4,7,True
beyonce,2023-04-24/2023-04-30,62,0,0,False
bruno mars,2023-04-24/2023-04-30,83,0,0,False
eminem,2023-04-24/2023-04-30,3,0,28,False
lady gaga,2023-04-24/2023-04-30,54,0,0,False
michael jackson,2023-04-24/2023-04-30,80,0,0,False
rihanna,2023-04-24/2023-04-30,38,0,0,False
taylor swift,2023-04-24/2023-04-30,8,0,16,False
the beatles,2023-04-24/2023-04-30,191,0,0,False
the weeknd,2023-04-24/2023-04-30,3,0,123,False
whitney houston,2023-04-24/2023-04-30,133,0,0,False
adele,2023-05-01/2023-05-07,2,0,7,False
beyonce,2023-05-01/2023-05-07,60,0,0,False
bruno mars,2023-05-01/2023-05-07,90,0,0,False
eminem,2023-05-01/2023-05-07,4,0,15,False
lady gaga,2023-05-01/2023-05-07,59,0,0,False
michael jackson,2023-05-01/2023-05-07,97,0,0,False
rihanna,2023-05-01/2023-05-07,39,0,0,False
taylor swift,2023-05-01/2023-05-07,7,0,17,False
the beatles,2023-05-01/2023-05-07,170,0,0,False
the weeknd,2023-05-01/2023-05-07,3,0,85,False
whitney houston,2023-05-01/2023-05-07,113,0,0,False
adele,2023-05-08/2023-05-14,2,0,7,False
beyonce,2023-05-08/2023-05-14,22,0,0,False
bruno mars,2023-05-08/2023-05-14,88,0,0,False
eminem,2023-05-08/2023-05-14,5,0,14,False
lady gaga,2023-05-08/2023-05-14,65,0,0,False
michael jackson,2023-05-08/2023-05-14,93,0,0,False
rihanna,2023-05-08/2023-05-14,44,0,0,False
taylor swift,2023-05-08/2023-05-14,7,0,19,False
the beatles,2023-05-08/2023-05-14,102,0,0,False
the weeknd,2023-05-08/2023-05-14,4,0,65,False
whitney houston,2023-05-08/2023-05-14,137,0,0,False
adele,2023-05-15/2023-05-21,1,2,7,True
beyonce,2023-05-15/2023-05-21,23,0,0,False
bruno mars,2023-05-15/2023-05-21,83,0,0,False
eminem,2023-05-15/2023-05-21,6,0,11,False
lady gaga,2023-05-15/2023-05-21,69,0,0,False
michael jackson,2023-05-15/2023-05-21,76,0,0,False
rihanna,2023-05-15/2023-05-21,51,0,0,False
taylor swift,2023-05-15/2023-05-21,9,0,9,False
the beatles,2023-05-15/2023-05-21,142,0,0,False
the weeknd,2023-05-15/2023-05-21,6,0,45,False
whitney houston,2023-05-15/2023-05-21,128,0,0,False
adele,2023-05-22/2023-05-28,1,5,7,True
beyonce,2023-05-22/2023-05-28,12,0,0,False
bruno mars,2023-05-22/2023-05-28,102,0,0,False
eminem,2023-05-22/2023-05-28,7,0,6,False
lady gaga,2023-05-22/2023-05-28,78,0,0,False
michael jackson,2023-05-22/2023-05-28,79,0,0,False
rihanna,2023-05-22/2023-05-28,49,0,0,False
taylor swift,2023-05-22/2023-05-28,1,1,50,True
the beatles,2023-05-22/2023-05-28,72,0,0,False
the weeknd,2023-05-22/2023-05-28,7,0,37,False
whitney houston,2023-05-22/2023-05-28,99,0,0,False
adele,2023-05-29/2023-06-04,1,7,7,True
beyonce,2023-05-29/2023-06-04,17,0,0,False
bruno mars,2023-05-29/2023-06-04,106,0,0,False
eminem,2023-05-29/2023-06-04,8,0,6,False
lady gaga,2023-05-29/2023-06-04,82,0,0,False
michael jackson,2023-05-29/2023-06-04,81,0,0,False
rihanna,2023-05-29/2023-06-04,42,0,0,False
taylor swift,2023-05-29/2023-06-04,5,0,22,False
the beatles,2023-05-29/2023-06-04,58,0,0,False
the weeknd,2023-05-29/2023-06-04,2,0,46,False
whitney houston,2023-05-29/2023-06-04,114,0,0,False
adele,2023-06-05/2023-06-11,1,6,7,True
beyonce,2023-06-05/2023-06-11,34,0,0,False
bruno mars,2023-06-05/2023-06-11,110,0,0,False
eminem,2023-06-05/2023-06-11,9,0,4,False
lady gaga,2023-06-05/2023-06-11,85,0,0,False
michael jackson,2023-06-05/2023-06-11,82,0,0,False
rihanna,2023-06-05/2023-06-11,49,0,0,False
taylor swift,2023-06-05/2023-06-11,8,0,7,False
the beatles,2023-06-05/2023-06-11,92,0,0,False
the weeknd,2023-06-05/2023-06-11,3,0,31,False
whitney houston,2023-06-05/2023-06-11,129,0,0,False
adele,2023-06-12/2023-06-18,1,7,7,True
beyonce,2023-06-12/2023-06-18,55,0,0,False
bruno mars,2023-06-12/2023-06-18,38,0,0,False
eminem,2023-06-12/2023-06-18,11,0,0,False
lady gaga,2023-06-12/2023-06-18,72,0,0,False
michael jackson,2023-06-12/2023-06-18,69,0,0,False
rihanna,2023-06-12/2023-06-18,58,0,0,False
taylor swift,2023-06-12/2023-06-18,4,0,11,False
the beatles,2023-06-12/2023-06-18,141,0,0,False
the weeknd,2023-06-12/2023-06-18,8,0,22,False
whitney houston,2023-06-12/2023-06-18,154,0,0,False
adele,2023-06-19/2023-06-25,1,7,7,True
beyonce,2023-06-19/2023-06-25,65,0,0,False
bruno mars,2023-06-19/2023-06-25,43,0,0,False
eminem,2023-06-19/2023-06-25,13,0,0,False
lady gaga,2023-06-19/2023-06-25,82,0,0,False
michael jackson,2023-06-19/2023-06-25,54,0,0,False
rihanna,2023-06-19/2023-06-25,30,0,0,False
taylor swift,2023-06-19/2023-06-25,1,5,73,True
the beatles,2023-06-19/2023-06-25,161,0,0,False
the weeknd,2023-06-19/2023-06-25,4,0,28,False
whitney houston,2023-06-19/2023-06-25,144,0,0,False
adele,2023-06-26/2023-07-02,1,6,7,True
beyonce,2023-06-26/2023-07-02,44,0,0,False
bruno mars,2023-06-26/2023-07-02,29,0,0,False
eminem,2023-06-26/2023-07-02,15,0,0,False
lady gaga,2023-06-26/2023-07-02,90,0,0,False
michael jackson,2023-06-26/2023-07-02,63,0,0,False
rihanna,2023-06-26/2023-07-02,26,0,0,False
taylor swift,2023-06-26/2023-07-02,1,9,109,True
the beatles,2023-06-26/2023-07-02,153,0,0,False
the weeknd,2023-06-26/2023-07-02,4,0,20,False
whitney houston,2023-06-26/2023-07-02,131,0,0,False
adele,2023-07-03/2023-07-09,1,7,7,True
beyonce,2023-07-03/2023-07-09,86,0,0,False
bruno mars,2023-07-03/2023-07-09,52,0,0,False
eminem,2023-07-03/2023-07-09,17,0,0,False
lady gaga,2023-07-03/2023-07-09,91,0,0,False
michael jackson,2023-07-03/2023-07-09,62,0,0,False
rihanna,2023-07-03/2023-07-09,14,0,0,False
taylor swift,2023-07-03/2023-07-09,1,16,251,True
the beatles,2023-07-03/2023-07-09,126,0,0,False
the weeknd,2023-07-03/2023-07-09,3,0,35,False
whitney houston,2023-07-03/2023-07-09,154,0,0,False
adele,2023-07-10/2023-07-16,1,1,7,True
beyonce,2023-07-10/2023-07-16,87,0,0,False
bruno mars,2023-07-10/2023-07-16,82,0,0,False
eminem,2023-07-10/2023-07-16,18,0,0,False
lady gaga,2023-07-10/2023-07-16,87,0,0,False
michael jackson,2023-07-10/2023-07-16,80,0,0,False
rihanna,2023-07-10/2023-07-16,13,0,0,False
taylor swift,2023-07-10/2023-07-16,1,3,165,True
the beatles,2023-07-10/2023-07-16,196,0,0,False
the weeknd,2023-07-10/2023-07-16,3,0,55,False
whitney houston,2023-07-10/2023-07-16,156,0,0,False
adele,2023-07-17/2023-07-23,2,0,7,False
beyonce,2023-07-17/2023-07-23,96,0,0,False
bruno mars,2023-07-17/2023-07-23,84,0,0,False
eminem,2023-07-17/2023-07-23,22,0,0,False
lady gaga,2023-07-17/2023-07-23,76,0,0,False
michael jackson,2023-07-17/2023-07-23,104,0,0,False
rihanna,2023-07-17/2023-07-23,11,0,0,False
taylor swift,2023-07-17/2023-07-23,3,0,77,False
the beatles,2023-07-17/2023-07-23,196,0,0,False
the weeknd,2023-07-17/2023-07-23,1,2,85,True
whitney houston,2023-07-17/2023-07-23,141,0,0,False
adele,2023-07-24/2023-07-30,2,0,7,False
beyonce,2023-07-24/2023-07-30,8,0,4,False
bruno mars,2023-07-24/2023-07-30,85,0,0,False
eminem,2023-07-24/2023-07-30,21,0,0,False
lady gaga,2023-07-24/2023-07-30,82,0,0,False
michael jackson,2023-07-24/2023-07-30,106,0,0,False
rihanna,2023-07-24/2023-07-30,14,0,0,False
taylor swift,2023-07-24/2023-07-30,3,0,54,False
the beatles,2023-07-24/2023-07-30,194,0,0,False
the rolling stones,2023-07-24/2023-07-30,184,0,0,False
the weeknd,2023-07-24/2023-07-30,3,0,44,False
whitney houston,2023-07-24/2023-07-30,122,0,0,False
adele,2023-07-31/2023-08-06,2,0,7,False
beyonce,2023-07-31/2023-08-06,16,0,0,False
bruno mars,2023-07-31/2023-08-06,81,0,0,False
eminem,2023-07-31/2023-08-06,24,0,0,False
lady gaga,2023-07-31/2023-08-06,75,0,0,False
michael jackson,2023-07-31/2023-08-06,119,0,0,False
rihanna,2023-07-31/2023-08-06,7,0,5,False
taylor swift,2023-07-31/2023-08-06,3,0,76,False
the beatles,2023-07-31/2023-08-06,175,0,0,False
the rolling stones,2023-07-31/2023-08-06,195,0,0,False
the weeknd,2023-07-31/2023-08-06,2,0,43,False
whitney houston,2023-07-31/2023-08-06,113,0,0,False
adele,2023-08-07/2023-08-13,2,0,7,False
beyonce,2023-08-07/2023-08-13,83,0,0,False
bruno mars,2023-08-07/2023-08-13,69,0,0,False
eminem,2023-08-07/2023-08-13,26,0,0,False
lady gaga,2023-08-07/2023-08-13,75,0,0,False
michael jackson,2023-08-07/2023-08-13,105,0,0,False
rihanna,2023-08-07/2023-08-13,9,0,4,False
taylor swift,2023-08-07/2023-08-13,2,0,71,False
the beatles,2023-08-07/2023-08-13,195,0,0,False
the rolling stones,2023-08-07/2023-08-13,113,0,0,False
the weeknd,2023-08-07/2023-08-13,1,2,54,True
whitney houston,2023-08-07/2023-08-13,115,0,0,False
adele,2023-08-14/2023-08-20,3,0,7,False
beyonce,2023-08-14/2023-08-20,118,0,0,False
bruno mars,2023-08-14/2023-08-20,73,0,0,False
eminem,2023-08-14/2023-08-20,34,0,0,False
lady gaga,2023-08-14/2023-08-20,82,0,0,False
michael jackson,2023-08-14/2023-08-20,115,0,0,False
rihanna,2023-08-14/2023-08-20,8,0,4,False
taylor swift,2023-08-14/2023-08-20,1,2,77,True
the beatles,2023-08-14/2023-08-20,191,0,0,False
the rolling stones,2023-08-14/2023-08-20,183,0,0,False
the weeknd,2023-08-14/2023-08-20,1,2,52,True
whitney houston,2023-08-14/2023-08-20,113,0,0,False
adele,2023-08-21/2023-08-27,2,0,7,False
beyonce,2023-08-21/2023-08-27,128,0,0,False
bruno mars,2023-08-21/2023-08-27,67,0,0,False
eminem,2023-08-21/2023-08-27,23,0,0,False
lady gaga,2023-08-21/2023-08-27,94,0,0,False
michael jackson,2023-08-21/2023-08-27,110,0,0,False
rihanna,2023-08-21/2023-08-27,8,0,2,False
taylor swift,2023-08-21/2023-08-27,2,0,76,False
the weeknd,2023-08-21/2023-08-27,3,0,38,False
whitney houston,2023-08-21/2023-08-27,120,0,0,False
adele,2023-08-28/2023-09-03,2,0,7,False
beyonce,2023-08-28/2023-09-03,177,0,0,False
bruno mars,2023-08-28/2023-09-03,67,0,0,False
eminem,2023-08-28/2023-09-03,26,0,0,False
lady gaga,2023-08-28/2023-09-03,88,0,0,False
michael jackson,2023-08-28/2023-09-03,178,0,0,False
rihanna,2023-08-28/2023-09-03,10,0,1,False
taylor swift,2023-08-28/2023-09-03,2,0,77,False
the beatles,2023-08-28/2023-09-03,144,0,0,False
the weeknd,2023-08-28/2023-09-03,5,0,35,False
whitney houston,2023-08-28/2023-09-03,111,0,0,False
adele,2023-09-04/2023-09-10,4,0,7,False
beyonce,2023-09-04/2023-09-10,153,0,0,False
bruno mars,2023-09-04/2023-09-10,51,0,0,False
eminem,2023-09-04/2023-09-10,30,0,0,False
lady gaga,2023-09-04/2023-09-10,97,0,0,False
michael jackson,2023-09-04/2023-09-10,182,0,0,False
rihanna,2023-09-04/2023-09-10,11,0,0,False
taylor swift,2023-09-04/2023-09-10,2,0,71,False
the beatles,2023-09-04/2023-09-10,167,0,0,False
the rolling stones,2023-09-04/2023-09-10,58,0,0,False
the weeknd,2023-09-04/2023-09-10,5,0,28,False
whitney houston,2023-09-04/2023-09-10,116,0,0,False
adele,2023-09-11/2023-09-17,6,0,7,False
bruno mars,2023-09-11/2023-09-17,47,0,0,False
eminem,2023-09-11/2023-09-17,30,0,0,False
lady gaga,2023-09-11/2023-09-17,102,0,0,False
michael jackson,2023-09-11/2023-09-17,197,0,0,False
rihanna,2023-09-11/2023-09-17,10,0,1,False
taylor swift,2023-09-11/2023-09-17,2,0,75,False
the weeknd,2023-09-11/2023-09-17,6,0,26,False
whitney houston,2023-09-11/2023-09-17,167,0,0,False
adele,2023-09-18/2023-09-24,6,0,7,False
beyonce,2023-09-18/2023-09-24,189,0,0,False
bruno mars,2023-09-18/2023-09-24,37,0,0,False
eminem,2023-09-18/2023-09-24,28,0,0,False
lady gaga,2023-09-18/2023-09-24,98,0,0,False
michael jackson,2023-09-18/2023-09-24,196,0,0,False
rihanna,2023-09-18/2023-09-24,8,0,2,False
taylor swift,2023-09-18/2023-09-24,2,0,74,False
the weeknd,2023-09-18/2023-09-24,8,0,24,False
whitney houston,2023-09-18/2023-09-24,141,0,0,False
adele,2023-09-25/2023-10-01,6,0,7,False
beyonce,2023-09-25/2023-10-01,194,0,0,False
bruno mars,2023-09-25/2023-10-01,36,0,0,False
eminem,2023-09-25/2023-10-01,26,0,0,False
lady gaga,2023-09-25/2023-10-01,73,0,0,False
michael jackson,2023-09-25/2023-10-01,190,0,0,False
rihanna,2023-09-25/2023-10-01,9,0,1,False
taylor swift,2023-09-25/2023-10-01,3,0,77,False
the rolling stones,2023-09-25/2023-10-01,132,0,0,False
the weeknd,2023-09-25/2023-10-01,8,0,12,False
whitney houston,2023-09-25/2023-10-01,151,0,0,False
adele,2023-10-02/2023-10-08,7,0,5,False
bruno mars,2023-10-02/2023-10-08,65,0,0,False
eminem,2023-10-02/2023-10-08,30,0,0,False
lady gaga,2023-10-02/2023-10-08,78,0,0,False
rihanna,2023-10-02/2023-10-08,14,0,0,False
taylor swift,2023-10-02/2023-10-08,3,0,65,False
the beatles,2023-10-02/2023-10-08,118,0,0,False
the weeknd,2023-10-02/2023-10-08,10,0,5,False
whitney houston,2023-10-02/2023-10-08,173,0,0,False
adele,2023-10-09/2023-10-15,5,0,7,False
beyonce,2023-10-09/2023-10-15,200,0,0,False
bruno mars,2023-10-09/2023-10-15,50,0,0,False
eminem,2023-10-09/2023-10-15,26,0,0,False
lady gaga,2023-10-09/2023-10-15,67,0,0,False
michael jackson,2023-10-09/2023-10-15,185,0,0,False
rihanna,2023-10-09/2023-10-15,13,0,0,False
taylor swift,2023-10-09/2023-10-15,3,0,66,False
the beatles,2023-10-09/2023-10-15,139,0,0,False
the weeknd,2023-10-09/2023-10-15,13,0,0,False
whitney houston,2023-10-09/2023-10-15,163,0,0,False
adele,2023-10-16/2023-10-22,7,0,7,False
bruno mars,2023-10-16/2023-10-22,51,0,0,False
eminem,2023-10-16/2023-10-22,26,0,0,False
lady gaga,2023-10-16/2023-10-22,37,0,0,False
michael jackson,2023-10-16/2023-10-22,141,0,0,False
rihanna,2023-10-16/2023-10-22,14,0,0,False
taylor swift,2023-10-16/2023-10-22,2,0,80,False
the rolling stones,2023-10-16/2023-10-22,16,0,0,False
the weeknd,2023-10-16/2023-10-22,12,0,0,False
whitney houston,2023-10-16/2023-10-22,137,0,0,False
adele,2023-10-23/2023-10-29,5,0,6,False
beyonce,2023-10-23/2023-10-29,165,0,0,False
bruno mars,2023-10-23/2023-10-29,58,0,0,False
eminem,2023-10-23/2023-10-29,23,0,0,False
lady gaga,2023-10-23/2023-10-29,58,0,0,False
michael jackson,2023-10-23/2023-10-29,39,0,0,False
rihanna,2023-10-23/2023-10-29,16,0,0,False
taylor swift,2023-10-23/2023-10-29,1,18,297,True
the beatles,2023-10-23/2023-10-29,191,0,0,False
the rolling stones,2023-10-23/2023-10-29,58,0,0,False
the weeknd,2023-10-23/2023-10-29,13,0,0,False
whitney houston,2023-10-23/2023-10-29,167,0,0,False
adele,2023-10-30/2023-11-05,4,0,4,False
beyonce,2023-10-30/2023-11-05,162,0,0,False
bruno mars,2023-10-30/2023-11-05,55,0,0,False
eminem,2023-10-30/2023-11-05,21,0,0,False
lady gaga,2023-10-30/2023-11-05,31,0,0,False
michael jackson,2023-10-30/2023-11-05,3,0,4,False
rihanna,2023-10-30/2023-11-05,15,0,0,False
taylor swift,2023-10-30/2023-11-05,1,29,255,True
the beatles,2023-10-30/2023-11-05,1,3,13,True
the rolling stones,2023-10-30/2023-11-05,164,0,0,False
the weeknd,2023-10-30/2023-11-05,12,0,0,False
whitney houston,2023-10-30/2023-11-05,147,0,0,False
adele,2023-11-06/2023-11-12,8,0,6,False
beyonce,2023-11-06/2023-11-12,168,0,0,False
bruno mars,2023-11-06/2023-11-12,58,0,0,False
eminem,2023-11-06/2023-11-12,17,0,0,False
lady gaga,2023-11-06/2023-11-12,51,0,0,False
michael jackson,2023-11-06/2023-11-12,132,0,0,False
rihanna,2023-11-06/2023-11-12,23,0,0,False
taylor swift,2023-11-06/2023-11-12,1,10,146,True
the beatles,2023-11-06/2023-11-12,13,0,0,False
the weeknd,2023-11-06/2023-11-12,9,0,1,False
whitney houston,2023-11-06/2023-11-12,146,0,0,False
adele,2023-11-13/2023-11-19,5,0,7,False
beyonce,2023-11-13/2023-11-19,166,0,0,False
bruno mars,2023-11-13/2023-11-19,55,0,0,False
elvis presley,2023-11-13/2023-11-19,70,0,0,False
eminem,2023-11-13/2023-11-19,25,0,0,False
lady gaga,2023-11-13/2023-11-19,54,0,0,False
michael jackson,2023-11-13/2023-11-19,165,0,0,False
rihanna,2023-11-13/2023-11-19,18,0,0,False
taylor swift,2023-11-13/2023-11-19,1,1,104,True
the beatles,2023-11-13/2023-11-19,72,0,0,False
the weeknd,2023-11-13/2023-11-19,9,0,6,False
whitney houston,2023-11-13/2023-11-19,175,0,0,False
adele,2023-11-20/2023-11-26,5,0,7,False
beyonce,2023-11-20/2023-11-26,167,0,0,False
bruno mars,2023-11-20/2023-11-26,51,0,0,False
elvis presley,2023-11-20/2023-11-26,30,0,0,False
eminem,2023-11-20/2023-11-26,28,0,0,False
lady gaga,2023-11-20/2023-11-26,59,0,0,False
michael jackson,2023-11-20/2023-11-26,167,0,0,False
rihanna,2023-11-20/2023-11-26,18,0,0,False
taylor swift,2023-11-20/2023-11-26,3,0,64,False
the beatles,2023-11-20/2023-11-26,139,0,0,False
the weeknd,2023-11-20/2023-11-26,8,0,4,False
adele,2023-11-27/2023-12-03,7,0,6,False
beyonce,2023-11-27/2023-12-03,40,0,0,False
bruno mars,2023-11-27/2023-12-03,50,0,0,False
elvis presley,2023-11-27/2023-12-03,22,0,0,False
eminem,2023-11-27/2023-12-03,10,0,1,False
lady gaga,2023-11-27/2023-12-03,68,0,0,False
rihanna,2023-11-27/2023-12-03,21,0,0,False
taylor swift,2023-11-27/2023-12-03,1,10,86,True
the weeknd,2023-11-27/2023-12-03,7,0,12,False
adele,2023-12-04/2023-12-10,11,0,0,False
beyonce,2023-12-04/2023-12-10,47,0,0,False
bruno mars,2023-12-04/2023-12-10,44,0,0,False
elvis presley,2023-12-04/2023-12-10,22,0,0,False
eminem,2023-12-04/2023-12-10,1,3,7,True
lady gaga,2023-12-04/2023-12-10,84,0,0,False
rihanna,2023-12-04/2023-12-10,27,0,0,False
taylor swift,2023-12-04/2023-12-10,2,0,47,False
the weeknd,2023-12-04/2023-12-10,3,0,26,False
adele,2023-12-11/2023-12-17,9,0,1,False
beyonce,2023-12-11/2023-12-17,74,0,0,False
bruno mars,2023-12-11/2023-12-17,42,0,0,False
elvis presley,2023-12-11/2023-12-17,22,0,0,False
eminem,2023-12-11/2023-12-17,3,0,7,False
lady gaga,2023-12-11/2023-12-17,81,0,0,False
rihanna,2023-12-11/2023-12-17,28,0,0,False
taylor swift,2023-12-11/2023-12-17,2,0,40,False
the weeknd,2023-12-11/2023-12-17,3,0,44,False
adele,2023-12-18/2023-12-24,11,0,0,False
beyonce,2023-12-18/2023-12-24,168,0,0,False
bruno mars,2023-12-18/2023-12-24,53,0,0,False
elvis presley,2023-12-18/2023-12-24,16,0,0,False
eminem,2023-12-18/2023-12-24,5,0,3,False
lady gaga,2023-12-18/2023-12-24,100,0,0,False
rihanna,2023-12-18/2023-12-24,32,0,0,False
taylor swift,2023-12-18/2023-12-24,4,0,28,False
the weeknd,2023-12-18/2023-12-24,3,0,43,False
whitney houston,2023-12-18/2023-12-24,145,0,0,False
adele,2023-12-25/2023-12-31,9,0,1,False
beyonce,2023-12-25/2023-12-31,23,0,0,False
bruno mars,2023-12-25/2023-12-31,58,0,0,False
elvis presley,2023-12-25/2023-12-31,14,0,0,False
eminem,2023-12-25/2023-12-31,11,0,0,False
lady gaga,2023-12-25/2023-12-31,27,0,0,False
michael jackson,2023-12-25/2023-12-31,63,0,0,False
rihanna,2023-12-25/2023-12-31,9,0,2,False
taylor swift,2023-12-25/2023-12-31,2,0,63,False
the beatles,2023-12-25/2023-12-31,165,0,0,False
the weeknd,2023-12-25/2023-12-31,3,0,64,False
whitney houston,2023-12-25/2023-12-31,8,0,1,False
adele,2024-01-01/2024-01-07,9,0,3,False
beyonce,2024-01-01/2024-01-07,74,0,0,False
bruno mars,2024-01-01/2024-01-07,61,0,0,False
eminem,2024-01-01/2024-01-07,12,0,0,False
lady gaga,2024-01-01/2024-01-07,49,0,0,False
michael jackson,2024-01-01/2024-01-07,82,0,0,False
rihanna,2024-01-01/2024-01-07,20,0,0,False
taylor swift,2024-01-01/2024-01-07,2,0,76,False
the beatles,2024-01-01/2024-01-07,122,0,0,False
the weeknd,2024-01-01/2024-01-07,3,0,89,False
whitney houston,2024-01-01/2024-01-07,34,0,0,False
adele,2024-01-08/2024-01-14,7,0,5,False
beyonce,2024-01-08/2024-01-14,189,0,0,False
bruno mars,2024-01-08/2024-01-14,35,0,0,False
eminem,2024-01-08/2024-01-14,14,0,0,False
lady gaga,2024-01-08/2024-01-14,61,0,0,False
michael jackson,2024-01-08/2024-01-14,181,0,0,False
rihanna,2024-01-08/2024-01-14,23,0,0,False
taylor swift,2024-01-08/2024-01-14,2,0,70,False
the beatles,2024-01-08/2024-01-14,146,0,0,False
the weeknd,2024-01-08/2024-01-14,1,6,107,True
adele,2024-01-15/2024-01-21,10,0,1,False
bruno mars,2024-01-15/2024-01-21,16,0,0,False
eminem,2024-01-15/2024-01-21,25,0,0,False
lady gaga,2024-01-15/2024-01-21,57,0,0,False
michael jackson,2024-01-15/2024-01-21,177,0,0,False
rihanna,2024-01-15/2024-01-21,37,0,0,False
taylor swift,2024-01-15/2024-01-21,3,0,67,False
the beatles,2024-01-15/2024-01-21,115,0,0,False
the weeknd,2024-01-15/2024-01-21,1,7,97,True
adele,2024-01-22/2024-01-28,10,0,1,False
beyonce,2024-01-22/2024-01-28,190,0,0,False
bruno mars,2024-01-22/2024-01-28,29,0,0,False
eminem,2024-01-22/2024-01-28,28,0,0,False
lady gaga,2024-01-22/2024-01-28,65,0,0,False
michael jackson,2024-01-22/2024-01-28,192,0,0,False
rihanna,2024-01-22/2024-01-28,36,0,0,False
taylor swift,2024-01-22/2024-01-28,4,0,47,False
the beatles,2024-01-22/2024-01-28,135,0,0,False
the weeknd,2024-01-22/2024-01-28,1,7,112,True
whitney houston,2024-01-22/2024-01-28,199,0,0,False
adele,2024-01-29/2024-02-04,11,0,0,False
beyonce,2024-01-29/2024-02-04,174,0,0,False
bruno mars,2024-01-29/2024-02-04,19,0,0,False
eminem,2024-01-29/2024-02-04,30,0,0,False
lady gaga,2024-01-29/2024-02-04,56,0,0,False
michael jackson,2024-01-29/2024-02-04,186,0,0,False
rihanna,2024-01-29/2024-02-04,57,0,0,False
taylor swift,2024-01-29/2024-02-04,4,0,50,False
the beatles,2024-01-29/2024-02-04,133,0,0,False
the weeknd,2024-01-29/2024-02-04,1,11,117,True
adele,2024-02-05/2024-02-11,10,0,1,False
beyonce,2024-02-05/2024-02-11,195,0,0,False
bruno mars,2024-02-05/2024-02-11,12,0,0,False
eminem,2024-02-05/2024-02-11,35,0,0,False
lady gaga,2024-02-05/2024-02-11,64,0,0,False
michael jackson,2024-02-05/2024-02-11,181,0,0,False
rihanna,2024-02-05/2024-02-11,71,0,0,False
taylor swift,2024-02-05/2024-02-11,2,0,59,False
the beatles,2024-02-05/2024-02-11,134,0,0,False
the weeknd,2024-02-05/2024-02-11,1,13,88,True
adele,2024-02-12/2024-02-18,12,0,0,False
beyonce,2024-02-12/2024-02-18,1,2,65,True
bruno mars,2024-02-12/2024-02-18,10,0,1,False
elvis presley,2024-02-12/2024-02-18,102,0,0,False
eminem,2024-02-12/2024-02-18,42,0,0,False
lady gaga,2024-02-12/2024-02-18,55,0,0,False
michael jackson,2024-02-12/2024-02-18,174,0,0,False
rihanna,2024-02-12/2024-02-18,67,0,0,False
taylor swift,2024-02-12/2024-02-18,1,7,67,True
the beatles,2024-02-12/2024-02-18,109,0,0,False
the weeknd,2024-02-12/2024-02-18,1,7,60,True
adele,2024-02-19/2024-02-25,10,0,1,False
beyonce,2024-02-19/2024-02-25,1,23,115,True
bruno mars,2024-02-19/2024-02-25,18,0,0,False
eminem,2024-02-19/2024-02-25,40,0,0,False
lady gaga,2024-02-19/2024-02-25,57,0,0,False
michael jackson,2024-02-19/2024-02-25,173,0,0,False
rihanna,2024-02-19/2024-02-25,63,0,0,False
taylor swift,2024-02-19/2024-02-25,1,8,69,True
the beatles,2024-02-19/2024-02-25,111,0,0,False
the rolling stones,2024-02-19/2024-02-25,179,0,0,False
the weeknd,2024-02-19/2024-02-25,1,7,59,True
adele,2024-02-26/2024-03-03,13,0,0,False
beyonce,2024-02-26/2024-03-03,1,18,120,True
bruno mars,2024-02-26/2024-03-03,18,0,0,False
eminem,2024-02-26/2024-03-03,39,0,0,False
lady gaga,2024-02-26/2024-03-03,63,0,0,False
michael jackson,2024-02-26/2024-03-03,136,0,0,False
rihanna,2024-02-26/2024-03-03,64,0,0,False
taylor swift,2024-02-26/2024-03-03,1,10,78,True
the beatles,2024-02-26/2024-03-03,123,0,0,False
the rolling stones,2024-02-26/2024-03-03,198,0,0,False
the weeknd,2024-02-26/2024-03-03,1,7,56,True
whitney houston,2024-02-26/2024-03-03,108,0,0,False
adele,2024-03-04/2024-03-10,18,0,0,False
beyonce,2024-03-04/2024-03-10,1,2,107,True
bruno mars,2024-03-04/2024-03-10,38,0,0,False
eminem,2024-03-04/2024-03-10,45,0,0,False
lady gaga,2024-03-04/2024-03-10,65,0,0,False
michael jackson,2024-03-04/2024-03-10,136,0,0,False
rihanna,2024-03-04/2024-03-10,59,0,0,False
taylor swift,2024-03-04/2024-03-10,1,7,106,True
the beatles,2024-03-04/2024-03-10,126,0,0,False
the weeknd,2024-03-04/2024-03-10,1,1,43,True
whitney houston,2024-03-04/2024-03-10,106,0,0,False
adele,2024-03-11/2024-03-17,26,0,0,False
beyonce,2024-03-11/2024-03-17,3,0,104,False
bruno mars,2024-03-11/2024-03-17,54,0,0,False
eminem,2024-03-11/2024-03-17,39,0,0,False
lady gaga,2024-03-11/2024-03-17,76,0,0,False
michael jackson,2024-03-11/2024-03-17,152,0,0,False
rihanna,2024-03-11/2024-03-17,68,0,0,False
taylor swift,2024-03-11/2024-03-17,1,3,67,True
the beatles,2024-03-11/2024-03-17,130,0,0,False
the weeknd,2024-03-11/2024-03-17,2,0,34,False
whitney houston,2024-03-11/2024-03-17,109,0,0,False
adele,2024-03-18/2024-03-24,26,0,0,False
beyonce,2024-03-18/2024-03-24,3,0,93,False
bruno mars,2024-03-18/2024-03-24,47,0,0,False
eminem,2024-03-18/2024-03-24,42,0,0,False
lady gaga,2024-03-18/2024-03-24,74,0,0,False
michael jackson,2024-03-18/2024-03-24,160,0,0,False
rihanna,2024-03-18/2024-03-24,66,0,0,False
taylor swift,2024-03-18/2024-03-24,2,0,53,False
the beatles,2024-03-18/2024-03-24,119,0,0,False
the weeknd,2024-03-18/2024-03-24,3,0,37,False
whitney houston,2024-03-18/2024-03-24,113,0,0,False
adele,2024-03-25/2024-03-31,32,0,0,False
beyonce,2024-03-25/2024-03-31,1,1,109,True
bruno mars,2024-03-25/2024-03-31,22,0,0,False
eminem,2024-03-25/2024-03-31,49,0,0,False
lady gaga,2024-03-25/2024-03-31,75,0,0,False
michael jackson,2024-03-25/2024-03-31,153,0,0,False
rihanna,2024-03-25/2024-03-31,75,0,0,False
taylor swift,2024-03-25/2024-03-31,2,0,30,False
the beatles,2024-03-25/2024-03-31,92,0,0,False
the weeknd,2024-03-25/2024-03-31,5,0,25,False
whitney houston,2024-03-25/2024-03-31,108,0,0,False
adele,2024-04-01/2024-04-07,34,0,0,False
beyonce,2024-04-01/2024-04-07,3,0,120,False
bruno mars,2024-04-01/2024-04-07,4,0,23,False
eminem,2024-04-01/2024-04-07,50,0,0,False
lady gaga,2024-04-01/2024-04-07,81,0,0,False
michael jackson,2024-04-01/2024-04-07,149,0,0,False
rihanna,2024-04-01/2024-04-07,84,0,0,False
taylor swift,2024-04-01/2024-04-07,4,0,21,False
the beatles,2024-04-01/2024-04-07,101,0,0,False
the rolling stones,2024-04-01/2024-04-07,169,0,0,False
the weeknd,2024-04-01/2024-04-07,6,0,17,False
whitney houston,2024-04-01/2024-04-07,130,0,0,False
adele,2024-04-08/2024-04-14,24,0,0,False
beyonce,2024-04-08/2024-04-14,3,0,69,False
bruno mars,2024-04-08/2024-04-14,7,0,4,False
eminem,2024-04-08/2024-04-14,50,0,0,False
lady gaga,2024-04-08/2024-04-14,92,0,0,False
michael jackson,2024-04-08/2024-04-14,197,0,0,False
rihanna,2024-04-08/2024-04-14,72,0,0,False
taylor swift,2024-04-08/2024-04-14,4,0,18,False
the beatles,2024-04-08/2024-04-14,80,0,0,False
the rolling stones,2024-04-08/2024-04-14,143,0,0,False
the weeknd,2024-04-08/2024-04-14,1,2,33,True
whitney houston,2024-04-08/2024-04-14,120,0,0,False
adele,2024-04-15/2024-04-21,24,0,0,False
beyonce,2024-04-15/2024-04-21,3,0,18,False
bruno mars,2024-04-15/2024-04-21,29,0,0,False
eminem,2024-04-15/2024-04-21,49,0,0,False
lady gaga,2024-04-15/2024-04-21,99,0,0,False
rihanna,2024-04-15/2024-04-21,78,0,0,False
taylor swift,2024-04-15/2024-04-21,1,38,435,True
the beatles,2024-04-15/2024-04-21,145,0,0,False
the weeknd,2024-04-15/2024-04-21,5,0,25,False
whitney houston,2024-04-15/2024-04-21,151,0,0,False
adele,2024-04-22/2024-04-28,30,0,0,False
beyonce,2024-04-22/2024-04-28,7,0,7,False
bruno mars,2024-04-22/2024-04-28,55,0,0,False
eminem,2024-04-22/2024-04-28,62,0,0,False
lady gaga,2024-04-22/2024-04-28,112,0,0,False
michael jackson,2024-04-22/2024-04-28,183,0,0,False
rihanna,2024-04-22/2024-04-28,73,0,0,False
taylor swift,2024-04-22/2024-04-28,1,56,442,True
the beatles,2024-04-22/2024-04-28,123,0,0,False
the weeknd,2024-04-22/2024-04-28,1,1,25,True
whitney houston,2024-04-22/2024-04-28,157,0,0,False
adele,2024-04-29/2024-05-05,31,0,0,False
beyonce,2024-04-29/2024-05-05,10,0,2,False
bruno mars,2024-04-29/2024-05-05,41,0,0,False
eminem,2024-04-29/2024-05-05,68,0,0,False
lady gaga,2024-04-29/2024-05-05,101,0,0,False
rihanna,2024-04-29/2024-05-05,85,0,0,False
taylor swift,2024-04-29/2024-05-05,1,2,201,True
the beatles,2024-04-29/2024-05-05,132,0,0,False
the weeknd,2024-04-29/2024-05-05,7,0,18,False
whitney houston,2024-04-29/2024-05-05,102,0,0,False
adele,2024-05-06/2024-05-12,35,0,0,False
beyonce,2024-05-06/2024-05-12,11,0,0,False
bruno mars,2024-05-06/2024-05-12,35,0,0,False
eminem,2024-05-06/2024-05-12,64,0,0,False
lady gaga,2024-05-06/2024-05-12,125,0,0,False
michael jackson,2024-05-06/2024-05-12,174,0,0,False
rihanna,2024-05-06/2024-05-12,79,0,0,False
taylor swift,2024-05-06/2024-05-12,2,0,112,False
the beatles,2024-05-06/2024-05-12,99,0,0,False
the weeknd,2024-05-06/2024-05-12,9,0,9,False
whitney houston,2024-05-06/2024-05-12,107,0,0,False
adele,2024-05-13/2024-05-19,32,0,0,False
beyonce,2024-05-13/2024-05-19,21,0,0,False
bruno mars,2024-05-13/2024-05-19,32,0,0,False
eminem,2024-05-13/2024-05-19,76,0,0,False
lady gaga,2024-05-13/2024-05-19,129,0,0,False
michael jackson,2024-05-13/2024-05-19,169,0,0,False
rihanna,2024-05-13/2024-05-19,86,0,0,False
taylor swift,2024-05-13/2024-05-19,2,0,76,False
the beatles,2024-05-13/2024-05-19,84,0,0,False
the weeknd,2024-05-13/2024-05-19,9,0,11,False
whitney houston,2024-05-13/2024-05-19,110,0,0,False
adele,2024-05-20/2024-05-26,39,0,0,False
beyonce,2024-05-20/2024-05-26,15,0,0,False
bruno mars,2024-05-20/2024-05-26,36,0,0,False
eminem,2024-05-20/2024-05-26,78,0,0,False
lady gaga,2024-05-20/2024-05-26,95,0,0,False
michael jackson,2024-05-20/2024-05-26,14,0,0,False
rihanna,2024-05-20/2024-05-26,82,0,0,False
taylor swift,2024-05-20/2024-05-26,4,0,18,False
the beatles,2024-05-20/2024-05-26,133,0,0,False
the weeknd,2024-05-20/2024-05-26,8,0,13,False
whitney houston,2024-05-20/2024-05-26,94,0,0,False
adele,2024-05-27/2024-06-02,33,0,0,False
beyonce,2024-05-27/2024-06-02,26,0,0,False
bruno mars,2024-05-27/2024-06-02,37,0,0,False
eminem,2024-05-27/2024-06-02,1,6,66,True
lady gaga,2024-05-27/2024-06-02,65,0,0,False
michael jackson,2024-05-27/2024-06-02,191,0,0,False
rihanna,2024-05-27/2024-06-02,64,0,0,False
taylor swift,2024-05-27/2024-06-02,3,0,8,False
the beatles,2024-05-27/2024-06-02,97,0,0,False
the weeknd,2024-05-27/2024-06-02,7,0,10,False
whitney houston,2024-05-27/2024-06-02,91,0,0,False
adele,2024-06-03/2024-06-09,39,0,0,False
beyonce,2024-06-03/2024-06-09,30,0,0,False
bruno mars,2024-06-03/2024-06-09,35,0,0,False
eminem,2024-06-03/2024-06-09,1,57,205,True
lady gaga,2024-06-03/2024-06-09,63,0,0,False
rihanna,2024-06-03/2024-06-09,73,0,0,False
taylor swift,2024-06-03/2024-06-09,4,0,8,False
the beatles,2024-06-03/2024-06-09,107,0,0,False
the weeknd,2024-06-03/2024-06-09,8,0,9,False
whitney houston,2024-06-03/2024-06-09,117,0,0,False
adele,2024-06-10/2024-06-16,38,0,0,False
beyonce,2024-06-10/2024-06-16,32,0,0,False
bruno mars,2024-06-10/2024-06-16,32,0,0,False
eminem,2024-06-10/2024-06-16,1,17,169,True
lady gaga,2024-06-10/2024-06-16,66,0,0,False
rihanna,2024-06-10/2024-06-16,86,0,0,False
taylor swift,2024-06-10/2024-06-16,5,0,11,False
the beatles,2024-06-10/2024-06-16,110,0,0,False
the weeknd,2024-06-10/2024-06-16,9,0,5,False
whitney houston,2024-06-10/2024-06-16,116,0,0,False
adele,2024-06-17/2024-06-23,38,0,0,False
beyonce,2024-06-17/2024-06-23,30,0,0,False
bruno mars,2024-06-17/2024-06-23,20,0,0,False
eminem,2024-06-17/2024-06-23,1,7,109,True
lady gaga,2024-06-17/2024-06-23,64,0,0,False
michael jackson,2024-06-17/2024-06-23,192,0,0,False
rihanna,2024-06-17/2024-06-23,79,0,0,False
taylor swift,2024-06-17/2024-06-23,8,0,10,False
the beatles,2024-06-17/2024-06-23,89,0,0,False
the weeknd,2024-06-17/2024-06-23,5,0,8,False
whitney houston,2024-06-17/2024-06-23,93,0,0,False
adele,2024-06-24/2024-06-30,36,0,0,False
beyonce,2024-06-24/2024-06-30,33,0,0,False
bruno mars,2024-06-24/2024-06-30,17,0,0,False
eminem,2024-06-24/2024-06-30,1,1,74,True
lady gaga,2024-06-24/2024-06-30,57,0,0,False
michael jackson,2024-06-24/2024-06-30,183,0,0,False
rihanna,2024-06-24/2024-06-30,78,0,0,False
taylor swift,2024-06-24/2024-06-30,3,0,12,False
the beatles,2024-06-24/2024-06-30,121,0,0,False
the weeknd,2024-06-24/2024-06-30,3,0,15,False
whitney houston,2024-06-24/2024-06-30,94,0,0,False
adele,2024-07-01/2024-07-07,38,0,0,False
beyonce,2024-07-01/2024-07-07,36,0,0,False
bruno mars,2024-07-01/2024-07-07,51,0,0,False
eminem,2024-07-01/2024-07-07,1,1,64,True
lady gaga,2024-07-01/2024-07-07,55,0,0,False
michael jackson,2024-07-01/2024-07-07,181,0,0,False
rihanna,2024-07-01/2024-07-07,34,0,0,False
taylor swift,2024-07-01/2024-07-07,8,0,3,False
the beatles,2024-07-01/2024-07-07,105,0,0,False
the weeknd,2024-07-01/2024-07-07,5,0,15,False
whitney houston,2024-07-01/2024-07-07,149,0,0,False
adele,2024-07-08/2024-07-14,37,0,0,False
beyonce,2024-07-08/2024-07-14,42,0,0,False
bruno mars,2024-07-08/2024-07-14,86,0,0,False
eminem,2024-07-08/2024-07-14,1,5,85,True
lady gaga,2024-07-08/2024-07-14,48,0,0,False
rihanna,2024-07-08/2024-07-14,95,0,0,False
taylor swift,2024-07-08/2024-07-14,3,0,8,False
the beatles,2024-07-08/2024-07-14,134,0,0,False
the weeknd,2024-07-08/2024-07-14,7,0,8,False
whitney houston,2024-07-08/2024-07-14,109,0,0,False
adele,2024-07-15/2024-07-21,37,0,0,False
beyonce,2024-07-15/2024-07-21,49,0,0,False
bruno mars,2024-07-15/2024-07-21,78,0,0,False
eminem,2024-07-15/2024-07-21,1,5,66,True
lady gaga,2024-07-15/2024-07-21,56,0,0,False
rihanna,2024-07-15/2024-07-21,98,0,0,False
taylor swift,2024-07-15/2024-07-21,10,0,1,False
the beatles,2024-07-15/2024-07-21,89,0,0,False
the weeknd,2024-07-15/2024-07-21,7,0,7,False
whitney houston,2024-07-15/2024-07-21,83,0,0,False
adele,2024-07-22/2024-07-28,39,0,0,False
beyonce,2024-07-22/2024-07-28,60,0,0,False
bruno mars,2024-07-22/2024-07-28,78,0,0,False
eminem,2024-07-22/2024-07-28,1,2,22,True
lady gaga,2024-07-22/2024-07-28,75,0,0,False
michael jackson,2024-07-22/2024-07-28,177,0,0,False
rihanna,2024-07-22/2024-07-28,88,0,0,False
taylor swift,2024-07-22/2024-07-28,12,0,0,False
the beatles,2024-07-22/2024-07-28,100,0,0,False
the weeknd,2024-07-22/2024-07-28,7,0,7,False
whitney houston,2024-07-22/2024-07-28,106,0,0,False
adele,2024-07-29/2024-08-04,39,0,0,False
beyonce,2024-07-29/2024-08-04,63,0,0,False
bruno mars,2024-07-29/2024-08-04,36,0,0,False
eminem,2024-07-29/2024-08-04,4,0,7,False
lady gaga,2024-07-29/2024-08-04,70,0,0,False
rihanna,2024-07-29/2024-08-04,87,0,0,False
taylor swift,2024-07-29/2024-08-04,10,0,3,False
the beatles,2024-07-29/2024-08-04,95,0,0,False
the weeknd,2024-07-29/2024-08-04,8,0,7,False
whitney houston,2024-07-29/2024-08-04,188,0,0,False
adele,2024-08-05/2024-08-11,32,0,0,False
beyonce,2024-08-05/2024-08-11,61,0,0,False
bruno mars,2024-08-05/2024-08-11,27,0,0,False
eminem,2024-08-05/2024-08-11,6,0,5,False
lady gaga,2024-08-05/2024-08-11,74,0,0,False
michael jackson,2024-08-05/2024-08-11,194,0,0,False
rihanna,2024-08-05/2024-08-11,78,0,0,False
taylor swift,2024-08-05/2024-08-11,2,0,7,False
the beatles,2024-08-05/2024-08-11,85,0,0,False
the weeknd,2024-08-05/2024-08-11,8,0,7,False
whitney houston,2024-08-05/2024-08-11,189,0,0,False
adele,2024-08-12/2024-08-18,31,0,0,False
beyonce,2024-08-12/2024-08-18,82,0,0,False
bruno mars,2024-08-12/2024-08-18,2,0,11,False
eminem,2024-08-12/2024-08-18,12,0,0,False
lady gaga,2024-08-12/2024-08-18,2,0,11,False
michael jackson,2024-08-12/2024-08-18,167,0,0,False
rihanna,2024-08-12/2024-08-18,51,0,0,False
taylor swift,2024-08-12/2024-08-18,9,0,5,False
the beatles,2024-08-12/2024-08-18,85,0,0,False
the weeknd,2024-08-12/2024-08-18,8,0,6,False
whitney houston,2024-08-12/2024-08-18,192,0,0,False
adele,2024-08-19/2024-08-25,31,0,0,False
beyonce,2024-08-19/2024-08-25,89,0,0,False
bruno mars,2024-08-19/2024-08-25,1,16,122,True
eminem,2024-08-19/2024-08-25,14,0,0,False
lady gaga,2024-08-19/2024-08-25,1,16,122,True
michael jackson,2024-08-19/2024-08-25,94,0,0,False
rihanna,2024-08-19/2024-08-25,78,0,0,False
taylor swift,2024-08-19/2024-08-25,9,0,2,False
the beatles,2024-08-19/2024-08-25,122,0,0,False
the weeknd,2024-08-19/2024-08-25,10,0,1,False
adele,2024-08-26/2024-09-01,36,0,0,False
beyonce,2024-08-26/2024-09-01,105,0,0,False
bruno mars,2024-08-26/2024-09-01,1,31,164,True
eminem,2024-08-26/2024-09-01,15,0,0,False
lady gaga,2024-08-26/2024-09-01,1,31,164,True
michael jackson,2024-08-26/2024-09-01,197,0,0,False
rihanna,2024-08-26/2024-09-01,83,0,0,False
taylor swift,2024-08-26/2024-09-01,14,0,0,False
the beatles,2024-08-26/2024-09-01,118,0,0,False
the weeknd,2024-08-26/2024-09-01,9,0,4,False
adele,2024-09-02/2024-09-08,33,0,0,False
beyonce,2024-09-02/2024-09-08,108,0,0,False
bruno mars,2024-09-02/2024-09-08,1,40,192,True
eminem,2024-09-02/2024-09-08,21,0,0,False
lady gaga,2024-09-02/2024-09-08,1,40,192,True
michael jackson,2024-09-02/2024-09-08,200,0,0,False
rihanna,2024-09-02/2024-09-08,74,0,0,False
taylor swift,2024-09-02/2024-09-08,14,0,0,False
the beatles,2024-09-02/2024-09-08,118,0,0,False
the weeknd,2024-09-02/2024-09-08,8,0,7,False
adele,2024-09-09/2024-09-15,31,0,0,False
beyonce,2024-09-09/2024-09-15,96,0,0,False
bruno mars,2024-09-09/2024-09-15,1,38,221,True
eminem,2024-09-09/2024-09-15,29,0,0,False
lady gaga,2024-09-09/2024-09-15,1,38,220,True
rihanna,2024-09-09/2024-09-15,62,0,0,False
taylor swift,2024-09-09/2024-09-15,15,0,0,False
the beatles,2024-09-09/2024-09-15,133,0,0,False
the weeknd,2024-09-09/2024-09-15,2,0,24,False
adele,2024-09-16/2024-09-22,40,0,0,False
beyonce,2024-09-16/2024-09-22,89,0,0,False
bruno mars,2024-09-16/2024-09-22,1,59,236,True
eminem,2024-09-16/2024-09-22,34,0,0,False
lady gaga,2024-09-16/2024-09-22,1,59,231,True
rihanna,2024-09-16/2024-09-22,65,0,0,False
taylor swift,2024-09-16/2024-09-22,13,0,0,False
the beatles,2024-09-16/2024-09-22,133,0,0,False
the weeknd,2024-09-16/2024-09-22,4,0,8,False
adele,2024-09-23/2024-09-29,41,0,0,False
beyonce,2024-09-23/2024-09-29,99,0,0,False
bruno mars,2024-09-23/2024-09-29,1,80,262,True
eminem,2024-09-23/2024-09-29,41,0,0,False
lady gaga,2024-09-23/2024-09-29,1,80,260,True
michael jackson,2024-09-23/2024-09-29,179,0,0,False
rihanna,2024-09-23/2024-09-29,69,0,0,False
taylor swift,2024-09-23/2024-09-29,15,0,0,False
the beatles,2024-09-23/2024-09-29,120,0,0,False
the weeknd,2024-09-23/2024-09-29,1,17,91,True
adele,2024-09-30/2024-10-06,36,0,0,False
beyonce,2024-09-30/2024-10-06,114,0,0,False
bruno mars,2024-09-30/2024-10-06,1,76,252,True
eminem,2024-09-30/2024-10-06,19,0,0,False
lady gaga,2024-09-30/2024-10-06,1,76,251,True
michael jackson,2024-09-30/2024-10-06,140,0,0,False
rihanna,2024-09-30/2024-10-06,76,0,0,False
taylor swift,2024-09-30/2024-10-06,15,0,0,False
the beatles,2024-09-30/2024-10-06,146,0,0,False
the weeknd,2024-09-30/2024-10-06,1,17,155,True
whitney houston,2024-09-30/2024-10-06,199,0,0,False
adele,2024-10-07/2024-10-13,36,0,0,False
beyonce,2024-10-07/2024-10-13,148,0,0,False
bruno mars,2024-10-07/2024-10-13,1,86,233,True
eminem,2024-10-07/2024-10-13,14,0,0,False
lady gaga,2024-10-07/2024-10-13,1,86,233,True
michael jackson,2024-10-07/2024-10-13,101,0,0,False
rihanna,2024-10-07/2024-10-13,70,0,0,False
taylor swift,2024-10-07/2024-10-13,17,0,0,False
the beatles,2024-10-07/2024-10-13,83,0,0,False
the weeknd,2024-10-07/2024-10-13,1,1,113,True
whitney houston,2024-10-07/2024-10-13,188,0,0,False
adele,2024-10-14/2024-10-20,40,0,0,False
beyonce,2024-10-14/2024-10-20,179,0,0,False
bruno mars,2024-10-14/2024-10-20,1,90,296,True
eminem,2024-10-14/2024-10-20,20,0,0,False
lady gaga,2024-10-14/2024-10-20,1,68,232,True
michael jackson,2024-10-14/2024-10-20,97,0,0,False
rihanna,2024-10-14/2024-10-20,66,0,0,False
taylor swift,2024-10-14/2024-10-20,22,0,0,False
the beatles,2024-10-14/2024-10-20,89,0,0,False
the weeknd,2024-10-14/2024-10-20,2,0,77,False
adele,2024-10-21/2024-10-27,48,0,0,False
beyonce,2024-10-21/2024-10-27,177,0,0,False
bruno mars,2024-10-21/2024-10-27,1,123,489,True
eminem,2024-10-21/2024-10-27,31,0,0,False
lady gaga,2024-10-21/2024-10-27,1,32,263,True
michael jackson,2024-10-21/2024-10-27,60,0,0,False
rihanna,2024-10-21/2024-10-27,83,0,0,False
taylor swift,2024-10-21/2024-10-27,17,0,0,False
the beatles,2024-10-21/2024-10-27,145,0,0,False
the weeknd,2024-10-21/2024-10-27,2,0,59,False
whitney houston,2024-10-21/2024-10-27,168,0,0,False
adele,2024-10-28/2024-11-03,48,0,0,False
beyonce,2024-10-28/2024-11-03,96,0,0,False
bruno mars,2024-10-28/2024-11-03,1,111,434,True
eminem,2024-10-28/2024-11-03,46,0,0,False
lady gaga,2024-10-28/2024-11-03,1,30,245,True
michael jackson,2024-10-28/2024-11-03,4,0,4,False
rihanna,2024-10-28/2024-11-03,34,0,0,False
taylor swift,2024-10-28/2024-11-03,26,0,0,False
the beatles,2024-10-28/2024-11-03,179,0,0,False
the weeknd,2024-10-28/2024-11-03,1,1,107,True
whitney houston,2024-10-28/2024-11-03,187,0,0,False
adele,2024-11-04/2024-11-10,48,0,0,False
beyonce,2024-11-04/2024-11-10,79,0,0,False
bruno mars,2024-11-04/2024-11-10,1,113,464,True
eminem,2024-11-04/2024-11-10,47,0,0,False
lady gaga,2024-11-04/2024-11-10,1,58,264,True
michael jackson,2024-11-04/2024-11-10,91,0,0,False
rihanna,2024-11-04/2024-11-10,71,0,0,False
taylor swift,2024-11-04/2024-11-10,26,0,0,False
the beatles,2024-11-04/2024-11-10,132,0,0,False
the weeknd,2024-11-04/2024-11-10,1,1,122,True
adele,2024-11-11/2024-11-17,51,0,0,False
beyonce,2024-11-11/2024-11-17,78,0,0,False
bruno mars,2024-11-11/2024-11-17,1,71,464,True
elvis presley,2024-11-11/2024-11-17,93,0,0,False
eminem,2024-11-11/2024-11-17,54,0,0,False
lady gaga,2024-11-11/2024-11-17,1,31,264,True
michael jackson,2024-11-11/2024-11-17,140,0,0,False
rihanna,2024-11-11/2024-11-17,58,0,0,False
taylor swift,2024-11-11/2024-11-17,21,0,0,False
the beatles,2024-11-11/2024-11-17,164,0,0,False
the weeknd,2024-11-11/2024-11-17,3,0,71,False
adele,2024-11-18/2024-11-24,46,0,0,False
beyonce,2024-11-18/2024-11-24,112,0,0,False
bruno mars,2024-11-18/2024-11-24,1,43,370,True
elvis presley,2024-11-18/2024-11-24,53,0,0,False
eminem,2024-11-18/2024-11-24,64,0,0,False
lady gaga,2024-11-18/2024-11-24,1,11,187,True
michael jackson,2024-11-18/2024-11-24,163,0,0,False
rihanna,2024-11-18/2024-11-24,48,0,0,False
taylor swift,2024-11-18/2024-11-24,26,0,0,False
the weeknd,2024-11-18/2024-11-24,2,0,68,False
adele,2024-11-25/2024-12-01,64,0,0,False
beyonce,2024-11-25/2024-12-01,88,0,0,False
bruno mars,2024-11-25/2024-12-01,1,35,370,True
elvis presley,2024-11-25/2024-12-01,30,0,0,False
eminem,2024-11-25/2024-12-01,54,0,0,False
lady gaga,2024-11-25/2024-12-01,1,8,166,True
michael jackson,2024-11-25/2024-12-01,196,0,0,False
rihanna,2024-11-25/2024-12-01,51,0,0,False
taylor swift,2024-11-25/2024-12-01,24,0,0,False
the beatles,2024-11-25/2024-12-01,184,0,0,False
the weeknd,2024-11-25/2024-12-01,3,0,53,False
adele,2024-12-02/2024-12-08,68,0,0,False
beyonce,2024-12-02/2024-12-08,117,0,0,False
bruno mars,2024-12-02/2024-12-08,1,36,330,True
elvis presley,2024-12-02/2024-12-08,27,0,0,False
eminem,2024-12-02/2024-12-08,55,0,0,False
lady gaga,2024-12-02/2024-12-08,1,6,150,True
rihanna,2024-12-02/2024-12-08,32,0,0,False
taylor swift,2024-12-02/2024-12-08,21,0,0,False
the weeknd,2024-12-02/2024-12-08,3,0,43,False
adele,2024-12-09/2024-12-15,73,0,0,False
beyonce,2024-12-09/2024-12-15,111,0,0,False
bruno mars,2024-12-09/2024-12-15,1,36,335,True
elvis presley,2024-12-09/2024-12-15,29,0,0,False
eminem,2024-12-09/2024-12-15,47,0,0,False
lady gaga,2024-12-09/2024-12-15,1,23,175,True
rihanna,2024-12-09/2024-12-15,16,0,0,False
taylor swift,2024-12-09/2024-12-15,26,0,0,False
the weeknd,2024-12-09/2024-12-15,4,0,46,False
adele,2024-12-16/2024-12-22,75,0,0,False
beyonce,2024-12-16/2024-12-22,198,0,0,False
bruno mars,2024-12-16/2024-12-22,1,41,323,True
elvis presley,2024-12-16/2024-12-22,20,0,0,False
eminem,2024-12-16/2024-12-22,52,0,0,False
lady gaga,2024-12-16/2024-12-22,1,22,174,True
rihanna,2024-12-16/2024-12-22,16,0,0,False
taylor swift,2024-12-16/2024-12-22,27,0,0,False
the weeknd,2024-12-16/2024-12-22,3,0,35,False
whitney houston,2024-12-16/2024-12-22,140,0,0,False
adele,2024-12-23/2024-12-29,75,0,0,False
beyonce,2024-12-23/2024-12-29,124,0,0,False
bruno mars,2024-12-23/2024-12-29,1,40,365,True
elvis presley,2024-12-23/2024-12-29,15,0,0,False
eminem,2024-12-23/2024-12-29,65,0,0,False
lady gaga,2024-12-23/2024-12-29,1,29,190,True
michael jackson,2024-12-23/2024-12-29,130,0,0,False
rihanna,2024-12-23/2024-12-29,15,0,0,False
taylor swift,2024-12-23/2024-12-29,26,0,0,False
the beatles,2024-12-23/2024-12-29,199,0,0,False
the weeknd,2024-12-23/2024-12-29,2,0,47,False
whitney houston,2024-12-23/2024-12-29,79,0,0,False
adele,2024-12-30/2025-01-05,71,0,0,False
beyonce,2024-12-30/2025-01-05,28,0,0,False
bruno mars,2024-12-30/2025-01-05,1,68,536,True
eminem,2024-12-30/2025-01-05,61,0,0,False
lady gaga,2024-12-30/2025-01-05,1,32,272,True
michael jackson,2024-12-30/2025-01-05,83,0,0,False
rihanna,2024-12-30/2025-01-05,14,0,0,False
taylor swift,2024-12-30/2025-01-05,23,0,0,False
the beatles,2024-12-30/2025-01-05,162,0,0,False
the weeknd,2024-12-30/2025-01-05,2,0,75,False
whitney houston,2024-12-30/2025-01-05,13,0,0,False
adele,2025-01-06/2025-01-12,72,0,0,False
beyonce,2025-01-06/2025-01-12,80,0,0,False
bruno mars,2025-01-06/2025-01-12,1,63,527,True
eminem,2025-01-06/2025-01-12,62,0,0,False
lady gaga,2025-01-06/2025-01-12,1,33,268,True
michael jackson,2025-01-06/2025-01-12,146,0,0,False
rihanna,2025-01-06/2025-01-12,16,0,0,False
taylor swift,2025-01-06/2025-01-12,24,0,0,False
the weeknd,2025-01-06/2025-01-12,2,0,75,False
adele,2025-01-13/2025-01-19,72,0,0,False
beyonce,2025-01-13/2025-01-19,100,0,0,False
bruno mars,2025-01-13/2025-01-19,1,37,517,True
eminem,2025-01-13/2025-01-19,71,0,0,False
lady gaga,2025-01-13/2025-01-19,1,19,268,True
michael jackson,2025-01-13/2025-01-19,114,0,0,False
rihanna,2025-01-13/2025-01-19,14,0,0,False
taylor swift,2025-01-13/2025-01-19,32,0,0,False
the weeknd,2025-01-13/2025-01-19,3,0,54,False
adele,2025-01-20/2025-01-26,65,0,0,False
beyonce,2025-01-20/2025-01-26,120,0,0,False
bruno mars,2025-01-20/2025-01-26,1,39,504,True
eminem,2025-01-20/2025-01-26,71,0,0,False
lady gaga,2025-01-20/2025-01-26,1,16,271,True
michael jackson,2025-01-20/2025-01-26,146,0,0,False
rihanna,2025-01-20/2025-01-26,11,0,0,False
taylor swift,2025-01-20/2025-01-26,31,0,0,False
the weeknd,2025-01-20/2025-01-26,5,0,56,False
adele,2025-01-27/2025-02-02,55,0,0,False
beyonce,2025-01-27/2025-02-02,129,0,0,False
bruno mars,2025-01-27/2025-02-02,1,41,508,True
eminem,2025-01-27/2025-02-02,57,0,0,False
lady gaga,2025-01-27/2025-02-02,1,20,272,True
michael jackson,2025-01-27/2025-02-02,151,0,0,False
rihanna,2025-01-27/2025-02-02,12,0,0,False
taylor swift,2025-01-27/2025-02-02,37,0,0,False
the weeknd,2025-01-27/2025-02-02,1,3,183,True
adele,2025-02-03/2025-02-09,70,0,0,False
beyonce,2025-02-03/2025-02-09,107,0,0,False
bruno mars,2025-02-03/2025-02-09,1,36,477,True
eminem,2025-02-03/2025-02-09,67,0,0,False
lady gaga,2025-02-03/2025-02-09,1,30,394,True
michael jackson,2025-02-03/2025-02-09,152,0,0,False
rihanna,2025-02-03/2025-02-09,14,0,0,False
taylor swift,2025-02-03/2025-02-09,42,0,0,False
the weeknd,2025-02-03/2025-02-09,1,4,196,True
adele,2025-02-10/2025-02-16,65,0,0,False
beyonce,2025-02-10/2025-02-16,113,0,0,False
bruno mars,2025-02-10/2025-02-16,1,12,443,True
elvis presley,2025-02-10/2025-02-16,142,0,0,False
eminem,2025-02-10/2025-02-16,70,0,0,False
lady gaga,2025-02-10/2025-02-16,1,9,346,True
michael jackson,2025-02-10/2025-02-16,127,0,0,False
rihanna,2025-02-10/2025-02-16,19,0,0,False
taylor swift,2025-02-10/2025-02-16,49,0,0,False
the weeknd,2025-02-10/2025-02-16,4,0,51,False
adele,2025-02-17/2025-02-23,85,0,0,False
beyonce,2025-02-17/2025-02-23,99,0,0,False
bruno mars,2025-02-17/2025-02-23,1,28,418,True
eminem,2025-02-17/2025-02-23,67,0,0,False
lady gaga,2025-02-17/2025-02-23,1,9,296,True
michael jackson,2025-02-17/2025-02-23,154,0,0,False
rihanna,2025-02-17/2025-02-23,22,0,0,False
taylor swift,2025-02-17/2025-02-23,50,0,0,False
the weeknd,2025-02-17/2025-02-23,8,0,16,False
adele,2025-02-24/2025-03-02,78,0,0,False
beyonce,2025-02-24/2025-03-02,87,0,0,False
bruno mars,2025-02-24/2025-03-02,1,26,383,True
eminem,2025-02-24/2025-03-02,70,0,0,False
lady gaga,2025-02-24/2025-03-02,1,9,262,True
michael jackson,2025-02-24/2025-03-02,122,0,0,False
rihanna,2025-02-24/2025-03-02,20,0,0,False
taylor swift,2025-02-24/2025-03-02,54,0,0,False
the weeknd,2025-02-24/2025-03-02,8,0,10,False
adele,2025-03-03/2025-03-09,98,0,0,False
beyonce,2025-03-03/2025-03-09,105,0,0,False
bruno mars,2025-03-03/2025-03-09,1,35,363,True
eminem,2025-03-03/2025-03-09,82,0,0,False
lady gaga,2025-03-03/2025-03-09,1,13,275,True
michael jackson,2025-03-03/2025-03-09,146,0,0,False
rihanna,2025-03-03/2025-03-09,21,0,0,False
taylor swift,2025-03-03/2025-03-09,58,0,0,False
the weeknd,2025-03-03/2025-03-09,8,0,7,False
adele,2025-03-10/2025-03-16,67,0,0,False
beyonce,2025-03-10/2025-03-16,127,0,0,False
bruno mars,2025-03-10/2025-03-16,1,20,261,True
eminem,2025-03-10/2025-03-16,66,0,0,False
lady gaga,2025-03-10/2025-03-16,1,5,175,True
michael jackson,2025-03-10/2025-03-16,159,0,0,False
rihanna,2025-03-10/2025-03-16,26,0,0,False
taylor swift,2025-03-10/2025-03-16,61,0,0,False
the weeknd,2025-03-10/2025-03-16,2,0,67,False
whitney houston,2025-03-10/2025-03-16,137,0,0,False
adele,2025-03-17/2025-03-23,68,0,0,False
beyonce,2025-03-17/2025-03-23,119,0,0,False
bruno mars,2025-03-17/2025-03-23,1,18,241,True
eminem,2025-03-17/2025-03-23,87,0,0,False
lady gaga,2025-03-17/2025-03-23,1,7,125,True
michael jackson,2025-03-17/2025-03-23,128,0,0,False
rihanna,2025-03-17/2025-03-23,49,0,0,False
taylor swift,2025-03-17/2025-03-23,59,0,0,False
the weeknd,2025-03-17/2025-03-23,2,0,80,False
whitney houston,2025-03-17/2025-03-23,162,0,0,False
adele,2025-03-24/2025-03-30,68,0,0,False
beyonce,2025-03-24/2025-03-30,131,0,0,False
bruno mars,2025-03-24/2025-03-30,1,13,228,True
eminem,2025-03-24/2025-03-30,91,0,0,False
lady gaga,2025-03-24/2025-03-30,1,7,117,True
michael jackson,2025-03-24/2025-03-30,126,0,0,False
rihanna,2025-03-24/2025-03-30,47,0,0,False
taylor swift,2025-03-24/2025-03-30,66,0,0,False
the weeknd,2025-03-24/2025-03-30,4,0,37,False
whitney houston,2025-03-24/2025-03-30,178,0,0,False
adele,2025-03-31/2025-04-06,70,0,0,False
beyonce,2025-03-31/2025-04-06,124,0,0,False
bruno mars,2025-03-31/2025-04-06,1,11,191,True
eminem,2025-03-31/2025-04-06,102,0,0,False
lady gaga,2025-03-31/2025-04-06,1,7,104,True
michael jackson,2025-03-31/2025-04-06,140,0,0,False
rihanna,2025-03-31/2025-04-06,49,0,0,False
taylor swift,2025-03-31/2025-04-06,62,0,0,False
the weeknd,2025-03-31/2025-04-06,8,0,21,False
whitney houston,2025-03-31/2025-04-06,187,0,0,False
adele,2025-04-07/2025-04-13,78,0,0,False
beyonce,2025-04-07/2025-04-13,138,0,0,False
bruno mars,2025-04-07/2025-04-13,1,7,181,True
eminem,2025-04-07/2025-04-13,106,0,0,False
lady gaga,2025-04-07/2025-04-13,1,7,100,True
michael jackson,2025-04-07/2025-04-13,165,0,0,False
rihanna,2025-04-07/2025-04-13,50,0,0,False
taylor swift,2025-04-07/2025-04-13,59,0,0,False
the weeknd,2025-04-07/2025-04-13,7,0,19,False
whitney houston,2025-04-07/2025-04-13,174,0,0,False
adele,2025-04-14/2025-04-20,108,0,0,False
beyonce,2025-04-14/2025-04-20,131,0,0,False
bruno mars,2025-04-14/2025-04-20,1,7,203,True
eminem,2025-04-14/2025-04-20,108,0,0,False
lady gaga,2025-04-14/2025-04-20,1,7,122,True
michael jackson,2025-04-14/2025-04-20,115,0,0,False
rihanna,2025-04-14/2025-04-20,53,0,0,False
taylor swift,2025-04-14/2025-04-20,57,0,0,False
the beatles,2025-04-14/2025-04-20,163,0,0,False
the weeknd,2025-04-14/2025-04-20,8,0,5,False
whitney houston,2025-04-14/2025-04-20,171,0,0,False
adele,2025-04-21/2025-04-27,105,0,0,False
beyonce,2025-04-21/2025-04-27,142,0,0,False
bruno mars,2025-04-21/2025-04-27,1,7,174,True
eminem,2025-04-21/2025-04-27,110,0,0,False
lady gaga,2025-04-21/2025-04-27,1,7,105,True
michael jackson,2025-04-21/2025-04-27,177,0,0,False
rihanna,2025-04-21/2025-04-27,54,0,0,False
taylor swift,2025-04-21/2025-04-27,59,0,0,False
the weeknd,2025-04-21/2025-04-27,7,0,8,False
whitney houston,2025-04-21/2025-04-27,179,0,0,False
adele,2025-04-28/2025-05-04,106,0,0,False
beyonce,2025-04-28/2025-05-04,119,0,0,False
bruno mars,2025-04-28/2025-05-04,1,8,136,True
eminem,2025-04-28/2025-05-04,128,0,0,False
lady gaga,2025-04-28/2025-05-04,1,8,86,True
michael jackson,2025-04-28/2025-05-04,187,0,0,False
rihanna,2025-04-28/2025-05-04,61,0,0,False
taylor swift,2025-04-28/2025-05-04,63,0,0,False
the weeknd,2025-04-28/2025-05-04,7,0,3,False
whitney houston,2025-04-28/2025-05-04,165,0,0,False
adele,2025-05-05/2025-05-11,109,0,0,False
beyonce,2025-05-05/2025-05-11,101,0,0,False
bruno mars,2025-05-05/2025-05-11,1,4,137,True
eminem,2025-05-05/2025-05-11,119,0,0,False
lady gaga,2025-05-05/2025-05-11,1,4,93,True
michael jackson,2025-05-05/2025-05-11,179,0,0,False
rihanna,2025-05-05/2025-05-11,60,0,0,False
taylor swift,2025-05-05/2025-05-11,66,0,0,False
the beatles,2025-05-05/2025-05-11,189,0,0,False
the weeknd,2025-05-05/2025-05-11,9,0,6,False
whitney houston,2025-05-05/2025-05-11,164,0,0,False
adele,2025-05-12/2025-05-18,101,0,0,False
beyonce,2025-05-12/2025-05-18,145,0,0,False
bruno mars,2025-05-12/2025-05-18,2,0,108,False
eminem,2025-05-12/2025-05-18,127,0,0,False
lady gaga,2025-05-12/2025-05-18,2,0,70,False
rihanna,2025-05-12/2025-05-18,44,0,0,False
taylor swift,2025-05-12/2025-05-18,68,0,0,False
the beatles,2025-05-12/2025-05-18,171,0,0,False
the weeknd,2025-05-12/2025-05-18,9,0,2,False
whitney houston,2025-05-12/2025-05-18,158,0,0,False
adele,2025-05-19/2025-05-25,105,0,0,False
beyonce,2025-05-19/2025-05-25,113,0,0,False
bruno mars,2025-05-19/2025-05-25,2,0,93,False
eminem,2025-05-19/2025-05-25,144,0,0,False
lady gaga,2025-05-19/2025-05-25,2,0,71,False
rihanna,2025-05-19/2025-05-25,68,0,0,False
taylor swift,2025-05-19/2025-05-25,76,0,0,False
the beatles,2025-05-19/2025-05-25,200,0,0,False
the weeknd,2025-05-19/2025-05-25,10,0,1,False
whitney houston,2025-05-19/2025-05-25,196,0,0,False
adele,2025-05-26/2025-06-01,104,0,0,False
beyonce,2025-05-26/2025-06-01,109,0,0,False
bruno mars,2025-05-26/2025-06-01,3,0,75,False
eminem,2025-05-26/2025-06-01,139,0,0,False
lady gaga,2025-05-26/2025-06-01,3,0,47,False
michael jackson,2025-05-26/2025-06-01,173,0,0,False
rihanna,2025-05-26/2025-06-01,83,0,0,False
taylor swift,2025-05-26/2025-06-01,64,0,0,False
the weeknd,2025-05-26/2025-06-01,11,0,0,False
whitney houston,2025-05-26/2025-06-01,157,0,0,False
adele,2025-06-02/2025-06-08,115,0,0,False
beyonce,2025-06-02/2025-06-08,112,0,0,False
bruno mars,2025-06-02/2025-06-08,2,0,45,False
eminem,2025-06-02/2025-06-08,146,0,0,False
lady gaga,2025-06-02/2025-06-08,2,0,27,False
michael jackson,2025-06-02/2025-06-08,66,0,0,False
rihanna,2025-06-02/2025-06-08,87,0,0,False
taylor swift,2025-06-02/2025-06-08,49,0,0,False
the weeknd,2025-06-02/2025-06-08,10,0,2,False
whitney houston,2025-06-02/2025-06-08,185,0,0,False
adele,2025-06-09/2025-06-15,115,0,0,False
beyonce,2025-06-09/2025-06-15,115,0,0,False
bruno mars,2025-06-09/2025-06-15,4,0,41,False
eminem,2025-06-09/2025-06-15,170,0,0,False
lady gaga,2025-06-09/2025-06-15,4,0,25,False
michael jackson,2025-06-09/2025-06-15,94,0,0,False
rihanna,2025-06-09/2025-06-15,86,0,0,False
taylor swift,2025-06-09/2025-06-15,55,0,0,False
the weeknd,2025-06-09/2025-06-15,15,0,0,False
whitney houston,2025-06-09/2025-06-15,169,0,0,False
adele,2025-06-16/2025-06-22,118,0,0,False
beyonce,2025-06-16/2025-06-22,141,0,0,False
bruno mars,2025-06-16/2025-06-22,4,0,43,False
eminem,2025-06-16/2025-06-22,169,0,0,False
lady gaga,2025-06-16/2025-06-22,4,0,28,False
michael jackson,2025-06-16/2025-06-22,185,0,0,False
rihanna,2025-06-16/2025-06-22,100,0,0,False
taylor swift,2025-06-16/2025-06-22,60,0,0,False
the beatles,2025-06-16/2025-06-22,187,0,0,False
the weeknd,2025-06-16/2025-06-22,14,0,0,False
whitney houston,2025-06-16/2025-06-22,146,0,0,False
adele,2025-06-23/2025-06-29,136,0,0,False
beyonce,2025-06-23/2025-06-29,181,0,0,False
bruno mars,2025-06-23/2025-06-29,4,0,29,False
eminem,2025-06-23/2025-06-29,169,0,0,False
lady gaga,2025-06-23/2025-06-29,4,0,18,False
rihanna,2025-06-23/2025-06-29,105,0,0,False
taylor swift,2025-06-23/2025-06-29,72,0,0,False
the weeknd,2025-06-23/2025-06-29,14,0,0,False
adele,2025-06-30/2025-07-06,132,0,0,False
beyonce,2025-06-30/2025-07-06,165,0,0,False
bruno mars,2025-06-30/2025-07-06,4,0,15,False
eminem,2025-06-30/2025-07-06,178,0,0,False
lady gaga,2025-06-30/2025-07-06,4,0,13,False
rihanna,2025-06-30/2025-07-06,112,0,0,False
taylor swift,2025-06-30/2025-07-06,76,0,0,False
the weeknd,2025-06-30/2025-07-06,18,0,0,False
whitney houston,2025-06-30/2025-07-06,198,0,0,False
adele,2025-07-07/2025-07-13,141,0,0,False
beyonce,2025-07-07/2025-07-13,122,0,0,False
bruno mars,2025-07-07/2025-07-13,7,0,11,False
eminem,2025-07-07/2025-07-13,165,0,0,False
lady gaga,2025-07-07/2025-07-13,7,0,8,False
rihanna,2025-07-07/2025-07-13,101,0,0,False
taylor swift,2025-07-07/2025-07-13,68,0,0,False
the weeknd,2025-07-07/2025-07-13,22,0,0,False
whitney houston,2025-07-07/2025-07-13,162,0,0,False
adele,2025-07-14/2025-07-20,149,0,0,False
beyonce,2025-07-14/2025-07-20,104,0,0,False
bruno mars,2025-07-14/2025-07-20,5,0,8,False
eminem,2025-07-14/2025-07-20,183,0,0,False
lady gaga,2025-07-14/2025-07-20,9,0,5,False
michael jackson,2025-07-14/2025-07-20,199,0,0,False
rihanna,2025-07-14/2025-07-20,119,0,0,False
taylor swift,2025-07-14/2025-07-20,69,0,0,False
the weeknd,2025-07-14/2025-07-20,24,0,0,False
adele,2025-07-21/2025-07-27,145,0,0,False
beyonce,2025-07-21/2025-07-27,173,0,0,False
bruno mars,2025-07-21/2025-07-27,6,0,3,False
eminem,2025-07-21/2025-07-27,162,0,0,False
lady gaga,2025-07-21/2025-07-27,11,0,0,False
michael jackson,2025-07-21/2025-07-27,99,0,0,False
rihanna,2025-07-21/2025-07-27,124,0,0,False
taylor swift,2025-07-21/2025-07-27,62,0,0,False
the weeknd,2025-07-21/2025-07-27,24,0,0,False
whitney houston,2025-07-21/2025-07-27,193,0,0,False
adele,2025-07-28/2025-08-03,142,0,0,False
beyonce,2025-07-28/2025-08-03,162,0,0,False
bruno mars,2025-07-28/2025-08-03,7,0,12,False
eminem,2025-07-28/2025-08-03,160,0,0,False
lady gaga,2025-07-28/2025-08-03,8,0,10,False
michael jackson,2025-07-28/2025-08-03,67,0,0,False
rihanna,2025-07-28/2025-08-03,102,0,0,False
taylor swift,2025-07-28/2025-08-03,15,0,0,False
the weeknd,2025-07-28/2025-08-03,27,0,0,False
adele,2025-08-04/2025-08-10,146,0,0,False
beyonce,2025-08-04/2025-08-10,169,0,0,False
bruno mars,2025-08-04/2025-08-10,8,0,16,False
eminem,2025-08-04/2025-08-10,136,0,0,False
lady gaga,2025-08-04/2025-08-10,8,0,14,False
michael jackson,2025-08-04/2025-08-10,87,0,0,False
rihanna,2025-08-04/2025-08-10,93,0,0,False
taylor swift,2025-08-04/2025-08-10,38,0,0,False
the weeknd,2025-08-04/2025-08-10,19,0,0,False
whitney houston,2025-08-04/2025-08-10,162,0,0,False
adele,2025-08-11/2025-08-17,159,0,0,False
beyonce,2025-08-11/2025-08-17,138,0,0,False
bruno mars,2025-08-11/2025-08-17,8,0,9,False
eminem,2025-08-11/2025-08-17,142,0,0,False
lady gaga,2025-08-11/2025-08-17,8,0,9,False
michael jackson,2025-08-11/2025-08-17,87,0,0,False
rihanna,2025-08-11/2025-08-17,89,0,0,False
taylor swift,2025-08-11/2025-08-17,47,0,0,False
the weeknd,2025-08-11/2025-08-17,21,0,0,False
whitney houston,2025-08-11/2025-08-17,156,0,0,False
adele,2025-08-18/2025-08-24,140,0,0,False
beyonce,2025-08-18/2025-08-24,115,0,0,False
bruno mars,2025-08-18/2025-08-24,8,0,7,False
eminem,2025-08-18/2025-08-24,109,0,0,False
lady gaga,2025-08-18/2025-08-24,8,0,7,False
michael jackson,2025-08-18/2025-08-24,69,0,0,False
rihanna,2025-08-18/2025-08-24,39,0,0,False
taylor swift,2025-08-18/2025-08-24,43,0,0,False
the weeknd,2025-08-18/2025-08-24,22,0,0,False
adele,2025-08-25/2025-08-31,121,0,0,False
beyonce,2025-08-25/2025-08-31,126,0,0,False
bruno mars,2025-08-25/2025-08-31,7,0,4,False
eminem,2025-08-25/2025-08-31,71,0,0,False
lady gaga,2025-08-25/2025-08-31,7,0,4,False
michael jackson,2025-08-25/2025-08-31,82,0,0,False
rihanna,2025-08-25/2025-08-31,24,0,0,False
taylor swift,2025-08-25/2025-08-31,27,0,0,False
the weeknd,2025-08-25/2025-08-31,23,0,0,False
whitney houston,2025-08-25/2025-08-31,199,0,0,False
adele,2025-09-01/2025-09-07,118,0,0,False
beyonce,2025-09-01/2025-09-07,139,0,0,False
bruno mars,2025-09-01/2025-09-07,10,0,2,False
eminem,2025-09-01/2025-09-07,89,0,0,False
lady gaga,2025-09-01/2025-09-07,10,0,2,False
michael jackson,2025-09-01/2025-09-07,91,0,0,False
rihanna,2025-09-01/2025-09-07,19,0,0,False
taylor swift,2025-09-01/2025-09-07,51,0,0,False
the weeknd,2025-09-01/2025-09-07,23,0,0,False
adele,2025-09-08/2025-09-14,121,0,0,False
beyonce,2025-09-08/2025-09-14,165,0,0,False
bruno mars,2025-09-08/2025-09-14,9,0,7,False
eminem,2025-09-08/2025-09-14,102,0,0,False
lady gaga,2025-09-08/2025-09-14,8,0,8,False
michael jackson,2025-09-08/2025-09-14,81,0,0,False
rihanna,2025-09-08/2025-09-14,16,0,0,False
taylor swift,2025-09-08/2025-09-14,61,0,0,False
the weeknd,2025-09-08/2025-09-14,17,0,0,False
adele,2025-09-15/2025-09-21,136,0,0,False
beyonce,2025-09-15/2025-09-21,186,0,0,False
bruno mars,2025-09-15/2025-09-21,8,0,7,False
eminem,2025-09-15/2025-09-21,100,0,0,False
lady gaga,2025-09-15/2025-09-21,8,0,7,False
michael jackson,2025-09-15/2025-09-21,77,0,0,False
rihanna,2025-09-15/2025-09-21,13,0,0,False
taylor swift,2025-09-15/2025-09-21,65,0,0,False
the weeknd,2025-09-15/2025-09-21,16,0,0,False
adele,2025-09-22/2025-09-28,115,0,0,False
bruno mars,2025-09-22/2025-09-28,7,0,7,False
eminem,2025-09-22/2025-09-28,87,0,0,False
lady gaga,2025-09-22/2025-09-28,7,0,7,False
michael jackson,2025-09-22/2025-09-28,75,0,0,False
rihanna,2025-09-22/2025-09-28,14,0,0,False
taylor swift,2025-09-22/2025-09-28,64,0,0,False
the weeknd,2025-09-22/2025-09-28,14,0,0,False
adele,2025-09-29/2025-10-05,107,0,0,False
bruno mars,2025-09-29/2025-10-05,7,0,5,False
eminem,2025-09-29/2025-10-05,80,0,0,False
lady gaga,2025-09-29/2025-10-05,7,0,5,False
michael jackson,2025-09-29/2025-10-05,65,0,0,False
rihanna,2025-09-29/2025-10-05,19,0,0,False
taylor swift,2025-09-29/2025-10-05,1,69,685,True
the weeknd,2025-09-29/2025-10-05,15,0,0,False
adele,2025-10-06/2025-10-12,120,0,0,False
bruno mars,2025-10-06/2025-10-12,14,0,0,False
eminem,2025-10-06/2025-10-12,76,0,0,False
lady gaga,2025-10-06/2025-10-12,14,0,0,False
michael jackson,2025-10-06/2025-10-12,65,0,0,False
rihanna,2025-10-06/2025-10-12,31,0,0,False
taylor swift,2025-10-06/2025-10-12,1,129,989,True
the weeknd,2025-10-06/2025-10-12,24,0,0,False
adele,2025-10-13/2025-10-19,113,0,0,False
bruno mars,2025-10-13/2025-10-19,11,0,0,False
eminem,2025-10-13/2025-10-19,78,0,0,False
lady gaga,2025-10-13/2025-10-19,11,0,0,False
michael jackson,2025-10-13/2025-10-19,52,0,0,False
rihanna,2025-10-13/2025-10-19,33,0,0,False
taylor swift,2025-10-13/2025-10-19,1,113,565,True
the weeknd,2025-10-13/2025-10-19,19,0,0,False
adele,2025-10-20/2025-10-26,112,0,0,False
beyonce,2025-10-20/2025-10-26,163,0,0,False
bruno mars,2025-10-20/2025-10-26,8,0,4,False
eminem,2025-10-20/2025-10-26,65,0,0,False
lady gaga,2025-10-20/2025-10-26,8,0,4,False
michael jackson,2025-10-20/2025-10-26,42,0,0,False
rihanna,2025-10-20/2025-10-26,28,0,0,False
taylor swift,2025-10-20/2025-10-26,1,93,373,True
the weeknd,2025-10-20/2025-10-26,17,0,0,False
adele,2025-10-27/2025-11-02,112,0,0,False
beyonce,2025-10-27/2025-11-02,181,0,0,False
bruno mars,2025-10-27/2025-11-02,7,0,6,False
eminem,2025-10-27/2025-11-02,72,0,0,False
lady gaga,2025-10-27/2025-11-02,7,0,6,False
michael jackson,2025-10-27/2025-11-02,4,0,7,False
rihanna,2025-10-27/2025-11-02,18,0,0,False
taylor swift,2025-10-27/2025-11-02,1,73,310,True
the weeknd,2025-10-27/2025-11-02,15,0,0,False
adele,2025-11-03/2025-11-09,116,0,0,False
bruno mars,2025-11-03/2025-11-09,7,0,6,False
eminem,2025-11-03/2025-11-09,76,0,0,False
lady gaga,2025-11-03/2025-11-09,7,0,6,False
michael jackson,2025-11-03/2025-11-09,52,0,0,False
rihanna,2025-11-03/2025-11-09,54,0,0,False
taylor swift,2025-11-03/2025-11-09,1,82,311,True
the weeknd,2025-11-03/2025-11-09,3,0,1,False
adele,2025-11-10/2025-11-16,118,0,0,False
bruno mars,2025-11-10/2025-11-16,10,0,3,False
elvis presley,2025-11-10/2025-11-16,100,0,0,False
eminem,2025-11-10/2025-11-16,74,0,0,False
lady gaga,2025-11-10/2025-11-16,10,0,3,False
michael jackson,2025-11-10/2025-11-16,35,0,0,False
rihanna,2025-11-10/2025-11-16,45,0,0,False
taylor swift,2025-11-10/2025-11-16,1,73,263,True
the weeknd,2025-11-10/2025-11-16,19,0,0,False
adele,2025-11-17/2025-11-23,103,0,0,False
bruno mars,2025-11-17/2025-11-23,8,0,5,False
elvis presley,2025-11-17/2025-11-23,58,0,0,False
eminem,2025-11-17/2025-11-23,69,0,0,False
lady gaga,2025-11-17/2025-11-23,8,0,5,False
michael jackson,2025-11-17/2025-11-23,41,0,0,False
rihanna,2025-11-17/2025-11-23,50,0,0,False
taylor swift,2025-11-17/2025-11-23,1,54,235,True
the weeknd,2025-11-17/2025-11-23,18,0,0,False
adele,2025-11-24/2025-11-30,131,0,0,False
bruno mars,2025-11-24/2025-11-30,8,0,3,False
elvis presley,2025-11-24/2025-11-30,27,0,0,False
eminem,2025-11-24/2025-11-30,82,0,0,False
lady gaga,2025-11-24/2025-11-30,10,0,1,False
michael jackson,2025-11-24/2025-11-30,82,0,0,False
rihanna,2025-11-24/2025-11-30,59,0,0,False
taylor swift,2025-11-24/2025-11-30,1,35,211,True
the weeknd,2025-11-24/2025-11-30,19,0,0,False
adele,2025-12-01/2025-12-07,124,0,0,False
bruno mars,2025-12-01/2025-12-07,12,0,0,False
elvis presley,2025-12-01/2025-12-07,25,0,0,False
eminem,2025-12-01/2025-12-07,80,0,0,False
lady gaga,2025-12-01/2025-12-07,13,0,0,False
michael jackson,2025-12-01/2025-12-07,111,0,0,False
rihanna,2025-12-01/2025-12-07,59,0,0,False
taylor swift,2025-12-01/2025-12-07,1,20,138,True
the weeknd,2025-12-01/2025-12-07,18,0,0,False
adele,2025-12-08/2025-12-14,123,0,0,False
bruno mars,2025-12-08/2025-12-14,17,0,0,False
elvis presley,2025-12-08/2025-12-14,25,0,0,False
eminem,2025-12-08/2025-12-14,75,0,0,False
lady gaga,2025-12-08/2025-12-14,17,0,0,False
michael jackson,2025-12-08/2025-12-14,87,0,0,False
rihanna,2025-12-08/2025-12-14,66,0,0,False
taylor swift,2025-12-08/2025-12-14,1,20,151,True
the weeknd,2025-12-08/2025-12-14,19,0,0,False
adele,2025-12-15/2025-12-21,138,0,0,False
bruno mars,2025-12-15/2025-12-21,18,0,0,False
elvis presley,2025-12-15/2025-12-21,24,0,0,False
eminem,2025-12-15/2025-12-21,87,0,0,False
lady gaga,2025-12-15/2025-12-21,18,0,0,False
michael jackson,2025-12-15/2025-12-21,99,0,0,False
rihanna,2025-12-15/2025-12-21,64,0,0,False
taylor swift,2025-12-15/2025-12-21,1,15,125,True
the weeknd,2025-12-15/2025-12-21,21,0,0,False
adele,2025-12-22/2025-12-28,147,0,0,False
bruno mars,2025-12-22/2025-12-28,11,0,0,False
elvis presley,2025-12-22/2025-12-28,19,0,0,False
eminem,2025-12-22/2025-12-28,81,0,0,False
lady gaga,2025-12-22/2025-12-28,11,0,0,False
michael jackson,2025-12-22/2025-12-28,55,0,0,False
rihanna,2025-12-22/2025-12-28,60,0,0,False
taylor swift,2025-12-22/2025-12-28,1,29,104,True
the weeknd,2025-12-22/2025-12-28,22,0,0,False
whitney houston,2025-12-22/2025-12-28,124,0,0,False
adele,2025-12-29/2026-01-04,142,0,0,False
beyonce,2025-12-29/2026-01-04,28,0,0,False
bruno mars,2025-12-29/2026-01-04,9,0,3,False
eminem,2025-12-29/2026-01-04,63,0,0,False
lady gaga,2025-12-29/2026-01-04,11,0,0,False
michael jackson,2025-12-29/2026-01-04,41,0,0,False
rihanna,2025-12-29/2026-01-04,16,0,0,False
taylor swift,2025-12-29/2026-01-04,1,50,195,True
the weeknd,2025-12-29/2026-01-04,21,0,0,False
whitney houston,2025-12-29/2026-01-04,9,0,1,False
adele,2026-01-05/2026-01-11,136,0,0,False
bruno mars,2026-01-05/2026-01-11,1,1,16,True
eminem,2026-01-05/2026-01-11,73,0,0,False
lady gaga,2026-01-05/2026-01-11,9,0,1,False
michael jackson,2026-01-05/2026-01-11,63,0,0,False
rihanna,2026-01-05/2026-01-11,40,0,0,False
taylor swift,2026-01-05/2026-01-11,1,12,198,True
the weeknd,2026-01-05/2026-01-11,20,0,0,False
whitney houston,2026-01-05/2026-01-11,173,0,0,False
adele,2026-01-12/2026-01-18,157,0,0,False
bruno mars,2026-01-12/2026-01-18,1,11,65,True
eminem,2026-01-12/2026-01-18,71,0,0,False
lady gaga,2026-01-12/2026-01-18,8,0,1,False
michael jackson,2026-01-12/2026-01-18,75,0,0,False
rihanna,2026-01-12/2026-01-18,47,0,0,False
taylor swift,2026-01-12/2026-01-18,1,5,178,True
the weeknd,2026-01-12/2026-01-18,25,0,0,False
adele,2026-01-19/2026-01-25,159,0,0,False
bruno mars,2026-01-19/2026-01-25,1,4,72,True
eminem,2026-01-19/2026-01-25,84,0,0,False
lady gaga,2026-01-19/2026-01-25,13,0,0,False
michael jackson,2026-01-19/2026-01-25,72,0,0,False
rihanna,2026-01-19/2026-01-25,49,0,0,False
taylor swift,2026-01-19/2026-01-25,2,0,167,False
the weeknd,2026-01-19/2026-01-25,26,0,0,False
adele,2026-01-26/2026-02-01,155,0,0,False
bruno mars,2026-01-26/2026-02-01,2,0,47,False
eminem,2026-01-26/2026-02-01,73,0,0,False
lady gaga,2026-01-26/2026-02-01,15,0,0,False
michael jackson,2026-01-26/2026-02-01,65,0,0,False
rihanna,2026-01-26/2026-02-01,45,0,0,False
taylor swift,2026-01-26/2026-02-01,2,0,149,False
the weeknd,2026-01-26/2026-02-01,27,0,0,False
adele,2026-02-02/2026-02-08,124,0,0,False
bruno mars,2026-02-02/2026-02-08,2,0,24,False
eminem,2026-02-02/2026-02-08,69,0,0,False
lady gaga,2026-02-02/2026-02-08,15,0,0,False
michael jackson,2026-02-02/2026-02-08,57,0,0,False
rihanna,2026-02-02/2026-02-08,41,0,0,False
taylor swift,2026-02-02/2026-02-08,2,0,149,False
the weeknd,2026-02-02/2026-02-08,29,0,0,False
adele,2026-02-09/2026-02-15,149,0,0,False
beyonce,2026-02-09/2026-02-15,189,0,0,False
bruno mars,2026-02-09/2026-02-15,5,0,7,False
elvis presley,2026-02-09/2026-02-15,140,0,0,False
eminem,2026-02-09/2026-02-15,85,0,0,False
lady gaga,2026-02-09/2026-02-15,17,0,0,False
michael jackson,2026-02-09/2026-02-15,57,0,0,False
rihanna,2026-02-09/2026-02-15,40,0,0,False
taylor swift,2026-02-09/2026-02-15,3,0,91,False
the weeknd,2026-02-09/2026-02-15,24,0,0,False
adele,2026-02-16/2026-02-22,154,0,0,False
beyonce,2026-02-16/2026-02-22,194,0,0,False
bruno mars,2026-02-16/2026-02-22,2,0,11,False
eminem,2026-02-16/2026-02-22,84,0,0,False
lady gaga,2026-02-16/2026-02-22,16,0,0,False
michael jackson,2026-02-16/2026-02-22,54,0,0,False
rihanna,2026-02-16/2026-02-22,40,0,0,False
taylor swift,2026-02-16/2026-02-22,3,0,89,False
the weeknd,2026-02-16/2026-02-22,34,0,0,False
adele,2026-02-23/2026-03-01,100,0,0,False
bruno mars,2026-02-23/2026-03-01,1,5,48,True
eminem,2026-02-23/2026-03-01,77,0,0,False
lady gaga,2026-02-23/2026-03-01,18,0,0,False
michael jackson,2026-02-23/2026-03-01,46,0,0,False
rihanna,2026-02-23/2026-03-01,39,0,0,False
taylor swift,2026-02-23/2026-03-01,2,0,81,False
the weeknd,2026-02-23/2026-03-01,30,0,0,False
adele,2026-03-02/2026-03-08,104,0,0,False
bruno mars,2026-03-02/2026-03-08,1,12,87,True
eminem,2026-03-02/2026-03-08,93,0,0,False
lady gaga,2026-03-02/2026-03-08,17,0,0,False
michael jackson,2026-03-02/2026-03-08,61,0,0,False
rihanna,2026-03-02/2026-03-08,38,0,0,False
taylor swift,2026-03-02/2026-03-08,5,0,64,False
the weeknd,2026-03-02/2026-03-08,32,0,0,False
adele,2026-03-09/2026-03-15,111,0,0,False
bruno mars,2026-03-09/2026-03-15,1,8,76,True
eminem,2026-03-09/2026-03-15,86,0,0,False
lady gaga,2026-03-09/2026-03-15,17,0,0,False
michael jackson,2026-03-09/2026-03-15,45,0,0,False
rihanna,2026-03-09/2026-03-15,32,0,0,False
taylor swift,2026-03-09/2026-03-15,4,0,62,False
the weeknd,2026-03-09/2026-03-15,28,0,0,False
adele,2026-03-16/2026-03-22,118,0,0,False
bruno mars,2026-03-16/2026-03-22,1,3,59,True
eminem,2026-03-16/2026-03-22,93,0,0,False
lady gaga,2026-03-16/2026-03-22,18,0,0,False
michael jackson,2026-03-16/2026-03-22,70,0,0,False
rihanna,2026-03-16/2026-03-22,33,0,0,False
taylor swift,2026-03-16/2026-03-22,5,0,44,False
the weeknd,2026-03-16/2026-03-22,29,0,0,False
adele,2026-03-23/2026-03-29,117,0,0,False
bruno mars,2026-03-23/2026-03-29,1,6,58,True
eminem,2026-03-23/2026-03-29,98,0,0,False
lady gaga,2026-03-23/2026-03-29,18,0,0,False
michael jackson,2026-03-23/2026-03-29,48,0,0,False
rihanna,2026-03-23/2026-03-29,37,0,0,False
taylor swift,2026-03-23/2026-03-29,6,0,24,False
the weeknd,2026-03-23/2026-03-29,46,0,0,False
adele,2026-03-30/2026-04-05,114,0,0,False
bruno mars,2026-03-30/2026-04-05,1,7,54,True
eminem,2026-03-30/2026-04-05,105,0,0,False
lady gaga,2026-03-30/2026-04-05,25,0,0,False
michael jackson,2026-03-30/2026-04-05,35,0,0,False
rihanna,2026-03-30/2026-04-05,27,0,0,False
taylor swift,2026-03-30/2026-04-05,8,0,25,False
the weeknd,2026-03-30/2026-04-05,39,0,0,False
adele,2026-04-06/2026-04-12,111,0,0,False
bruno mars,2026-04-06/2026-04-12,1,7,56,True
eminem,2026-04-06/2026-04-12,83,0,0,False
lady gaga,2026-04-06/2026-04-12,20,0,0,False
michael jackson,2026-04-06/2026-04-12,41,0,0,False
rihanna,2026-04-06/2026-04-12,27,0,0,False
taylor swift,2026-04-06/2026-04-12,7,0,11,False
the weeknd,2026-04-06/2026-04-12,32,0,0,False
adele,2026-04-13/2026-04-19,113,0,0,False
bruno mars,2026-04-13/2026-04-19,1,7,51,True
eminem,2026-04-13/2026-04-19,86,0,0,False
lady gaga,2026-04-13/2026-04-19,24,0,0,False
michael jackson,2026-04-13/2026-04-19,43,0,0,False
rihanna,2026-04-13/2026-04-19,40,0,0,False
taylor swift,2026-04-13/2026-04-19,9,0,3,False
the weeknd,2026-04-13/2026-04-19,35,0,0,False
adele,2026-04-20/2026-04-26,104,0,0,False
bruno mars,2026-04-20/2026-04-26,1,4,42,True
eminem,2026-04-20/2026-04-26,98,0,0,False
lady gaga,2026-04-20/2026-04-26,29,0,0,False
michael jackson,2026-04-20/2026-04-26,3,0,9,False
rihanna,2026-04-20/2026-04-26,41,0,0,False
taylor swift,2026-04-20/2026-04-26,10,0,2,False
the weeknd,2026-04-20/2026-04-26,44,0,0,False
adele,2026-04-27/2026-05-03,108,0,0,False
beyonce,2026-04-27/2026-05-03,195,0,0,False
bruno mars,2026-04-27/2026-05-03,1,4,33,True
eminem,2026-04-27/2026-05-03,75,0,0,False
lady gaga,2026-04-27/2026-05-03,18,0,0,False
michael jackson,2026-04-27/2026-05-03,2,0,120,False
rihanna,2026-04-27/2026-05-03,32,0,0,False
taylor swift,2026-04-27/2026-05-03,10,0,1,False
the weeknd,2026-04-27/2026-05-03,41,0,0,False
adele,2026-05-04/2026-05-10,97,0,0,False
beyonce,2026-05-04/2026-05-10,155,0,0,False
bruno mars,2026-05-04/2026-05-10,1,4,27,True
eminem,2026-05-04/2026-05-10,94,0,0,False
lady gaga,2026-05-04/2026-05-10,15,0,0,False
michael jackson,2026-05-04/2026-05-10,1,3,273,True
rihanna,2026-05-04/2026-05-10,34,0,0,False
taylor swift,2026-05-04/2026-05-10,8,0,6,False
the weeknd,2026-05-04/2026-05-10,36,0,0,False
adele,2026-05-11/2026-05-17,98,0,0,False
beyonce,2026-05-11/2026-05-17,162,0,0,False
bruno mars,2026-05-11/2026-05-17,1,3,24,True
eminem,2026-05-11/2026-05-17,88,0,0,False
lady gaga,2026-05-11/2026-05-17,14,0,0,False
michael jackson,2026-05-11/2026-05-17,1,14,306,True
rihanna,2026-05-11/2026-05-17,46,0,0,False
taylor swift,2026-05-11/2026-05-17,12,0,0,False
the weeknd,2026-05-11/2026-05-17,29,0,0,False
adele,2026-05-18/2026-05-24,101,0,0,False
beyonce,2026-05-18/2026-05-24,156,0,0,False
bruno mars,2026-05-18/2026-05-24,1,3,21,True
eminem,2026-05-18/2026-05-24,128,0,0,False
lady gaga,2026-05-18/2026-05-24,13,0,0,False
michael jackson,2026-05-18/2026-05-24,1,19,280,True
rihanna,2026-05-18/2026-05-24,36,0,0,False
taylor swift,2026-05-18/2026-05-24,17,0,0,False
the beatles,2026-05-18/2026-05-24,177,0,0,False
the weeknd,2026-05-18/2026-05-24,19,0,0,False
whitney houston,2026-05-18/2026-05-24,189,0,0,False
adele,2026-05-25/2026-05-31,123,0,0,False
beyonce,2026-05-25/2026-05-31,156,0,0,False
bruno mars,2026-05-25/2026-05-31,1,3,11,True
eminem,2026-05-25/2026-05-31,169,0,0,False
lady gaga,2026-05-25/2026-05-31,22,0,0,False
michael jackson,2026-05-25/2026-05-31,1,4,133,True
rihanna,2026-05-25/2026-05-31,45,0,0,False
taylor swift,2026-05-25/2026-05-31,19,0,0,False
the beatles,2026-05-25/2026-05-31,194,0,0,False
the weeknd,2026-05-25/2026-05-31,38,0,0,False
